REFDES;COMP_VALUE;SYM_NAME;SYM_TYPE;SYM_X;SYM_Y;SYM_CENTER_X;SYM_CENTER_Y;SYM_ROTATE;SYM_MIRROR;COMPONENT_ID
C143;1nF;C_0201_0603Metric;;27.545.000;103.035.000;;;180.000.000;YES;26088
C143;1nF;C_0201_0603Metric;;27.545.000;61.035.000;;;180.000.000;YES;26088
C143;1nF;C_0201_0603Metric;;62.085.000;145.035.000;;;180.000.000;YES;26088
C143;1nF;C_0201_0603Metric;;96.625.000;19.035.000;;;180.000.000;YES;26088
C143;1nF;C_0201_0603Metric;;131.165.000;103.035.000;;;180.000.000;YES;26088
C143;1nF;C_0201_0603Metric;;62.085.000;19.035.000;;;180.000.000;YES;26088
C143;1nF;C_0201_0603Metric;;96.625.000;103.035.000;;;180.000.000;YES;26088
C143;1nF;C_0201_0603Metric;;62.085.000;103.035.000;;;180.000.000;YES;26088
C143;1nF;C_0201_0603Metric;;131.165.000;19.035.000;;;180.000.000;YES;26088
C143;1nF;C_0201_0603Metric;;27.545.000;19.035.000;;;180.000.000;YES;26088
C143;1nF;C_0201_0603Metric;;131.165.000;61.035.000;;;180.000.000;YES;26088
C143;1nF;C_0201_0603Metric;;62.085.000;61.035.000;;;180.000.000;YES;26088
C143;1nF;C_0201_0603Metric;;131.165.000;145.035.000;;;180.000.000;YES;26088
C143;1nF;C_0201_0603Metric;;96.625.000;145.035.000;;;180.000.000;YES;26088
C143;1nF;C_0201_0603Metric;;96.625.000;61.035.000;;;180.000.000;YES;26088
C143;1nF;C_0201_0603Metric;;27.545.000;145.035.000;;;180.000.000;YES;26088
C144;100nF;C_0201_0603Metric;;98.075.000;18.495.000;;;180.000.000;YES;26069
C144;100nF;C_0201_0603Metric;;98.075.000;144.495.000;;;180.000.000;YES;26069
C144;100nF;C_0201_0603Metric;;98.075.000;102.495.000;;;180.000.000;YES;26069
C144;100nF;C_0201_0603Metric;;28.995.000;18.495.000;;;180.000.000;YES;26069
C144;100nF;C_0201_0603Metric;;132.615.000;102.495.000;;;180.000.000;YES;26069
C144;100nF;C_0201_0603Metric;;63.535.000;18.495.000;;;180.000.000;YES;26069
C144;100nF;C_0201_0603Metric;;63.535.000;60.495.000;;;180.000.000;YES;26069
C144;100nF;C_0201_0603Metric;;28.995.000;102.495.000;;;180.000.000;YES;26069
C144;100nF;C_0201_0603Metric;;132.615.000;18.495.000;;;180.000.000;YES;26069
C144;100nF;C_0201_0603Metric;;28.995.000;60.495.000;;;180.000.000;YES;26069
C144;100nF;C_0201_0603Metric;;63.535.000;102.495.000;;;180.000.000;YES;26069
C144;100nF;C_0201_0603Metric;;63.535.000;144.495.000;;;180.000.000;YES;26069
C144;100nF;C_0201_0603Metric;;132.615.000;144.495.000;;;180.000.000;YES;26069
C144;100nF;C_0201_0603Metric;;28.995.000;144.495.000;;;180.000.000;YES;26069
C144;100nF;C_0201_0603Metric;;98.075.000;60.495.000;;;180.000.000;YES;26069
C144;100nF;C_0201_0603Metric;;132.615.000;60.495.000;;;180.000.000;YES;26069
C145;1pF;C_0201_0603Metric;;131.165.000;18.495.000;;;180.000.000;YES;25983
C145;1pF;C_0201_0603Metric;;131.165.000;102.495.000;;;180.000.000;YES;25983
C145;1pF;C_0201_0603Metric;;131.165.000;60.495.000;;;180.000.000;YES;25983
C145;1pF;C_0201_0603Metric;;96.625.000;18.495.000;;;180.000.000;YES;25983
C145;1pF;C_0201_0603Metric;;96.625.000;144.495.000;;;180.000.000;YES;25983
C145;1pF;C_0201_0603Metric;;62.085.000;102.495.000;;;180.000.000;YES;25983
C145;1pF;C_0201_0603Metric;;62.085.000;60.495.000;;;180.000.000;YES;25983
C145;1pF;C_0201_0603Metric;;96.625.000;102.495.000;;;180.000.000;YES;25983
C145;1pF;C_0201_0603Metric;;27.545.000;60.495.000;;;180.000.000;YES;25983
C145;1pF;C_0201_0603Metric;;62.085.000;144.495.000;;;180.000.000;YES;25983
C145;1pF;C_0201_0603Metric;;131.165.000;144.495.000;;;180.000.000;YES;25983
C145;1pF;C_0201_0603Metric;;27.545.000;18.495.000;;;180.000.000;YES;25983
C145;1pF;C_0201_0603Metric;;96.625.000;60.495.000;;;180.000.000;YES;25983
C145;1pF;C_0201_0603Metric;;62.085.000;18.495.000;;;180.000.000;YES;25983
C145;1pF;C_0201_0603Metric;;27.545.000;144.495.000;;;180.000.000;YES;25983
C145;1pF;C_0201_0603Metric;;27.545.000;102.495.000;;;180.000.000;YES;25983
C146;1nF;C_0201_0603Metric;;98.075.000;16.045.000;;;180.000.000;YES;26088
C146;1nF;C_0201_0603Metric;;63.535.000;16.045.000;;;180.000.000;YES;26088
C146;1nF;C_0201_0603Metric;;28.995.000;16.045.000;;;180.000.000;YES;26088
C146;1nF;C_0201_0603Metric;;28.995.000;100.045.000;;;180.000.000;YES;26088
C146;1nF;C_0201_0603Metric;;28.995.000;58.045.000;;;180.000.000;YES;26088
C146;1nF;C_0201_0603Metric;;98.075.000;58.045.000;;;180.000.000;YES;26088
C146;1nF;C_0201_0603Metric;;63.535.000;100.045.000;;;180.000.000;YES;26088
C146;1nF;C_0201_0603Metric;;28.995.000;142.045.000;;;180.000.000;YES;26088
C146;1nF;C_0201_0603Metric;;63.535.000;142.045.000;;;180.000.000;YES;26088
C146;1nF;C_0201_0603Metric;;132.615.000;142.045.000;;;180.000.000;YES;26088
C146;1nF;C_0201_0603Metric;;132.615.000;58.045.000;;;180.000.000;YES;26088
C146;1nF;C_0201_0603Metric;;63.535.000;58.045.000;;;180.000.000;YES;26088
C146;1nF;C_0201_0603Metric;;132.615.000;100.045.000;;;180.000.000;YES;26088
C146;1nF;C_0201_0603Metric;;98.075.000;142.045.000;;;180.000.000;YES;26088
C146;1nF;C_0201_0603Metric;;132.615.000;16.045.000;;;180.000.000;YES;26088
C146;1nF;C_0201_0603Metric;;98.075.000;100.045.000;;;180.000.000;YES;26088
C147;1pF;C_0201_0603Metric;;96.625.000;16.045.000;;;180.000.000;YES;25983
C147;1pF;C_0201_0603Metric;;62.085.000;100.045.000;;;180.000.000;YES;25983
C147;1pF;C_0201_0603Metric;;131.165.000;142.045.000;;;180.000.000;YES;25983
C147;1pF;C_0201_0603Metric;;27.545.000;100.045.000;;;180.000.000;YES;25983
C147;1pF;C_0201_0603Metric;;27.545.000;16.045.000;;;180.000.000;YES;25983
C147;1pF;C_0201_0603Metric;;96.625.000;142.045.000;;;180.000.000;YES;25983
C147;1pF;C_0201_0603Metric;;131.165.000;58.045.000;;;180.000.000;YES;25983
C147;1pF;C_0201_0603Metric;;96.625.000;58.045.000;;;180.000.000;YES;25983
C147;1pF;C_0201_0603Metric;;131.165.000;16.045.000;;;180.000.000;YES;25983
C147;1pF;C_0201_0603Metric;;131.165.000;100.045.000;;;180.000.000;YES;25983
C147;1pF;C_0201_0603Metric;;62.085.000;16.045.000;;;180.000.000;YES;25983
C147;1pF;C_0201_0603Metric;;62.085.000;58.045.000;;;180.000.000;YES;25983
C147;1pF;C_0201_0603Metric;;27.545.000;58.045.000;;;180.000.000;YES;25983
C147;1pF;C_0201_0603Metric;;62.085.000;142.045.000;;;180.000.000;YES;25983
C147;1pF;C_0201_0603Metric;;96.625.000;100.045.000;;;180.000.000;YES;25983
C147;1pF;C_0201_0603Metric;;27.545.000;142.045.000;;;180.000.000;YES;25983
C148;1nF;C_0201_0603Metric;;83.825.000;107.265.000;;;180.000.000;YES;26088
C148;1nF;C_0201_0603Metric;;14.745.000;23.265.000;;;180.000.000;YES;26088
C148;1nF;C_0201_0603Metric;;83.825.000;149.265.000;;;180.000.000;YES;26088
C148;1nF;C_0201_0603Metric;;14.745.000;107.265.000;;;180.000.000;YES;26088
C148;1nF;C_0201_0603Metric;;49.285.000;149.265.000;;;180.000.000;YES;26088
C148;1nF;C_0201_0603Metric;;118.365.000;65.265.000;;;180.000.000;YES;26088
C148;1nF;C_0201_0603Metric;;49.285.000;65.265.000;;;180.000.000;YES;26088
C148;1nF;C_0201_0603Metric;;14.745.000;65.265.000;;;180.000.000;YES;26088
C148;1nF;C_0201_0603Metric;;118.365.000;107.265.000;;;180.000.000;YES;26088
C148;1nF;C_0201_0603Metric;;49.285.000;107.265.000;;;180.000.000;YES;26088
C148;1nF;C_0201_0603Metric;;83.825.000;23.265.000;;;180.000.000;YES;26088
C148;1nF;C_0201_0603Metric;;49.285.000;23.265.000;;;180.000.000;YES;26088
C148;1nF;C_0201_0603Metric;;83.825.000;65.265.000;;;180.000.000;YES;26088
C148;1nF;C_0201_0603Metric;;14.745.000;149.265.000;;;180.000.000;YES;26088
C148;1nF;C_0201_0603Metric;;118.365.000;149.265.000;;;180.000.000;YES;26088
C148;1nF;C_0201_0603Metric;;118.365.000;23.265.000;;;180.000.000;YES;26088
C149;100nF;C_0201_0603Metric;;16.195.000;106.725.000;;;180.000.000;YES;26069
C149;100nF;C_0201_0603Metric;;85.275.000;22.725.000;;;180.000.000;YES;26069
C149;100nF;C_0201_0603Metric;;119.815.000;64.725.000;;;180.000.000;YES;26069
C149;100nF;C_0201_0603Metric;;50.735.000;148.725.000;;;180.000.000;YES;26069
C149;100nF;C_0201_0603Metric;;50.735.000;64.725.000;;;180.000.000;YES;26069
C149;100nF;C_0201_0603Metric;;85.275.000;64.725.000;;;180.000.000;YES;26069
C149;100nF;C_0201_0603Metric;;16.195.000;148.725.000;;;180.000.000;YES;26069
C149;100nF;C_0201_0603Metric;;119.815.000;106.725.000;;;180.000.000;YES;26069
C149;100nF;C_0201_0603Metric;;16.195.000;64.725.000;;;180.000.000;YES;26069
C149;100nF;C_0201_0603Metric;;16.195.000;22.725.000;;;180.000.000;YES;26069
C149;100nF;C_0201_0603Metric;;119.815.000;22.725.000;;;180.000.000;YES;26069
C149;100nF;C_0201_0603Metric;;119.815.000;148.725.000;;;180.000.000;YES;26069
C149;100nF;C_0201_0603Metric;;85.275.000;106.725.000;;;180.000.000;YES;26069
C149;100nF;C_0201_0603Metric;;50.735.000;106.725.000;;;180.000.000;YES;26069
C149;100nF;C_0201_0603Metric;;50.735.000;22.725.000;;;180.000.000;YES;26069
C149;100nF;C_0201_0603Metric;;85.275.000;148.725.000;;;180.000.000;YES;26069
C150;1pF;C_0201_0603Metric;;118.365.000;106.725.000;;;180.000.000;YES;25983
C150;1pF;C_0201_0603Metric;;14.745.000;64.725.000;;;180.000.000;YES;25983
C150;1pF;C_0201_0603Metric;;14.745.000;106.725.000;;;180.000.000;YES;25983
C150;1pF;C_0201_0603Metric;;83.825.000;106.725.000;;;180.000.000;YES;25983
C150;1pF;C_0201_0603Metric;;118.365.000;22.725.000;;;180.000.000;YES;25983
C150;1pF;C_0201_0603Metric;;83.825.000;64.725.000;;;180.000.000;YES;25983
C150;1pF;C_0201_0603Metric;;49.285.000;22.725.000;;;180.000.000;YES;25983
C150;1pF;C_0201_0603Metric;;83.825.000;22.725.000;;;180.000.000;YES;25983
C150;1pF;C_0201_0603Metric;;118.365.000;148.725.000;;;180.000.000;YES;25983
C150;1pF;C_0201_0603Metric;;118.365.000;64.725.000;;;180.000.000;YES;25983
C150;1pF;C_0201_0603Metric;;49.285.000;148.725.000;;;180.000.000;YES;25983
C150;1pF;C_0201_0603Metric;;14.745.000;148.725.000;;;180.000.000;YES;25983
C150;1pF;C_0201_0603Metric;;14.745.000;22.725.000;;;180.000.000;YES;25983
C150;1pF;C_0201_0603Metric;;49.285.000;64.725.000;;;180.000.000;YES;25983
C150;1pF;C_0201_0603Metric;;83.825.000;148.725.000;;;180.000.000;YES;25983
C150;1pF;C_0201_0603Metric;;49.285.000;106.725.000;;;180.000.000;YES;25983
C151;1nF;C_0201_0603Metric;;85.275.000;62.275.000;;;180.000.000;YES;26088
C151;1nF;C_0201_0603Metric;;16.195.000;20.275.000;;;180.000.000;YES;26088
C151;1nF;C_0201_0603Metric;;119.815.000;104.275.000;;;180.000.000;YES;26088
C151;1nF;C_0201_0603Metric;;16.195.000;62.275.000;;;180.000.000;YES;26088
C151;1nF;C_0201_0603Metric;;50.735.000;104.275.000;;;180.000.000;YES;26088
C151;1nF;C_0201_0603Metric;;50.735.000;62.275.000;;;180.000.000;YES;26088
C151;1nF;C_0201_0603Metric;;50.735.000;20.275.000;;;180.000.000;YES;26088
C151;1nF;C_0201_0603Metric;;85.275.000;104.275.000;;;180.000.000;YES;26088
C151;1nF;C_0201_0603Metric;;119.815.000;62.275.000;;;180.000.000;YES;26088
C151;1nF;C_0201_0603Metric;;119.815.000;146.275.000;;;180.000.000;YES;26088
C151;1nF;C_0201_0603Metric;;16.195.000;146.275.000;;;180.000.000;YES;26088
C151;1nF;C_0201_0603Metric;;119.815.000;20.275.000;;;180.000.000;YES;26088
C151;1nF;C_0201_0603Metric;;85.275.000;20.275.000;;;180.000.000;YES;26088
C151;1nF;C_0201_0603Metric;;50.735.000;146.275.000;;;180.000.000;YES;26088
C151;1nF;C_0201_0603Metric;;16.195.000;104.275.000;;;180.000.000;YES;26088
C151;1nF;C_0201_0603Metric;;85.275.000;146.275.000;;;180.000.000;YES;26088
C152;1pF;C_0201_0603Metric;;14.745.000;20.275.000;;;180.000.000;YES;25983
C152;1pF;C_0201_0603Metric;;83.825.000;20.275.000;;;180.000.000;YES;25983
C152;1pF;C_0201_0603Metric;;118.365.000;20.275.000;;;180.000.000;YES;25983
C152;1pF;C_0201_0603Metric;;83.825.000;146.275.000;;;180.000.000;YES;25983
C152;1pF;C_0201_0603Metric;;118.365.000;62.275.000;;;180.000.000;YES;25983
C152;1pF;C_0201_0603Metric;;83.825.000;104.275.000;;;180.000.000;YES;25983
C152;1pF;C_0201_0603Metric;;49.285.000;146.275.000;;;180.000.000;YES;25983
C152;1pF;C_0201_0603Metric;;83.825.000;62.275.000;;;180.000.000;YES;25983
C152;1pF;C_0201_0603Metric;;14.745.000;146.275.000;;;180.000.000;YES;25983
C152;1pF;C_0201_0603Metric;;118.365.000;104.275.000;;;180.000.000;YES;25983
C152;1pF;C_0201_0603Metric;;14.745.000;104.275.000;;;180.000.000;YES;25983
C152;1pF;C_0201_0603Metric;;49.285.000;20.275.000;;;180.000.000;YES;25983
C152;1pF;C_0201_0603Metric;;14.745.000;62.275.000;;;180.000.000;YES;25983
C152;1pF;C_0201_0603Metric;;118.365.000;146.275.000;;;180.000.000;YES;25983
C152;1pF;C_0201_0603Metric;;49.285.000;62.275.000;;;180.000.000;YES;25983
C152;1pF;C_0201_0603Metric;;49.285.000;104.275.000;;;180.000.000;YES;25983
C153;1nF;C_0201_0603Metric;;134.365.000;19.035.000;;;180.000.000;YES;26088
C153;1nF;C_0201_0603Metric;;30.745.000;145.035.000;;;180.000.000;YES;26088
C153;1nF;C_0201_0603Metric;;65.285.000;145.035.000;;;180.000.000;YES;26088
C153;1nF;C_0201_0603Metric;;65.285.000;19.035.000;;;180.000.000;YES;26088
C153;1nF;C_0201_0603Metric;;99.825.000;19.035.000;;;180.000.000;YES;26088
C153;1nF;C_0201_0603Metric;;30.745.000;103.035.000;;;180.000.000;YES;26088
C153;1nF;C_0201_0603Metric;;134.365.000;145.035.000;;;180.000.000;YES;26088
C153;1nF;C_0201_0603Metric;;30.745.000;61.035.000;;;180.000.000;YES;26088
C153;1nF;C_0201_0603Metric;;134.365.000;103.035.000;;;180.000.000;YES;26088
C153;1nF;C_0201_0603Metric;;65.285.000;103.035.000;;;180.000.000;YES;26088
C153;1nF;C_0201_0603Metric;;99.825.000;103.035.000;;;180.000.000;YES;26088
C153;1nF;C_0201_0603Metric;;134.365.000;61.035.000;;;180.000.000;YES;26088
C153;1nF;C_0201_0603Metric;;30.745.000;19.035.000;;;180.000.000;YES;26088
C153;1nF;C_0201_0603Metric;;65.285.000;61.035.000;;;180.000.000;YES;26088
C153;1nF;C_0201_0603Metric;;99.825.000;61.035.000;;;180.000.000;YES;26088
C153;1nF;C_0201_0603Metric;;99.825.000;145.035.000;;;180.000.000;YES;26088
C154;100nF;C_0201_0603Metric;;32.195.000;102.495.000;;;180.000.000;YES;26069
C154;100nF;C_0201_0603Metric;;135.815.000;144.495.000;;;180.000.000;YES;26069
C154;100nF;C_0201_0603Metric;;101.275.000;144.495.000;;;180.000.000;YES;26069
C154;100nF;C_0201_0603Metric;;135.815.000;18.495.000;;;180.000.000;YES;26069
C154;100nF;C_0201_0603Metric;;66.735.000;18.495.000;;;180.000.000;YES;26069
C154;100nF;C_0201_0603Metric;;32.195.000;60.495.000;;;180.000.000;YES;26069
C154;100nF;C_0201_0603Metric;;135.815.000;102.495.000;;;180.000.000;YES;26069
C154;100nF;C_0201_0603Metric;;32.195.000;144.495.000;;;180.000.000;YES;26069
C154;100nF;C_0201_0603Metric;;135.815.000;60.495.000;;;180.000.000;YES;26069
C154;100nF;C_0201_0603Metric;;66.735.000;144.495.000;;;180.000.000;YES;26069
C154;100nF;C_0201_0603Metric;;101.275.000;102.495.000;;;180.000.000;YES;26069
C154;100nF;C_0201_0603Metric;;66.735.000;102.495.000;;;180.000.000;YES;26069
C154;100nF;C_0201_0603Metric;;66.735.000;60.495.000;;;180.000.000;YES;26069
C154;100nF;C_0201_0603Metric;;32.195.000;18.495.000;;;180.000.000;YES;26069
C154;100nF;C_0201_0603Metric;;101.275.000;18.495.000;;;180.000.000;YES;26069
C154;100nF;C_0201_0603Metric;;101.275.000;60.495.000;;;180.000.000;YES;26069
C155;1pF;C_0201_0603Metric;;30.745.000;144.495.000;;;180.000.000;YES;25983
C155;1pF;C_0201_0603Metric;;30.745.000;102.495.000;;;180.000.000;YES;25983
C155;1pF;C_0201_0603Metric;;30.745.000;60.495.000;;;180.000.000;YES;25983
C155;1pF;C_0201_0603Metric;;99.825.000;102.495.000;;;180.000.000;YES;25983
C155;1pF;C_0201_0603Metric;;99.825.000;144.495.000;;;180.000.000;YES;25983
C155;1pF;C_0201_0603Metric;;65.285.000;144.495.000;;;180.000.000;YES;25983
C155;1pF;C_0201_0603Metric;;65.285.000;18.495.000;;;180.000.000;YES;25983
C155;1pF;C_0201_0603Metric;;99.825.000;18.495.000;;;180.000.000;YES;25983
C155;1pF;C_0201_0603Metric;;65.285.000;60.495.000;;;180.000.000;YES;25983
C155;1pF;C_0201_0603Metric;;134.365.000;102.495.000;;;180.000.000;YES;25983
C155;1pF;C_0201_0603Metric;;134.365.000;18.495.000;;;180.000.000;YES;25983
C155;1pF;C_0201_0603Metric;;30.745.000;18.495.000;;;180.000.000;YES;25983
C155;1pF;C_0201_0603Metric;;65.285.000;102.495.000;;;180.000.000;YES;25983
C155;1pF;C_0201_0603Metric;;134.365.000;144.495.000;;;180.000.000;YES;25983
C155;1pF;C_0201_0603Metric;;99.825.000;60.495.000;;;180.000.000;YES;25983
C155;1pF;C_0201_0603Metric;;134.365.000;60.495.000;;;180.000.000;YES;25983
C156;1nF;C_0201_0603Metric;;32.195.000;58.045.000;;;180.000.000;YES;26088
C156;1nF;C_0201_0603Metric;;66.735.000;58.045.000;;;180.000.000;YES;26088
C156;1nF;C_0201_0603Metric;;101.275.000;142.045.000;;;180.000.000;YES;26088
C156;1nF;C_0201_0603Metric;;32.195.000;100.045.000;;;180.000.000;YES;26088
C156;1nF;C_0201_0603Metric;;135.815.000;16.045.000;;;180.000.000;YES;26088
C156;1nF;C_0201_0603Metric;;135.815.000;142.045.000;;;180.000.000;YES;26088
C156;1nF;C_0201_0603Metric;;32.195.000;142.045.000;;;180.000.000;YES;26088
C156;1nF;C_0201_0603Metric;;32.195.000;16.045.000;;;180.000.000;YES;26088
C156;1nF;C_0201_0603Metric;;135.815.000;58.045.000;;;180.000.000;YES;26088
C156;1nF;C_0201_0603Metric;;66.735.000;16.045.000;;;180.000.000;YES;26088
C156;1nF;C_0201_0603Metric;;101.275.000;16.045.000;;;180.000.000;YES;26088
C156;1nF;C_0201_0603Metric;;101.275.000;100.045.000;;;180.000.000;YES;26088
C156;1nF;C_0201_0603Metric;;66.735.000;100.045.000;;;180.000.000;YES;26088
C156;1nF;C_0201_0603Metric;;66.735.000;142.045.000;;;180.000.000;YES;26088
C156;1nF;C_0201_0603Metric;;101.275.000;58.045.000;;;180.000.000;YES;26088
C156;1nF;C_0201_0603Metric;;135.815.000;100.045.000;;;180.000.000;YES;26088
C157;1pF;C_0201_0603Metric;;134.365.000;100.045.000;;;180.000.000;YES;25983
C157;1pF;C_0201_0603Metric;;99.825.000;16.045.000;;;180.000.000;YES;25983
C157;1pF;C_0201_0603Metric;;65.285.000;100.045.000;;;180.000.000;YES;25983
C157;1pF;C_0201_0603Metric;;134.365.000;58.045.000;;;180.000.000;YES;25983
C157;1pF;C_0201_0603Metric;;99.825.000;100.045.000;;;180.000.000;YES;25983
C157;1pF;C_0201_0603Metric;;134.365.000;16.045.000;;;180.000.000;YES;25983
C157;1pF;C_0201_0603Metric;;30.745.000;142.045.000;;;180.000.000;YES;25983
C157;1pF;C_0201_0603Metric;;65.285.000;16.045.000;;;180.000.000;YES;25983
C157;1pF;C_0201_0603Metric;;99.825.000;142.045.000;;;180.000.000;YES;25983
C157;1pF;C_0201_0603Metric;;30.745.000;58.045.000;;;180.000.000;YES;25983
C157;1pF;C_0201_0603Metric;;30.745.000;16.045.000;;;180.000.000;YES;25983
C157;1pF;C_0201_0603Metric;;65.285.000;58.045.000;;;180.000.000;YES;25983
C157;1pF;C_0201_0603Metric;;65.285.000;142.045.000;;;180.000.000;YES;25983
C157;1pF;C_0201_0603Metric;;30.745.000;100.045.000;;;180.000.000;YES;25983
C157;1pF;C_0201_0603Metric;;134.365.000;142.045.000;;;180.000.000;YES;25983
C157;1pF;C_0201_0603Metric;;99.825.000;58.045.000;;;180.000.000;YES;25983
C158;1nF;C_0201_0603Metric;;135.815.000;73.735.000;;;0.000000;YES;26088
C158;1nF;C_0201_0603Metric;;101.275.000;31.735.000;;;0.000000;YES;26088
C158;1nF;C_0201_0603Metric;;101.275.000;73.735.000;;;0.000000;YES;26088
C158;1nF;C_0201_0603Metric;;135.815.000;31.735.000;;;0.000000;YES;26088
C158;1nF;C_0201_0603Metric;;32.195.000;31.735.000;;;0.000000;YES;26088
C158;1nF;C_0201_0603Metric;;101.275.000;115.735.000;;;0.000000;YES;26088
C158;1nF;C_0201_0603Metric;;32.195.000;73.735.000;;;0.000000;YES;26088
C158;1nF;C_0201_0603Metric;;66.735.000;73.735.000;;;0.000000;YES;26088
C158;1nF;C_0201_0603Metric;;135.815.000;115.735.000;;;0.000000;YES;26088
C158;1nF;C_0201_0603Metric;;32.195.000;157.735.000;;;0.000000;YES;26088
C158;1nF;C_0201_0603Metric;;101.275.000;157.735.000;;;0.000000;YES;26088
C158;1nF;C_0201_0603Metric;;66.735.000;157.735.000;;;0.000000;YES;26088
C158;1nF;C_0201_0603Metric;;66.735.000;115.735.000;;;0.000000;YES;26088
C158;1nF;C_0201_0603Metric;;32.195.000;115.735.000;;;0.000000;YES;26088
C158;1nF;C_0201_0603Metric;;66.735.000;31.735.000;;;0.000000;YES;26088
C158;1nF;C_0201_0603Metric;;135.815.000;157.735.000;;;0.000000;YES;26088
C159;100nF;C_0201_0603Metric;;99.825.000;74.275.000;;;0.000000;YES;26069
C159;100nF;C_0201_0603Metric;;134.365.000;158.275.000;;;0.000000;YES;26069
C159;100nF;C_0201_0603Metric;;65.285.000;32.275.000;;;0.000000;YES;26069
C159;100nF;C_0201_0603Metric;;99.825.000;116.275.000;;;0.000000;YES;26069
C159;100nF;C_0201_0603Metric;;65.285.000;74.275.000;;;0.000000;YES;26069
C159;100nF;C_0201_0603Metric;;30.745.000;74.275.000;;;0.000000;YES;26069
C159;100nF;C_0201_0603Metric;;134.365.000;32.275.000;;;0.000000;YES;26069
C159;100nF;C_0201_0603Metric;;30.745.000;158.275.000;;;0.000000;YES;26069
C159;100nF;C_0201_0603Metric;;99.825.000;32.275.000;;;0.000000;YES;26069
C159;100nF;C_0201_0603Metric;;30.745.000;116.275.000;;;0.000000;YES;26069
C159;100nF;C_0201_0603Metric;;134.365.000;74.275.000;;;0.000000;YES;26069
C159;100nF;C_0201_0603Metric;;30.745.000;32.275.000;;;0.000000;YES;26069
C159;100nF;C_0201_0603Metric;;65.285.000;116.275.000;;;0.000000;YES;26069
C159;100nF;C_0201_0603Metric;;65.285.000;158.275.000;;;0.000000;YES;26069
C159;100nF;C_0201_0603Metric;;99.825.000;158.275.000;;;0.000000;YES;26069
C159;100nF;C_0201_0603Metric;;134.365.000;116.275.000;;;0.000000;YES;26069
C160;1pF;C_0201_0603Metric;;32.195.000;158.275.000;;;0.000000;YES;25983
C160;1pF;C_0201_0603Metric;;135.815.000;158.275.000;;;0.000000;YES;25983
C160;1pF;C_0201_0603Metric;;101.275.000;74.275.000;;;0.000000;YES;25983
C160;1pF;C_0201_0603Metric;;135.815.000;116.275.000;;;0.000000;YES;25983
C160;1pF;C_0201_0603Metric;;66.735.000;74.275.000;;;0.000000;YES;25983
C160;1pF;C_0201_0603Metric;;32.195.000;32.275.000;;;0.000000;YES;25983
C160;1pF;C_0201_0603Metric;;66.735.000;116.275.000;;;0.000000;YES;25983
C160;1pF;C_0201_0603Metric;;101.275.000;32.275.000;;;0.000000;YES;25983
C160;1pF;C_0201_0603Metric;;135.815.000;32.275.000;;;0.000000;YES;25983
C160;1pF;C_0201_0603Metric;;32.195.000;116.275.000;;;0.000000;YES;25983
C160;1pF;C_0201_0603Metric;;101.275.000;116.275.000;;;0.000000;YES;25983
C160;1pF;C_0201_0603Metric;;66.735.000;32.275.000;;;0.000000;YES;25983
C160;1pF;C_0201_0603Metric;;101.275.000;158.275.000;;;0.000000;YES;25983
C160;1pF;C_0201_0603Metric;;66.735.000;158.275.000;;;0.000000;YES;25983
C160;1pF;C_0201_0603Metric;;135.815.000;74.275.000;;;0.000000;YES;25983
C160;1pF;C_0201_0603Metric;;32.195.000;74.275.000;;;0.000000;YES;25983
C161;1nF;C_0201_0603Metric;;134.365.000;76.725.000;;;0.000000;YES;26088
C161;1nF;C_0201_0603Metric;;134.365.000;34.725.000;;;0.000000;YES;26088
C161;1nF;C_0201_0603Metric;;99.825.000;76.725.000;;;0.000000;YES;26088
C161;1nF;C_0201_0603Metric;;30.745.000;160.725.000;;;0.000000;YES;26088
C161;1nF;C_0201_0603Metric;;134.365.000;118.725.000;;;0.000000;YES;26088
C161;1nF;C_0201_0603Metric;;99.825.000;160.725.000;;;0.000000;YES;26088
C161;1nF;C_0201_0603Metric;;65.285.000;160.725.000;;;0.000000;YES;26088
C161;1nF;C_0201_0603Metric;;99.825.000;118.725.000;;;0.000000;YES;26088
C161;1nF;C_0201_0603Metric;;134.365.000;160.725.000;;;0.000000;YES;26088
C161;1nF;C_0201_0603Metric;;65.285.000;76.725.000;;;0.000000;YES;26088
C161;1nF;C_0201_0603Metric;;65.285.000;34.725.000;;;0.000000;YES;26088
C161;1nF;C_0201_0603Metric;;30.745.000;76.725.000;;;0.000000;YES;26088
C161;1nF;C_0201_0603Metric;;99.825.000;34.725.000;;;0.000000;YES;26088
C161;1nF;C_0201_0603Metric;;30.745.000;118.725.000;;;0.000000;YES;26088
C161;1nF;C_0201_0603Metric;;65.285.000;118.725.000;;;0.000000;YES;26088
C161;1nF;C_0201_0603Metric;;30.745.000;34.725.000;;;0.000000;YES;26088
C162;1pF;C_0201_0603Metric;;135.815.000;118.725.000;;;0.000000;YES;25983
C162;1pF;C_0201_0603Metric;;32.195.000;160.725.000;;;0.000000;YES;25983
C162;1pF;C_0201_0603Metric;;32.195.000;118.725.000;;;0.000000;YES;25983
C162;1pF;C_0201_0603Metric;;135.815.000;160.725.000;;;0.000000;YES;25983
C162;1pF;C_0201_0603Metric;;101.275.000;76.725.000;;;0.000000;YES;25983
C162;1pF;C_0201_0603Metric;;101.275.000;118.725.000;;;0.000000;YES;25983
C162;1pF;C_0201_0603Metric;;66.735.000;118.725.000;;;0.000000;YES;25983
C162;1pF;C_0201_0603Metric;;101.275.000;34.725.000;;;0.000000;YES;25983
C162;1pF;C_0201_0603Metric;;135.815.000;76.725.000;;;0.000000;YES;25983
C162;1pF;C_0201_0603Metric;;101.275.000;160.725.000;;;0.000000;YES;25983
C162;1pF;C_0201_0603Metric;;32.195.000;34.725.000;;;0.000000;YES;25983
C162;1pF;C_0201_0603Metric;;66.735.000;34.725.000;;;0.000000;YES;25983
C162;1pF;C_0201_0603Metric;;32.195.000;76.725.000;;;0.000000;YES;25983
C162;1pF;C_0201_0603Metric;;66.735.000;160.725.000;;;0.000000;YES;25983
C162;1pF;C_0201_0603Metric;;66.735.000;76.725.000;;;0.000000;YES;25983
C162;1pF;C_0201_0603Metric;;135.815.000;34.725.000;;;0.000000;YES;25983
C163;1nF;C_0201_0603Metric;;30.745.000;149.265.000;;;180.000.000;YES;26088
C163;1nF;C_0201_0603Metric;;134.365.000;107.265.000;;;180.000.000;YES;26088
C163;1nF;C_0201_0603Metric;;30.745.000;107.265.000;;;180.000.000;YES;26088
C163;1nF;C_0201_0603Metric;;99.825.000;107.265.000;;;180.000.000;YES;26088
C163;1nF;C_0201_0603Metric;;99.825.000;65.265.000;;;180.000.000;YES;26088
C163;1nF;C_0201_0603Metric;;30.745.000;23.265.000;;;180.000.000;YES;26088
C163;1nF;C_0201_0603Metric;;134.365.000;23.265.000;;;180.000.000;YES;26088
C163;1nF;C_0201_0603Metric;;65.285.000;65.265.000;;;180.000.000;YES;26088
C163;1nF;C_0201_0603Metric;;99.825.000;23.265.000;;;180.000.000;YES;26088
C163;1nF;C_0201_0603Metric;;65.285.000;107.265.000;;;180.000.000;YES;26088
C163;1nF;C_0201_0603Metric;;65.285.000;23.265.000;;;180.000.000;YES;26088
C163;1nF;C_0201_0603Metric;;134.365.000;149.265.000;;;180.000.000;YES;26088
C163;1nF;C_0201_0603Metric;;134.365.000;65.265.000;;;180.000.000;YES;26088
C163;1nF;C_0201_0603Metric;;99.825.000;149.265.000;;;180.000.000;YES;26088
C163;1nF;C_0201_0603Metric;;65.285.000;149.265.000;;;180.000.000;YES;26088
C163;1nF;C_0201_0603Metric;;30.745.000;65.265.000;;;180.000.000;YES;26088
C164;100nF;C_0201_0603Metric;;135.815.000;64.725.000;;;180.000.000;YES;26069
C164;100nF;C_0201_0603Metric;;66.735.000;64.725.000;;;180.000.000;YES;26069
C164;100nF;C_0201_0603Metric;;32.195.000;106.725.000;;;180.000.000;YES;26069
C164;100nF;C_0201_0603Metric;;135.815.000;22.725.000;;;180.000.000;YES;26069
C164;100nF;C_0201_0603Metric;;32.195.000;22.725.000;;;180.000.000;YES;26069
C164;100nF;C_0201_0603Metric;;32.195.000;148.725.000;;;180.000.000;YES;26069
C164;100nF;C_0201_0603Metric;;135.815.000;148.725.000;;;180.000.000;YES;26069
C164;100nF;C_0201_0603Metric;;66.735.000;148.725.000;;;180.000.000;YES;26069
C164;100nF;C_0201_0603Metric;;101.275.000;64.725.000;;;180.000.000;YES;26069
C164;100nF;C_0201_0603Metric;;101.275.000;22.725.000;;;180.000.000;YES;26069
C164;100nF;C_0201_0603Metric;;32.195.000;64.725.000;;;180.000.000;YES;26069
C164;100nF;C_0201_0603Metric;;66.735.000;22.725.000;;;180.000.000;YES;26069
C164;100nF;C_0201_0603Metric;;135.815.000;106.725.000;;;180.000.000;YES;26069
C164;100nF;C_0201_0603Metric;;101.275.000;106.725.000;;;180.000.000;YES;26069
C164;100nF;C_0201_0603Metric;;66.735.000;106.725.000;;;180.000.000;YES;26069
C164;100nF;C_0201_0603Metric;;101.275.000;148.725.000;;;180.000.000;YES;26069
C165;1pF;C_0201_0603Metric;;30.745.000;148.725.000;;;180.000.000;YES;25983
C165;1pF;C_0201_0603Metric;;30.745.000;64.725.000;;;180.000.000;YES;25983
C165;1pF;C_0201_0603Metric;;65.285.000;148.725.000;;;180.000.000;YES;25983
C165;1pF;C_0201_0603Metric;;99.825.000;106.725.000;;;180.000.000;YES;25983
C165;1pF;C_0201_0603Metric;;30.745.000;22.725.000;;;180.000.000;YES;25983
C165;1pF;C_0201_0603Metric;;65.285.000;64.725.000;;;180.000.000;YES;25983
C165;1pF;C_0201_0603Metric;;99.825.000;22.725.000;;;180.000.000;YES;25983
C165;1pF;C_0201_0603Metric;;99.825.000;64.725.000;;;180.000.000;YES;25983
C165;1pF;C_0201_0603Metric;;65.285.000;22.725.000;;;180.000.000;YES;25983
C165;1pF;C_0201_0603Metric;;134.365.000;22.725.000;;;180.000.000;YES;25983
C165;1pF;C_0201_0603Metric;;30.745.000;106.725.000;;;180.000.000;YES;25983
C165;1pF;C_0201_0603Metric;;134.365.000;148.725.000;;;180.000.000;YES;25983
C165;1pF;C_0201_0603Metric;;65.285.000;106.725.000;;;180.000.000;YES;25983
C165;1pF;C_0201_0603Metric;;99.825.000;148.725.000;;;180.000.000;YES;25983
C165;1pF;C_0201_0603Metric;;134.365.000;64.725.000;;;180.000.000;YES;25983
C165;1pF;C_0201_0603Metric;;134.365.000;106.725.000;;;180.000.000;YES;25983
C166;1nF;C_0201_0603Metric;;101.275.000;104.275.000;;;180.000.000;YES;26088
C166;1nF;C_0201_0603Metric;;66.735.000;146.275.000;;;180.000.000;YES;26088
C166;1nF;C_0201_0603Metric;;66.735.000;62.275.000;;;180.000.000;YES;26088
C166;1nF;C_0201_0603Metric;;135.815.000;146.275.000;;;180.000.000;YES;26088
C166;1nF;C_0201_0603Metric;;32.195.000;146.275.000;;;180.000.000;YES;26088
C166;1nF;C_0201_0603Metric;;101.275.000;62.275.000;;;180.000.000;YES;26088
C166;1nF;C_0201_0603Metric;;101.275.000;20.275.000;;;180.000.000;YES;26088
C166;1nF;C_0201_0603Metric;;66.735.000;20.275.000;;;180.000.000;YES;26088
C166;1nF;C_0201_0603Metric;;101.275.000;146.275.000;;;180.000.000;YES;26088
C166;1nF;C_0201_0603Metric;;66.735.000;104.275.000;;;180.000.000;YES;26088
C166;1nF;C_0201_0603Metric;;135.815.000;62.275.000;;;180.000.000;YES;26088
C166;1nF;C_0201_0603Metric;;32.195.000;62.275.000;;;180.000.000;YES;26088
C166;1nF;C_0201_0603Metric;;135.815.000;104.275.000;;;180.000.000;YES;26088
C166;1nF;C_0201_0603Metric;;135.815.000;20.275.000;;;180.000.000;YES;26088
C166;1nF;C_0201_0603Metric;;32.195.000;104.275.000;;;180.000.000;YES;26088
C166;1nF;C_0201_0603Metric;;32.195.000;20.275.000;;;180.000.000;YES;26088
C167;1pF;C_0201_0603Metric;;30.745.000;20.275.000;;;180.000.000;YES;25983
C167;1pF;C_0201_0603Metric;;65.285.000;146.275.000;;;180.000.000;YES;25983
C167;1pF;C_0201_0603Metric;;134.365.000;20.275.000;;;180.000.000;YES;25983
C167;1pF;C_0201_0603Metric;;65.285.000;104.275.000;;;180.000.000;YES;25983
C167;1pF;C_0201_0603Metric;;99.825.000;104.275.000;;;180.000.000;YES;25983
C167;1pF;C_0201_0603Metric;;134.365.000;62.275.000;;;180.000.000;YES;25983
C167;1pF;C_0201_0603Metric;;99.825.000;62.275.000;;;180.000.000;YES;25983
C167;1pF;C_0201_0603Metric;;30.745.000;62.275.000;;;180.000.000;YES;25983
C167;1pF;C_0201_0603Metric;;134.365.000;104.275.000;;;180.000.000;YES;25983
C167;1pF;C_0201_0603Metric;;30.745.000;104.275.000;;;180.000.000;YES;25983
C167;1pF;C_0201_0603Metric;;99.825.000;20.275.000;;;180.000.000;YES;25983
C167;1pF;C_0201_0603Metric;;134.365.000;146.275.000;;;180.000.000;YES;25983
C167;1pF;C_0201_0603Metric;;65.285.000;20.275.000;;;180.000.000;YES;25983
C167;1pF;C_0201_0603Metric;;30.745.000;146.275.000;;;180.000.000;YES;25983
C167;1pF;C_0201_0603Metric;;99.825.000;146.275.000;;;180.000.000;YES;25983
C167;1pF;C_0201_0603Metric;;65.285.000;62.275.000;;;180.000.000;YES;25983
C168;1nF;C_0201_0603Metric;;121.565.000;19.035.000;;;180.000.000;YES;26088
C168;1nF;C_0201_0603Metric;;17.945.000;145.035.000;;;180.000.000;YES;26088
C168;1nF;C_0201_0603Metric;;52.485.000;103.035.000;;;180.000.000;YES;26088
C168;1nF;C_0201_0603Metric;;52.485.000;61.035.000;;;180.000.000;YES;26088
C168;1nF;C_0201_0603Metric;;52.485.000;19.035.000;;;180.000.000;YES;26088
C168;1nF;C_0201_0603Metric;;17.945.000;61.035.000;;;180.000.000;YES;26088
C168;1nF;C_0201_0603Metric;;87.025.000;19.035.000;;;180.000.000;YES;26088
C168;1nF;C_0201_0603Metric;;17.945.000;103.035.000;;;180.000.000;YES;26088
C168;1nF;C_0201_0603Metric;;52.485.000;145.035.000;;;180.000.000;YES;26088
C168;1nF;C_0201_0603Metric;;121.565.000;61.035.000;;;180.000.000;YES;26088
C168;1nF;C_0201_0603Metric;;121.565.000;145.035.000;;;180.000.000;YES;26088
C168;1nF;C_0201_0603Metric;;87.025.000;145.035.000;;;180.000.000;YES;26088
C168;1nF;C_0201_0603Metric;;87.025.000;103.035.000;;;180.000.000;YES;26088
C168;1nF;C_0201_0603Metric;;17.945.000;19.035.000;;;180.000.000;YES;26088
C168;1nF;C_0201_0603Metric;;87.025.000;61.035.000;;;180.000.000;YES;26088
C168;1nF;C_0201_0603Metric;;121.565.000;103.035.000;;;180.000.000;YES;26088
C169;100nF;C_0201_0603Metric;;88.475.000;18.495.000;;;180.000.000;YES;26069
C169;100nF;C_0201_0603Metric;;19.395.000;60.495.000;;;180.000.000;YES;26069
C169;100nF;C_0201_0603Metric;;19.395.000;18.495.000;;;180.000.000;YES;26069
C169;100nF;C_0201_0603Metric;;19.395.000;102.495.000;;;180.000.000;YES;26069
C169;100nF;C_0201_0603Metric;;19.395.000;144.495.000;;;180.000.000;YES;26069
C169;100nF;C_0201_0603Metric;;53.935.000;102.495.000;;;180.000.000;YES;26069
C169;100nF;C_0201_0603Metric;;53.935.000;18.495.000;;;180.000.000;YES;26069
C169;100nF;C_0201_0603Metric;;123.015.000;60.495.000;;;180.000.000;YES;26069
C169;100nF;C_0201_0603Metric;;53.935.000;60.495.000;;;180.000.000;YES;26069
C169;100nF;C_0201_0603Metric;;123.015.000;18.495.000;;;180.000.000;YES;26069
C169;100nF;C_0201_0603Metric;;123.015.000;144.495.000;;;180.000.000;YES;26069
C169;100nF;C_0201_0603Metric;;88.475.000;144.495.000;;;180.000.000;YES;26069
C169;100nF;C_0201_0603Metric;;53.935.000;144.495.000;;;180.000.000;YES;26069
C169;100nF;C_0201_0603Metric;;88.475.000;60.495.000;;;180.000.000;YES;26069
C169;100nF;C_0201_0603Metric;;88.475.000;102.495.000;;;180.000.000;YES;26069
C169;100nF;C_0201_0603Metric;;123.015.000;102.495.000;;;180.000.000;YES;26069
C170;1pF;C_0201_0603Metric;;87.025.000;144.495.000;;;180.000.000;YES;25983
C170;1pF;C_0201_0603Metric;;52.485.000;144.495.000;;;180.000.000;YES;25983
C170;1pF;C_0201_0603Metric;;52.485.000;102.495.000;;;180.000.000;YES;25983
C170;1pF;C_0201_0603Metric;;17.945.000;102.495.000;;;180.000.000;YES;25983
C170;1pF;C_0201_0603Metric;;52.485.000;60.495.000;;;180.000.000;YES;25983
C170;1pF;C_0201_0603Metric;;17.945.000;18.495.000;;;180.000.000;YES;25983
C170;1pF;C_0201_0603Metric;;17.945.000;60.495.000;;;180.000.000;YES;25983
C170;1pF;C_0201_0603Metric;;87.025.000;18.495.000;;;180.000.000;YES;25983
C170;1pF;C_0201_0603Metric;;87.025.000;102.495.000;;;180.000.000;YES;25983
C170;1pF;C_0201_0603Metric;;121.565.000;102.495.000;;;180.000.000;YES;25983
C170;1pF;C_0201_0603Metric;;17.945.000;144.495.000;;;180.000.000;YES;25983
C170;1pF;C_0201_0603Metric;;121.565.000;60.495.000;;;180.000.000;YES;25983
C170;1pF;C_0201_0603Metric;;87.025.000;60.495.000;;;180.000.000;YES;25983
C170;1pF;C_0201_0603Metric;;52.485.000;18.495.000;;;180.000.000;YES;25983
C170;1pF;C_0201_0603Metric;;121.565.000;144.495.000;;;180.000.000;YES;25983
C170;1pF;C_0201_0603Metric;;121.565.000;18.495.000;;;180.000.000;YES;25983
C171;1nF;C_0201_0603Metric;;19.395.000;142.045.000;;;180.000.000;YES;26088
C171;1nF;C_0201_0603Metric;;123.015.000;100.045.000;;;180.000.000;YES;26088
C171;1nF;C_0201_0603Metric;;53.935.000;100.045.000;;;180.000.000;YES;26088
C171;1nF;C_0201_0603Metric;;88.475.000;100.045.000;;;180.000.000;YES;26088
C171;1nF;C_0201_0603Metric;;88.475.000;58.045.000;;;180.000.000;YES;26088
C171;1nF;C_0201_0603Metric;;53.935.000;142.045.000;;;180.000.000;YES;26088
C171;1nF;C_0201_0603Metric;;88.475.000;142.045.000;;;180.000.000;YES;26088
C171;1nF;C_0201_0603Metric;;19.395.000;100.045.000;;;180.000.000;YES;26088
C171;1nF;C_0201_0603Metric;;88.475.000;16.045.000;;;180.000.000;YES;26088
C171;1nF;C_0201_0603Metric;;19.395.000;16.045.000;;;180.000.000;YES;26088
C171;1nF;C_0201_0603Metric;;123.015.000;58.045.000;;;180.000.000;YES;26088
C171;1nF;C_0201_0603Metric;;123.015.000;16.045.000;;;180.000.000;YES;26088
C171;1nF;C_0201_0603Metric;;53.935.000;58.045.000;;;180.000.000;YES;26088
C171;1nF;C_0201_0603Metric;;19.395.000;58.045.000;;;180.000.000;YES;26088
C171;1nF;C_0201_0603Metric;;123.015.000;142.045.000;;;180.000.000;YES;26088
C171;1nF;C_0201_0603Metric;;53.935.000;16.045.000;;;180.000.000;YES;26088
C172;1pF;C_0201_0603Metric;;121.565.000;58.045.000;;;180.000.000;YES;25983
C172;1pF;C_0201_0603Metric;;17.945.000;58.045.000;;;180.000.000;YES;25983
C172;1pF;C_0201_0603Metric;;121.565.000;16.045.000;;;180.000.000;YES;25983
C172;1pF;C_0201_0603Metric;;52.485.000;16.045.000;;;180.000.000;YES;25983
C172;1pF;C_0201_0603Metric;;52.485.000;142.045.000;;;180.000.000;YES;25983
C172;1pF;C_0201_0603Metric;;87.025.000;142.045.000;;;180.000.000;YES;25983
C172;1pF;C_0201_0603Metric;;121.565.000;100.045.000;;;180.000.000;YES;25983
C172;1pF;C_0201_0603Metric;;87.025.000;100.045.000;;;180.000.000;YES;25983
C172;1pF;C_0201_0603Metric;;87.025.000;58.045.000;;;180.000.000;YES;25983
C172;1pF;C_0201_0603Metric;;17.945.000;142.045.000;;;180.000.000;YES;25983
C172;1pF;C_0201_0603Metric;;17.945.000;16.045.000;;;180.000.000;YES;25983
C172;1pF;C_0201_0603Metric;;87.025.000;16.045.000;;;180.000.000;YES;25983
C172;1pF;C_0201_0603Metric;;52.485.000;58.045.000;;;180.000.000;YES;25983
C172;1pF;C_0201_0603Metric;;17.945.000;100.045.000;;;180.000.000;YES;25983
C172;1pF;C_0201_0603Metric;;121.565.000;142.045.000;;;180.000.000;YES;25983
C172;1pF;C_0201_0603Metric;;52.485.000;100.045.000;;;180.000.000;YES;25983
C173;1nF;C_0201_0603Metric;;58.885.000;23.265.000;;;180.000.000;YES;26088
C173;1nF;C_0201_0603Metric;;93.425.000;23.265.000;;;180.000.000;YES;26088
C173;1nF;C_0201_0603Metric;;58.885.000;149.265.000;;;180.000.000;YES;26088
C173;1nF;C_0201_0603Metric;;93.425.000;65.265.000;;;180.000.000;YES;26088
C173;1nF;C_0201_0603Metric;;127.965.000;23.265.000;;;180.000.000;YES;26088
C173;1nF;C_0201_0603Metric;;58.885.000;107.265.000;;;180.000.000;YES;26088
C173;1nF;C_0201_0603Metric;;127.965.000;149.265.000;;;180.000.000;YES;26088
C173;1nF;C_0201_0603Metric;;93.425.000;107.265.000;;;180.000.000;YES;26088
C173;1nF;C_0201_0603Metric;;127.965.000;65.265.000;;;180.000.000;YES;26088
C173;1nF;C_0201_0603Metric;;24.345.000;65.265.000;;;180.000.000;YES;26088
C173;1nF;C_0201_0603Metric;;24.345.000;149.265.000;;;180.000.000;YES;26088
C173;1nF;C_0201_0603Metric;;93.425.000;149.265.000;;;180.000.000;YES;26088
C173;1nF;C_0201_0603Metric;;24.345.000;23.265.000;;;180.000.000;YES;26088
C173;1nF;C_0201_0603Metric;;58.885.000;65.265.000;;;180.000.000;YES;26088
C173;1nF;C_0201_0603Metric;;127.965.000;107.265.000;;;180.000.000;YES;26088
C173;1nF;C_0201_0603Metric;;24.345.000;107.265.000;;;180.000.000;YES;26088
C174;100nF;C_0201_0603Metric;;129.415.000;22.725.000;;;180.000.000;YES;26069
C174;100nF;C_0201_0603Metric;;60.335.000;106.725.000;;;180.000.000;YES;26069
C174;100nF;C_0201_0603Metric;;60.335.000;64.725.000;;;180.000.000;YES;26069
C174;100nF;C_0201_0603Metric;;94.875.000;148.725.000;;;180.000.000;YES;26069
C174;100nF;C_0201_0603Metric;;129.415.000;106.725.000;;;180.000.000;YES;26069
C174;100nF;C_0201_0603Metric;;60.335.000;148.725.000;;;180.000.000;YES;26069
C174;100nF;C_0201_0603Metric;;94.875.000;64.725.000;;;180.000.000;YES;26069
C174;100nF;C_0201_0603Metric;;60.335.000;22.725.000;;;180.000.000;YES;26069
C174;100nF;C_0201_0603Metric;;94.875.000;106.725.000;;;180.000.000;YES;26069
C174;100nF;C_0201_0603Metric;;25.795.000;64.725.000;;;180.000.000;YES;26069
C174;100nF;C_0201_0603Metric;;25.795.000;148.725.000;;;180.000.000;YES;26069
C174;100nF;C_0201_0603Metric;;129.415.000;148.725.000;;;180.000.000;YES;26069
C174;100nF;C_0201_0603Metric;;25.795.000;106.725.000;;;180.000.000;YES;26069
C174;100nF;C_0201_0603Metric;;94.875.000;22.725.000;;;180.000.000;YES;26069
C174;100nF;C_0201_0603Metric;;25.795.000;22.725.000;;;180.000.000;YES;26069
C174;100nF;C_0201_0603Metric;;129.415.000;64.725.000;;;180.000.000;YES;26069
C175;1pF;C_0201_0603Metric;;93.425.000;148.725.000;;;180.000.000;YES;25983
C175;1pF;C_0201_0603Metric;;127.965.000;22.725.000;;;180.000.000;YES;25983
C175;1pF;C_0201_0603Metric;;58.885.000;106.725.000;;;180.000.000;YES;25983
C175;1pF;C_0201_0603Metric;;58.885.000;148.725.000;;;180.000.000;YES;25983
C175;1pF;C_0201_0603Metric;;24.345.000;22.725.000;;;180.000.000;YES;25983
C175;1pF;C_0201_0603Metric;;93.425.000;64.725.000;;;180.000.000;YES;25983
C175;1pF;C_0201_0603Metric;;58.885.000;22.725.000;;;180.000.000;YES;25983
C175;1pF;C_0201_0603Metric;;58.885.000;64.725.000;;;180.000.000;YES;25983
C175;1pF;C_0201_0603Metric;;24.345.000;106.725.000;;;180.000.000;YES;25983
C175;1pF;C_0201_0603Metric;;127.965.000;64.725.000;;;180.000.000;YES;25983
C175;1pF;C_0201_0603Metric;;24.345.000;148.725.000;;;180.000.000;YES;25983
C175;1pF;C_0201_0603Metric;;127.965.000;148.725.000;;;180.000.000;YES;25983
C175;1pF;C_0201_0603Metric;;127.965.000;106.725.000;;;180.000.000;YES;25983
C175;1pF;C_0201_0603Metric;;24.345.000;64.725.000;;;180.000.000;YES;25983
C175;1pF;C_0201_0603Metric;;93.425.000;22.725.000;;;180.000.000;YES;25983
C175;1pF;C_0201_0603Metric;;93.425.000;106.725.000;;;180.000.000;YES;25983
C176;1nF;C_0201_0603Metric;;94.875.000;20.275.000;;;180.000.000;YES;26088
C176;1nF;C_0201_0603Metric;;25.795.000;104.275.000;;;180.000.000;YES;26088
C176;1nF;C_0201_0603Metric;;129.415.000;104.275.000;;;180.000.000;YES;26088
C176;1nF;C_0201_0603Metric;;129.415.000;146.275.000;;;180.000.000;YES;26088
C176;1nF;C_0201_0603Metric;;129.415.000;20.275.000;;;180.000.000;YES;26088
C176;1nF;C_0201_0603Metric;;94.875.000;62.275.000;;;180.000.000;YES;26088
C176;1nF;C_0201_0603Metric;;129.415.000;62.275.000;;;180.000.000;YES;26088
C176;1nF;C_0201_0603Metric;;60.335.000;146.275.000;;;180.000.000;YES;26088
C176;1nF;C_0201_0603Metric;;60.335.000;104.275.000;;;180.000.000;YES;26088
C176;1nF;C_0201_0603Metric;;60.335.000;62.275.000;;;180.000.000;YES;26088
C176;1nF;C_0201_0603Metric;;25.795.000;20.275.000;;;180.000.000;YES;26088
C176;1nF;C_0201_0603Metric;;94.875.000;104.275.000;;;180.000.000;YES;26088
C176;1nF;C_0201_0603Metric;;60.335.000;20.275.000;;;180.000.000;YES;26088
C176;1nF;C_0201_0603Metric;;25.795.000;146.275.000;;;180.000.000;YES;26088
C176;1nF;C_0201_0603Metric;;94.875.000;146.275.000;;;180.000.000;YES;26088
C176;1nF;C_0201_0603Metric;;25.795.000;62.275.000;;;180.000.000;YES;26088
C177;1pF;C_0201_0603Metric;;24.345.000;104.275.000;;;180.000.000;YES;25983
C177;1pF;C_0201_0603Metric;;24.345.000;146.275.000;;;180.000.000;YES;25983
C177;1pF;C_0201_0603Metric;;24.345.000;62.275.000;;;180.000.000;YES;25983
C177;1pF;C_0201_0603Metric;;58.885.000;20.275.000;;;180.000.000;YES;25983
C177;1pF;C_0201_0603Metric;;58.885.000;146.275.000;;;180.000.000;YES;25983
C177;1pF;C_0201_0603Metric;;24.345.000;20.275.000;;;180.000.000;YES;25983
C177;1pF;C_0201_0603Metric;;93.425.000;62.275.000;;;180.000.000;YES;25983
C177;1pF;C_0201_0603Metric;;127.965.000;104.275.000;;;180.000.000;YES;25983
C177;1pF;C_0201_0603Metric;;127.965.000;20.275.000;;;180.000.000;YES;25983
C177;1pF;C_0201_0603Metric;;58.885.000;104.275.000;;;180.000.000;YES;25983
C177;1pF;C_0201_0603Metric;;93.425.000;146.275.000;;;180.000.000;YES;25983
C177;1pF;C_0201_0603Metric;;127.965.000;146.275.000;;;180.000.000;YES;25983
C177;1pF;C_0201_0603Metric;;58.885.000;62.275.000;;;180.000.000;YES;25983
C177;1pF;C_0201_0603Metric;;93.425.000;104.275.000;;;180.000.000;YES;25983
C177;1pF;C_0201_0603Metric;;127.965.000;62.275.000;;;180.000.000;YES;25983
C177;1pF;C_0201_0603Metric;;93.425.000;20.275.000;;;180.000.000;YES;25983
C178;1nF;C_0201_0603Metric;;135.815.000;119.965.000;;;0.000000;YES;26088
C178;1nF;C_0201_0603Metric;;66.735.000;161.965.000;;;0.000000;YES;26088
C178;1nF;C_0201_0603Metric;;101.275.000;119.965.000;;;0.000000;YES;26088
C178;1nF;C_0201_0603Metric;;32.195.000;161.965.000;;;0.000000;YES;26088
C178;1nF;C_0201_0603Metric;;101.275.000;35.965.000;;;0.000000;YES;26088
C178;1nF;C_0201_0603Metric;;135.815.000;161.965.000;;;0.000000;YES;26088
C178;1nF;C_0201_0603Metric;;101.275.000;161.965.000;;;0.000000;YES;26088
C178;1nF;C_0201_0603Metric;;32.195.000;119.965.000;;;0.000000;YES;26088
C178;1nF;C_0201_0603Metric;;66.735.000;35.965.000;;;0.000000;YES;26088
C178;1nF;C_0201_0603Metric;;66.735.000;77.965.000;;;0.000000;YES;26088
C178;1nF;C_0201_0603Metric;;135.815.000;77.965.000;;;0.000000;YES;26088
C178;1nF;C_0201_0603Metric;;32.195.000;77.965.000;;;0.000000;YES;26088
C178;1nF;C_0201_0603Metric;;135.815.000;35.965.000;;;0.000000;YES;26088
C178;1nF;C_0201_0603Metric;;101.275.000;77.965.000;;;0.000000;YES;26088
C178;1nF;C_0201_0603Metric;;66.735.000;119.965.000;;;0.000000;YES;26088
C178;1nF;C_0201_0603Metric;;32.195.000;35.965.000;;;0.000000;YES;26088
C179;100nF;C_0201_0603Metric;;65.285.000;36.505.000;;;0.000000;YES;26069
C179;100nF;C_0201_0603Metric;;30.745.000;36.505.000;;;0.000000;YES;26069
C179;100nF;C_0201_0603Metric;;30.745.000;162.505.000;;;0.000000;YES;26069
C179;100nF;C_0201_0603Metric;;65.285.000;162.505.000;;;0.000000;YES;26069
C179;100nF;C_0201_0603Metric;;99.825.000;120.505.000;;;0.000000;YES;26069
C179;100nF;C_0201_0603Metric;;134.365.000;36.505.000;;;0.000000;YES;26069
C179;100nF;C_0201_0603Metric;;30.745.000;78.505.000;;;0.000000;YES;26069
C179;100nF;C_0201_0603Metric;;134.365.000;78.505.000;;;0.000000;YES;26069
C179;100nF;C_0201_0603Metric;;134.365.000;162.505.000;;;0.000000;YES;26069
C179;100nF;C_0201_0603Metric;;99.825.000;162.505.000;;;0.000000;YES;26069
C179;100nF;C_0201_0603Metric;;30.745.000;120.505.000;;;0.000000;YES;26069
C179;100nF;C_0201_0603Metric;;65.285.000;120.505.000;;;0.000000;YES;26069
C179;100nF;C_0201_0603Metric;;65.285.000;78.505.000;;;0.000000;YES;26069
C179;100nF;C_0201_0603Metric;;99.825.000;78.505.000;;;0.000000;YES;26069
C179;100nF;C_0201_0603Metric;;134.365.000;120.505.000;;;0.000000;YES;26069
C179;100nF;C_0201_0603Metric;;99.825.000;36.505.000;;;0.000000;YES;26069
C180;1pF;C_0201_0603Metric;;135.815.000;36.505.000;;;0.000000;YES;25983
C180;1pF;C_0201_0603Metric;;66.735.000;120.505.000;;;0.000000;YES;25983
C180;1pF;C_0201_0603Metric;;32.195.000;162.505.000;;;0.000000;YES;25983
C180;1pF;C_0201_0603Metric;;101.275.000;36.505.000;;;0.000000;YES;25983
C180;1pF;C_0201_0603Metric;;32.195.000;120.505.000;;;0.000000;YES;25983
C180;1pF;C_0201_0603Metric;;101.275.000;162.505.000;;;0.000000;YES;25983
C180;1pF;C_0201_0603Metric;;101.275.000;78.505.000;;;0.000000;YES;25983
C180;1pF;C_0201_0603Metric;;66.735.000;78.505.000;;;0.000000;YES;25983
C180;1pF;C_0201_0603Metric;;135.815.000;78.505.000;;;0.000000;YES;25983
C180;1pF;C_0201_0603Metric;;32.195.000;78.505.000;;;0.000000;YES;25983
C180;1pF;C_0201_0603Metric;;32.195.000;36.505.000;;;0.000000;YES;25983
C180;1pF;C_0201_0603Metric;;101.275.000;120.505.000;;;0.000000;YES;25983
C180;1pF;C_0201_0603Metric;;135.815.000;162.505.000;;;0.000000;YES;25983
C180;1pF;C_0201_0603Metric;;66.735.000;36.505.000;;;0.000000;YES;25983
C180;1pF;C_0201_0603Metric;;66.735.000;162.505.000;;;0.000000;YES;25983
C180;1pF;C_0201_0603Metric;;135.815.000;120.505.000;;;0.000000;YES;25983
C181;1nF;C_0201_0603Metric;;134.365.000;80.955.000;;;0.000000;YES;26088
C181;1nF;C_0201_0603Metric;;30.745.000;164.955.000;;;0.000000;YES;26088
C181;1nF;C_0201_0603Metric;;99.825.000;164.955.000;;;0.000000;YES;26088
C181;1nF;C_0201_0603Metric;;30.745.000;80.955.000;;;0.000000;YES;26088
C181;1nF;C_0201_0603Metric;;134.365.000;122.955.000;;;0.000000;YES;26088
C181;1nF;C_0201_0603Metric;;65.285.000;80.955.000;;;0.000000;YES;26088
C181;1nF;C_0201_0603Metric;;99.825.000;80.955.000;;;0.000000;YES;26088
C181;1nF;C_0201_0603Metric;;99.825.000;38.955.000;;;0.000000;YES;26088
C181;1nF;C_0201_0603Metric;;65.285.000;122.955.000;;;0.000000;YES;26088
C181;1nF;C_0201_0603Metric;;65.285.000;164.955.000;;;0.000000;YES;26088
C181;1nF;C_0201_0603Metric;;30.745.000;38.955.000;;;0.000000;YES;26088
C181;1nF;C_0201_0603Metric;;134.365.000;38.955.000;;;0.000000;YES;26088
C181;1nF;C_0201_0603Metric;;134.365.000;164.955.000;;;0.000000;YES;26088
C181;1nF;C_0201_0603Metric;;30.745.000;122.955.000;;;0.000000;YES;26088
C181;1nF;C_0201_0603Metric;;65.285.000;38.955.000;;;0.000000;YES;26088
C181;1nF;C_0201_0603Metric;;99.825.000;122.955.000;;;0.000000;YES;26088
C182;1pF;C_0201_0603Metric;;101.275.000;164.955.000;;;0.000000;YES;25983
C182;1pF;C_0201_0603Metric;;32.195.000;164.955.000;;;0.000000;YES;25983
C182;1pF;C_0201_0603Metric;;32.195.000;80.955.000;;;0.000000;YES;25983
C182;1pF;C_0201_0603Metric;;135.815.000;122.955.000;;;0.000000;YES;25983
C182;1pF;C_0201_0603Metric;;32.195.000;38.955.000;;;0.000000;YES;25983
C182;1pF;C_0201_0603Metric;;101.275.000;122.955.000;;;0.000000;YES;25983
C182;1pF;C_0201_0603Metric;;135.815.000;164.955.000;;;0.000000;YES;25983
C182;1pF;C_0201_0603Metric;;66.735.000;38.955.000;;;0.000000;YES;25983
C182;1pF;C_0201_0603Metric;;66.735.000;164.955.000;;;0.000000;YES;25983
C182;1pF;C_0201_0603Metric;;101.275.000;38.955.000;;;0.000000;YES;25983
C182;1pF;C_0201_0603Metric;;135.815.000;38.955.000;;;0.000000;YES;25983
C182;1pF;C_0201_0603Metric;;66.735.000;80.955.000;;;0.000000;YES;25983
C182;1pF;C_0201_0603Metric;;66.735.000;122.955.000;;;0.000000;YES;25983
C182;1pF;C_0201_0603Metric;;135.815.000;80.955.000;;;0.000000;YES;25983
C182;1pF;C_0201_0603Metric;;101.275.000;80.955.000;;;0.000000;YES;25983
C182;1pF;C_0201_0603Metric;;32.195.000;122.955.000;;;0.000000;YES;25983
C183;1nF;C_0201_0603Metric;;50.735.000;119.965.000;;;0.000000;YES;26088
C183;1nF;C_0201_0603Metric;;119.815.000;35.965.000;;;0.000000;YES;26088
C183;1nF;C_0201_0603Metric;;85.275.000;35.965.000;;;0.000000;YES;26088
C183;1nF;C_0201_0603Metric;;119.815.000;161.965.000;;;0.000000;YES;26088
C183;1nF;C_0201_0603Metric;;16.195.000;119.965.000;;;0.000000;YES;26088
C183;1nF;C_0201_0603Metric;;16.195.000;35.965.000;;;0.000000;YES;26088
C183;1nF;C_0201_0603Metric;;16.195.000;161.965.000;;;0.000000;YES;26088
C183;1nF;C_0201_0603Metric;;50.735.000;161.965.000;;;0.000000;YES;26088
C183;1nF;C_0201_0603Metric;;50.735.000;77.965.000;;;0.000000;YES;26088
C183;1nF;C_0201_0603Metric;;85.275.000;119.965.000;;;0.000000;YES;26088
C183;1nF;C_0201_0603Metric;;85.275.000;77.965.000;;;0.000000;YES;26088
C183;1nF;C_0201_0603Metric;;119.815.000;77.965.000;;;0.000000;YES;26088
C183;1nF;C_0201_0603Metric;;16.195.000;77.965.000;;;0.000000;YES;26088
C183;1nF;C_0201_0603Metric;;85.275.000;161.965.000;;;0.000000;YES;26088
C183;1nF;C_0201_0603Metric;;50.735.000;35.965.000;;;0.000000;YES;26088
C183;1nF;C_0201_0603Metric;;119.815.000;119.965.000;;;0.000000;YES;26088
C184;100nF;C_0201_0603Metric;;118.365.000;120.505.000;;;0.000000;YES;26069
C184;100nF;C_0201_0603Metric;;83.825.000;120.505.000;;;0.000000;YES;26069
C184;100nF;C_0201_0603Metric;;83.825.000;78.505.000;;;0.000000;YES;26069
C184;100nF;C_0201_0603Metric;;49.285.000;78.505.000;;;0.000000;YES;26069
C184;100nF;C_0201_0603Metric;;49.285.000;162.505.000;;;0.000000;YES;26069
C184;100nF;C_0201_0603Metric;;14.745.000;120.505.000;;;0.000000;YES;26069
C184;100nF;C_0201_0603Metric;;118.365.000;78.505.000;;;0.000000;YES;26069
C184;100nF;C_0201_0603Metric;;83.825.000;36.505.000;;;0.000000;YES;26069
C184;100nF;C_0201_0603Metric;;14.745.000;78.505.000;;;0.000000;YES;26069
C184;100nF;C_0201_0603Metric;;14.745.000;162.505.000;;;0.000000;YES;26069
C184;100nF;C_0201_0603Metric;;118.365.000;36.505.000;;;0.000000;YES;26069
C184;100nF;C_0201_0603Metric;;83.825.000;162.505.000;;;0.000000;YES;26069
C184;100nF;C_0201_0603Metric;;49.285.000;120.505.000;;;0.000000;YES;26069
C184;100nF;C_0201_0603Metric;;14.745.000;36.505.000;;;0.000000;YES;26069
C184;100nF;C_0201_0603Metric;;118.365.000;162.505.000;;;0.000000;YES;26069
C184;100nF;C_0201_0603Metric;;49.285.000;36.505.000;;;0.000000;YES;26069
C185;1pF;C_0201_0603Metric;;85.275.000;78.505.000;;;0.000000;YES;25983
C185;1pF;C_0201_0603Metric;;50.735.000;78.505.000;;;0.000000;YES;25983
C185;1pF;C_0201_0603Metric;;16.195.000;120.505.000;;;0.000000;YES;25983
C185;1pF;C_0201_0603Metric;;119.815.000;36.505.000;;;0.000000;YES;25983
C185;1pF;C_0201_0603Metric;;119.815.000;78.505.000;;;0.000000;YES;25983
C185;1pF;C_0201_0603Metric;;85.275.000;36.505.000;;;0.000000;YES;25983
C185;1pF;C_0201_0603Metric;;16.195.000;162.505.000;;;0.000000;YES;25983
C185;1pF;C_0201_0603Metric;;85.275.000;162.505.000;;;0.000000;YES;25983
C185;1pF;C_0201_0603Metric;;16.195.000;78.505.000;;;0.000000;YES;25983
C185;1pF;C_0201_0603Metric;;50.735.000;120.505.000;;;0.000000;YES;25983
C185;1pF;C_0201_0603Metric;;85.275.000;120.505.000;;;0.000000;YES;25983
C185;1pF;C_0201_0603Metric;;119.815.000;120.505.000;;;0.000000;YES;25983
C185;1pF;C_0201_0603Metric;;50.735.000;162.505.000;;;0.000000;YES;25983
C185;1pF;C_0201_0603Metric;;16.195.000;36.505.000;;;0.000000;YES;25983
C185;1pF;C_0201_0603Metric;;50.735.000;36.505.000;;;0.000000;YES;25983
C185;1pF;C_0201_0603Metric;;119.815.000;162.505.000;;;0.000000;YES;25983
C186;1nF;C_0201_0603Metric;;14.745.000;122.955.000;;;0.000000;YES;26088
C186;1nF;C_0201_0603Metric;;83.825.000;122.955.000;;;0.000000;YES;26088
C186;1nF;C_0201_0603Metric;;83.825.000;38.955.000;;;0.000000;YES;26088
C186;1nF;C_0201_0603Metric;;118.365.000;38.955.000;;;0.000000;YES;26088
C186;1nF;C_0201_0603Metric;;14.745.000;80.955.000;;;0.000000;YES;26088
C186;1nF;C_0201_0603Metric;;83.825.000;164.955.000;;;0.000000;YES;26088
C186;1nF;C_0201_0603Metric;;83.825.000;80.955.000;;;0.000000;YES;26088
C186;1nF;C_0201_0603Metric;;118.365.000;122.955.000;;;0.000000;YES;26088
C186;1nF;C_0201_0603Metric;;49.285.000;164.955.000;;;0.000000;YES;26088
C186;1nF;C_0201_0603Metric;;49.285.000;122.955.000;;;0.000000;YES;26088
C186;1nF;C_0201_0603Metric;;118.365.000;80.955.000;;;0.000000;YES;26088
C186;1nF;C_0201_0603Metric;;118.365.000;164.955.000;;;0.000000;YES;26088
C186;1nF;C_0201_0603Metric;;49.285.000;80.955.000;;;0.000000;YES;26088
C186;1nF;C_0201_0603Metric;;14.745.000;164.955.000;;;0.000000;YES;26088
C186;1nF;C_0201_0603Metric;;14.745.000;38.955.000;;;0.000000;YES;26088
C186;1nF;C_0201_0603Metric;;49.285.000;38.955.000;;;0.000000;YES;26088
C187;1pF;C_0201_0603Metric;;85.275.000;122.955.000;;;0.000000;YES;25983
C187;1pF;C_0201_0603Metric;;16.195.000;122.955.000;;;0.000000;YES;25983
C187;1pF;C_0201_0603Metric;;85.275.000;38.955.000;;;0.000000;YES;25983
C187;1pF;C_0201_0603Metric;;16.195.000;164.955.000;;;0.000000;YES;25983
C187;1pF;C_0201_0603Metric;;16.195.000;38.955.000;;;0.000000;YES;25983
C187;1pF;C_0201_0603Metric;;119.815.000;122.955.000;;;0.000000;YES;25983
C187;1pF;C_0201_0603Metric;;50.735.000;80.955.000;;;0.000000;YES;25983
C187;1pF;C_0201_0603Metric;;119.815.000;80.955.000;;;0.000000;YES;25983
C187;1pF;C_0201_0603Metric;;85.275.000;80.955.000;;;0.000000;YES;25983
C187;1pF;C_0201_0603Metric;;16.195.000;80.955.000;;;0.000000;YES;25983
C187;1pF;C_0201_0603Metric;;119.815.000;164.955.000;;;0.000000;YES;25983
C187;1pF;C_0201_0603Metric;;50.735.000;164.955.000;;;0.000000;YES;25983
C187;1pF;C_0201_0603Metric;;50.735.000;122.955.000;;;0.000000;YES;25983
C187;1pF;C_0201_0603Metric;;85.275.000;164.955.000;;;0.000000;YES;25983
C187;1pF;C_0201_0603Metric;;50.735.000;38.955.000;;;0.000000;YES;25983
C187;1pF;C_0201_0603Metric;;119.815.000;38.955.000;;;0.000000;YES;25983
C188;1nF;C_0201_0603Metric;;68.485.000;149.265.000;;;180.000.000;YES;26088
C188;1nF;C_0201_0603Metric;;33.945.000;23.265.000;;;180.000.000;YES;26088
C188;1nF;C_0201_0603Metric;;103.025.000;23.265.000;;;180.000.000;YES;26088
C188;1nF;C_0201_0603Metric;;68.485.000;65.265.000;;;180.000.000;YES;26088
C188;1nF;C_0201_0603Metric;;137.565.000;149.265.000;;;180.000.000;YES;26088
C188;1nF;C_0201_0603Metric;;137.565.000;65.265.000;;;180.000.000;YES;26088
C188;1nF;C_0201_0603Metric;;103.025.000;107.265.000;;;180.000.000;YES;26088
C188;1nF;C_0201_0603Metric;;103.025.000;149.265.000;;;180.000.000;YES;26088
C188;1nF;C_0201_0603Metric;;137.565.000;107.265.000;;;180.000.000;YES;26088
C188;1nF;C_0201_0603Metric;;33.945.000;65.265.000;;;180.000.000;YES;26088
C188;1nF;C_0201_0603Metric;;33.945.000;107.265.000;;;180.000.000;YES;26088
C188;1nF;C_0201_0603Metric;;33.945.000;149.265.000;;;180.000.000;YES;26088
C188;1nF;C_0201_0603Metric;;103.025.000;65.265.000;;;180.000.000;YES;26088
C188;1nF;C_0201_0603Metric;;68.485.000;107.265.000;;;180.000.000;YES;26088
C188;1nF;C_0201_0603Metric;;137.565.000;23.265.000;;;180.000.000;YES;26088
C188;1nF;C_0201_0603Metric;;68.485.000;23.265.000;;;180.000.000;YES;26088
C189;100nF;C_0201_0603Metric;;104.475.000;106.725.000;;;180.000.000;YES;26069
C189;100nF;C_0201_0603Metric;;139.015.000;22.725.000;;;180.000.000;YES;26069
C189;100nF;C_0201_0603Metric;;35.395.000;106.725.000;;;180.000.000;YES;26069
C189;100nF;C_0201_0603Metric;;104.475.000;22.725.000;;;180.000.000;YES;26069
C189;100nF;C_0201_0603Metric;;35.395.000;64.725.000;;;180.000.000;YES;26069
C189;100nF;C_0201_0603Metric;;69.935.000;148.725.000;;;180.000.000;YES;26069
C189;100nF;C_0201_0603Metric;;69.935.000;22.725.000;;;180.000.000;YES;26069
C189;100nF;C_0201_0603Metric;;139.015.000;106.725.000;;;180.000.000;YES;26069
C189;100nF;C_0201_0603Metric;;139.015.000;148.725.000;;;180.000.000;YES;26069
C189;100nF;C_0201_0603Metric;;35.395.000;148.725.000;;;180.000.000;YES;26069
C189;100nF;C_0201_0603Metric;;139.015.000;64.725.000;;;180.000.000;YES;26069
C189;100nF;C_0201_0603Metric;;104.475.000;148.725.000;;;180.000.000;YES;26069
C189;100nF;C_0201_0603Metric;;69.935.000;64.725.000;;;180.000.000;YES;26069
C189;100nF;C_0201_0603Metric;;69.935.000;106.725.000;;;180.000.000;YES;26069
C189;100nF;C_0201_0603Metric;;35.395.000;22.725.000;;;180.000.000;YES;26069
C189;100nF;C_0201_0603Metric;;104.475.000;64.725.000;;;180.000.000;YES;26069
C190;1pF;C_0201_0603Metric;;68.485.000;22.725.000;;;180.000.000;YES;25983
C190;1pF;C_0201_0603Metric;;137.565.000;64.725.000;;;180.000.000;YES;25983
C190;1pF;C_0201_0603Metric;;137.565.000;106.725.000;;;180.000.000;YES;25983
C190;1pF;C_0201_0603Metric;;137.565.000;22.725.000;;;180.000.000;YES;25983
C190;1pF;C_0201_0603Metric;;33.945.000;22.725.000;;;180.000.000;YES;25983
C190;1pF;C_0201_0603Metric;;33.945.000;148.725.000;;;180.000.000;YES;25983
C190;1pF;C_0201_0603Metric;;33.945.000;106.725.000;;;180.000.000;YES;25983
C190;1pF;C_0201_0603Metric;;103.025.000;64.725.000;;;180.000.000;YES;25983
C190;1pF;C_0201_0603Metric;;103.025.000;148.725.000;;;180.000.000;YES;25983
C190;1pF;C_0201_0603Metric;;68.485.000;148.725.000;;;180.000.000;YES;25983
C190;1pF;C_0201_0603Metric;;103.025.000;106.725.000;;;180.000.000;YES;25983
C190;1pF;C_0201_0603Metric;;103.025.000;22.725.000;;;180.000.000;YES;25983
C190;1pF;C_0201_0603Metric;;33.945.000;64.725.000;;;180.000.000;YES;25983
C190;1pF;C_0201_0603Metric;;68.485.000;64.725.000;;;180.000.000;YES;25983
C190;1pF;C_0201_0603Metric;;68.485.000;106.725.000;;;180.000.000;YES;25983
C190;1pF;C_0201_0603Metric;;137.565.000;148.725.000;;;180.000.000;YES;25983
C191;1nF;C_0201_0603Metric;;139.015.000;146.275.000;;;180.000.000;YES;26088
C191;1nF;C_0201_0603Metric;;69.935.000;146.275.000;;;180.000.000;YES;26088
C191;1nF;C_0201_0603Metric;;35.395.000;146.275.000;;;180.000.000;YES;26088
C191;1nF;C_0201_0603Metric;;104.475.000;20.275.000;;;180.000.000;YES;26088
C191;1nF;C_0201_0603Metric;;104.475.000;62.275.000;;;180.000.000;YES;26088
C191;1nF;C_0201_0603Metric;;35.395.000;104.275.000;;;180.000.000;YES;26088
C191;1nF;C_0201_0603Metric;;139.015.000;62.275.000;;;180.000.000;YES;26088
C191;1nF;C_0201_0603Metric;;139.015.000;104.275.000;;;180.000.000;YES;26088
C191;1nF;C_0201_0603Metric;;69.935.000;20.275.000;;;180.000.000;YES;26088
C191;1nF;C_0201_0603Metric;;104.475.000;104.275.000;;;180.000.000;YES;26088
C191;1nF;C_0201_0603Metric;;104.475.000;146.275.000;;;180.000.000;YES;26088
C191;1nF;C_0201_0603Metric;;69.935.000;62.275.000;;;180.000.000;YES;26088
C191;1nF;C_0201_0603Metric;;35.395.000;20.275.000;;;180.000.000;YES;26088
C191;1nF;C_0201_0603Metric;;35.395.000;62.275.000;;;180.000.000;YES;26088
C191;1nF;C_0201_0603Metric;;69.935.000;104.275.000;;;180.000.000;YES;26088
C191;1nF;C_0201_0603Metric;;139.015.000;20.275.000;;;180.000.000;YES;26088
C192;1pF;C_0201_0603Metric;;103.025.000;20.275.000;;;180.000.000;YES;25983
C192;1pF;C_0201_0603Metric;;68.485.000;20.275.000;;;180.000.000;YES;25983
C192;1pF;C_0201_0603Metric;;33.945.000;20.275.000;;;180.000.000;YES;25983
C192;1pF;C_0201_0603Metric;;68.485.000;104.275.000;;;180.000.000;YES;25983
C192;1pF;C_0201_0603Metric;;68.485.000;62.275.000;;;180.000.000;YES;25983
C192;1pF;C_0201_0603Metric;;103.025.000;146.275.000;;;180.000.000;YES;25983
C192;1pF;C_0201_0603Metric;;103.025.000;104.275.000;;;180.000.000;YES;25983
C192;1pF;C_0201_0603Metric;;33.945.000;146.275.000;;;180.000.000;YES;25983
C192;1pF;C_0201_0603Metric;;137.565.000;146.275.000;;;180.000.000;YES;25983
C192;1pF;C_0201_0603Metric;;137.565.000;62.275.000;;;180.000.000;YES;25983
C192;1pF;C_0201_0603Metric;;33.945.000;104.275.000;;;180.000.000;YES;25983
C192;1pF;C_0201_0603Metric;;103.025.000;62.275.000;;;180.000.000;YES;25983
C192;1pF;C_0201_0603Metric;;68.485.000;146.275.000;;;180.000.000;YES;25983
C192;1pF;C_0201_0603Metric;;33.945.000;62.275.000;;;180.000.000;YES;25983
C192;1pF;C_0201_0603Metric;;137.565.000;104.275.000;;;180.000.000;YES;25983
C192;1pF;C_0201_0603Metric;;137.565.000;20.275.000;;;180.000.000;YES;25983
C193;1nF;C_0201_0603Metric;;132.615.000;31.735.000;;;0.000000;YES;26088
C193;1nF;C_0201_0603Metric;;98.075.000;73.735.000;;;0.000000;YES;26088
C193;1nF;C_0201_0603Metric;;98.075.000;157.735.000;;;0.000000;YES;26088
C193;1nF;C_0201_0603Metric;;98.075.000;31.735.000;;;0.000000;YES;26088
C193;1nF;C_0201_0603Metric;;63.535.000;73.735.000;;;0.000000;YES;26088
C193;1nF;C_0201_0603Metric;;63.535.000;31.735.000;;;0.000000;YES;26088
C193;1nF;C_0201_0603Metric;;28.995.000;73.735.000;;;0.000000;YES;26088
C193;1nF;C_0201_0603Metric;;63.535.000;157.735.000;;;0.000000;YES;26088
C193;1nF;C_0201_0603Metric;;28.995.000;115.735.000;;;0.000000;YES;26088
C193;1nF;C_0201_0603Metric;;98.075.000;115.735.000;;;0.000000;YES;26088
C193;1nF;C_0201_0603Metric;;132.615.000;73.735.000;;;0.000000;YES;26088
C193;1nF;C_0201_0603Metric;;63.535.000;115.735.000;;;0.000000;YES;26088
C193;1nF;C_0201_0603Metric;;28.995.000;31.735.000;;;0.000000;YES;26088
C193;1nF;C_0201_0603Metric;;132.615.000;115.735.000;;;0.000000;YES;26088
C193;1nF;C_0201_0603Metric;;132.615.000;157.735.000;;;0.000000;YES;26088
C193;1nF;C_0201_0603Metric;;28.995.000;157.735.000;;;0.000000;YES;26088
C194;100nF;C_0201_0603Metric;;62.085.000;74.275.000;;;0.000000;YES;26069
C194;100nF;C_0201_0603Metric;;96.625.000;116.275.000;;;0.000000;YES;26069
C194;100nF;C_0201_0603Metric;;96.625.000;32.275.000;;;0.000000;YES;26069
C194;100nF;C_0201_0603Metric;;96.625.000;158.275.000;;;0.000000;YES;26069
C194;100nF;C_0201_0603Metric;;27.545.000;74.275.000;;;0.000000;YES;26069
C194;100nF;C_0201_0603Metric;;131.165.000;74.275.000;;;0.000000;YES;26069
C194;100nF;C_0201_0603Metric;;27.545.000;158.275.000;;;0.000000;YES;26069
C194;100nF;C_0201_0603Metric;;27.545.000;32.275.000;;;0.000000;YES;26069
C194;100nF;C_0201_0603Metric;;131.165.000;158.275.000;;;0.000000;YES;26069
C194;100nF;C_0201_0603Metric;;27.545.000;116.275.000;;;0.000000;YES;26069
C194;100nF;C_0201_0603Metric;;62.085.000;116.275.000;;;0.000000;YES;26069
C194;100nF;C_0201_0603Metric;;131.165.000;116.275.000;;;0.000000;YES;26069
C194;100nF;C_0201_0603Metric;;62.085.000;158.275.000;;;0.000000;YES;26069
C194;100nF;C_0201_0603Metric;;96.625.000;74.275.000;;;0.000000;YES;26069
C194;100nF;C_0201_0603Metric;;62.085.000;32.275.000;;;0.000000;YES;26069
C194;100nF;C_0201_0603Metric;;131.165.000;32.275.000;;;0.000000;YES;26069
C195;1pF;C_0201_0603Metric;;132.615.000;116.275.000;;;0.000000;YES;25983
C195;1pF;C_0201_0603Metric;;98.075.000;158.275.000;;;0.000000;YES;25983
C195;1pF;C_0201_0603Metric;;98.075.000;74.275.000;;;0.000000;YES;25983
C195;1pF;C_0201_0603Metric;;28.995.000;74.275.000;;;0.000000;YES;25983
C195;1pF;C_0201_0603Metric;;28.995.000;32.275.000;;;0.000000;YES;25983
C195;1pF;C_0201_0603Metric;;63.535.000;158.275.000;;;0.000000;YES;25983
C195;1pF;C_0201_0603Metric;;98.075.000;116.275.000;;;0.000000;YES;25983
C195;1pF;C_0201_0603Metric;;132.615.000;158.275.000;;;0.000000;YES;25983
C195;1pF;C_0201_0603Metric;;28.995.000;116.275.000;;;0.000000;YES;25983
C195;1pF;C_0201_0603Metric;;63.535.000;116.275.000;;;0.000000;YES;25983
C195;1pF;C_0201_0603Metric;;63.535.000;74.275.000;;;0.000000;YES;25983
C195;1pF;C_0201_0603Metric;;63.535.000;32.275.000;;;0.000000;YES;25983
C195;1pF;C_0201_0603Metric;;98.075.000;32.275.000;;;0.000000;YES;25983
C195;1pF;C_0201_0603Metric;;28.995.000;158.275.000;;;0.000000;YES;25983
C195;1pF;C_0201_0603Metric;;132.615.000;32.275.000;;;0.000000;YES;25983
C195;1pF;C_0201_0603Metric;;132.615.000;74.275.000;;;0.000000;YES;25983
C196;1nF;C_0201_0603Metric;;27.545.000;118.725.000;;;0.000000;YES;26088
C196;1nF;C_0201_0603Metric;;96.625.000;34.725.000;;;0.000000;YES;26088
C196;1nF;C_0201_0603Metric;;27.545.000;76.725.000;;;0.000000;YES;26088
C196;1nF;C_0201_0603Metric;;131.165.000;76.725.000;;;0.000000;YES;26088
C196;1nF;C_0201_0603Metric;;62.085.000;118.725.000;;;0.000000;YES;26088
C196;1nF;C_0201_0603Metric;;27.545.000;160.725.000;;;0.000000;YES;26088
C196;1nF;C_0201_0603Metric;;96.625.000;118.725.000;;;0.000000;YES;26088
C196;1nF;C_0201_0603Metric;;27.545.000;34.725.000;;;0.000000;YES;26088
C196;1nF;C_0201_0603Metric;;62.085.000;34.725.000;;;0.000000;YES;26088
C196;1nF;C_0201_0603Metric;;62.085.000;160.725.000;;;0.000000;YES;26088
C196;1nF;C_0201_0603Metric;;62.085.000;76.725.000;;;0.000000;YES;26088
C196;1nF;C_0201_0603Metric;;131.165.000;118.725.000;;;0.000000;YES;26088
C196;1nF;C_0201_0603Metric;;131.165.000;34.725.000;;;0.000000;YES;26088
C196;1nF;C_0201_0603Metric;;96.625.000;76.725.000;;;0.000000;YES;26088
C196;1nF;C_0201_0603Metric;;131.165.000;160.725.000;;;0.000000;YES;26088
C196;1nF;C_0201_0603Metric;;96.625.000;160.725.000;;;0.000000;YES;26088
C197;1pF;C_0201_0603Metric;;98.075.000;160.725.000;;;0.000000;YES;25983
C197;1pF;C_0201_0603Metric;;132.615.000;118.725.000;;;0.000000;YES;25983
C197;1pF;C_0201_0603Metric;;63.535.000;160.725.000;;;0.000000;YES;25983
C197;1pF;C_0201_0603Metric;;98.075.000;76.725.000;;;0.000000;YES;25983
C197;1pF;C_0201_0603Metric;;98.075.000;34.725.000;;;0.000000;YES;25983
C197;1pF;C_0201_0603Metric;;28.995.000;34.725.000;;;0.000000;YES;25983
C197;1pF;C_0201_0603Metric;;132.615.000;76.725.000;;;0.000000;YES;25983
C197;1pF;C_0201_0603Metric;;28.995.000;118.725.000;;;0.000000;YES;25983
C197;1pF;C_0201_0603Metric;;98.075.000;118.725.000;;;0.000000;YES;25983
C197;1pF;C_0201_0603Metric;;28.995.000;160.725.000;;;0.000000;YES;25983
C197;1pF;C_0201_0603Metric;;63.535.000;34.725.000;;;0.000000;YES;25983
C197;1pF;C_0201_0603Metric;;132.615.000;34.725.000;;;0.000000;YES;25983
C197;1pF;C_0201_0603Metric;;132.615.000;160.725.000;;;0.000000;YES;25983
C197;1pF;C_0201_0603Metric;;63.535.000;118.725.000;;;0.000000;YES;25983
C197;1pF;C_0201_0603Metric;;28.995.000;76.725.000;;;0.000000;YES;25983
C197;1pF;C_0201_0603Metric;;63.535.000;76.725.000;;;0.000000;YES;25983
C198;1nF;C_0201_0603Metric;;76.335.000;115.735.000;;;0.000000;YES;26088
C198;1nF;C_0201_0603Metric;;145.415.000;73.735.000;;;0.000000;YES;26088
C198;1nF;C_0201_0603Metric;;76.335.000;157.735.000;;;0.000000;YES;26088
C198;1nF;C_0201_0603Metric;;41.795.000;157.735.000;;;0.000000;YES;26088
C198;1nF;C_0201_0603Metric;;41.795.000;115.735.000;;;0.000000;YES;26088
C198;1nF;C_0201_0603Metric;;41.795.000;31.735.000;;;0.000000;YES;26088
C198;1nF;C_0201_0603Metric;;110.875.000;157.735.000;;;0.000000;YES;26088
C198;1nF;C_0201_0603Metric;;110.875.000;115.735.000;;;0.000000;YES;26088
C198;1nF;C_0201_0603Metric;;76.335.000;73.735.000;;;0.000000;YES;26088
C198;1nF;C_0201_0603Metric;;145.415.000;31.735.000;;;0.000000;YES;26088
C198;1nF;C_0201_0603Metric;;110.875.000;31.735.000;;;0.000000;YES;26088
C198;1nF;C_0201_0603Metric;;145.415.000;115.735.000;;;0.000000;YES;26088
C198;1nF;C_0201_0603Metric;;110.875.000;73.735.000;;;0.000000;YES;26088
C198;1nF;C_0201_0603Metric;;145.415.000;157.735.000;;;0.000000;YES;26088
C198;1nF;C_0201_0603Metric;;76.335.000;31.735.000;;;0.000000;YES;26088
C198;1nF;C_0201_0603Metric;;41.795.000;73.735.000;;;0.000000;YES;26088
C199;100nF;C_0201_0603Metric;;74.885.000;158.275.000;;;0.000000;YES;26069
C199;100nF;C_0201_0603Metric;;109.425.000;74.275.000;;;0.000000;YES;26069
C199;100nF;C_0201_0603Metric;;40.345.000;32.275.000;;;0.000000;YES;26069
C199;100nF;C_0201_0603Metric;;143.965.000;32.275.000;;;0.000000;YES;26069
C199;100nF;C_0201_0603Metric;;74.885.000;74.275.000;;;0.000000;YES;26069
C199;100nF;C_0201_0603Metric;;143.965.000;116.275.000;;;0.000000;YES;26069
C199;100nF;C_0201_0603Metric;;40.345.000;116.275.000;;;0.000000;YES;26069
C199;100nF;C_0201_0603Metric;;109.425.000;116.275.000;;;0.000000;YES;26069
C199;100nF;C_0201_0603Metric;;109.425.000;32.275.000;;;0.000000;YES;26069
C199;100nF;C_0201_0603Metric;;143.965.000;158.275.000;;;0.000000;YES;26069
C199;100nF;C_0201_0603Metric;;40.345.000;158.275.000;;;0.000000;YES;26069
C199;100nF;C_0201_0603Metric;;109.425.000;158.275.000;;;0.000000;YES;26069
C199;100nF;C_0201_0603Metric;;74.885.000;32.275.000;;;0.000000;YES;26069
C199;100nF;C_0201_0603Metric;;143.965.000;74.275.000;;;0.000000;YES;26069
C199;100nF;C_0201_0603Metric;;74.885.000;116.275.000;;;0.000000;YES;26069
C199;100nF;C_0201_0603Metric;;40.345.000;74.275.000;;;0.000000;YES;26069
C200;1pF;C_0201_0603Metric;;41.795.000;32.275.000;;;0.000000;YES;25983
C200;1pF;C_0201_0603Metric;;145.415.000;158.275.000;;;0.000000;YES;25983
C200;1pF;C_0201_0603Metric;;76.335.000;158.275.000;;;0.000000;YES;25983
C200;1pF;C_0201_0603Metric;;145.415.000;74.275.000;;;0.000000;YES;25983
C200;1pF;C_0201_0603Metric;;110.875.000;158.275.000;;;0.000000;YES;25983
C200;1pF;C_0201_0603Metric;;76.335.000;32.275.000;;;0.000000;YES;25983
C200;1pF;C_0201_0603Metric;;41.795.000;74.275.000;;;0.000000;YES;25983
C200;1pF;C_0201_0603Metric;;41.795.000;158.275.000;;;0.000000;YES;25983
C200;1pF;C_0201_0603Metric;;110.875.000;74.275.000;;;0.000000;YES;25983
C200;1pF;C_0201_0603Metric;;41.795.000;116.275.000;;;0.000000;YES;25983
C200;1pF;C_0201_0603Metric;;110.875.000;116.275.000;;;0.000000;YES;25983
C200;1pF;C_0201_0603Metric;;76.335.000;116.275.000;;;0.000000;YES;25983
C200;1pF;C_0201_0603Metric;;110.875.000;32.275.000;;;0.000000;YES;25983
C200;1pF;C_0201_0603Metric;;76.335.000;74.275.000;;;0.000000;YES;25983
C200;1pF;C_0201_0603Metric;;145.415.000;32.275.000;;;0.000000;YES;25983
C200;1pF;C_0201_0603Metric;;145.415.000;116.275.000;;;0.000000;YES;25983
C201;1nF;C_0201_0603Metric;;40.345.000;118.725.000;;;0.000000;YES;26088
C201;1nF;C_0201_0603Metric;;74.885.000;118.725.000;;;0.000000;YES;26088
C201;1nF;C_0201_0603Metric;;109.425.000;76.725.000;;;0.000000;YES;26088
C201;1nF;C_0201_0603Metric;;143.965.000;34.725.000;;;0.000000;YES;26088
C201;1nF;C_0201_0603Metric;;40.345.000;160.725.000;;;0.000000;YES;26088
C201;1nF;C_0201_0603Metric;;40.345.000;34.725.000;;;0.000000;YES;26088
C201;1nF;C_0201_0603Metric;;74.885.000;76.725.000;;;0.000000;YES;26088
C201;1nF;C_0201_0603Metric;;143.965.000;118.725.000;;;0.000000;YES;26088
C201;1nF;C_0201_0603Metric;;74.885.000;160.725.000;;;0.000000;YES;26088
C201;1nF;C_0201_0603Metric;;109.425.000;118.725.000;;;0.000000;YES;26088
C201;1nF;C_0201_0603Metric;;143.965.000;160.725.000;;;0.000000;YES;26088
C201;1nF;C_0201_0603Metric;;74.885.000;34.725.000;;;0.000000;YES;26088
C201;1nF;C_0201_0603Metric;;40.345.000;76.725.000;;;0.000000;YES;26088
C201;1nF;C_0201_0603Metric;;109.425.000;160.725.000;;;0.000000;YES;26088
C201;1nF;C_0201_0603Metric;;109.425.000;34.725.000;;;0.000000;YES;26088
C201;1nF;C_0201_0603Metric;;143.965.000;76.725.000;;;0.000000;YES;26088
C202;1pF;C_0201_0603Metric;;110.875.000;34.725.000;;;0.000000;YES;25983
C202;1pF;C_0201_0603Metric;;76.335.000;76.725.000;;;0.000000;YES;25983
C202;1pF;C_0201_0603Metric;;76.335.000;34.725.000;;;0.000000;YES;25983
C202;1pF;C_0201_0603Metric;;145.415.000;160.725.000;;;0.000000;YES;25983
C202;1pF;C_0201_0603Metric;;110.875.000;76.725.000;;;0.000000;YES;25983
C202;1pF;C_0201_0603Metric;;76.335.000;118.725.000;;;0.000000;YES;25983
C202;1pF;C_0201_0603Metric;;76.335.000;160.725.000;;;0.000000;YES;25983
C202;1pF;C_0201_0603Metric;;41.795.000;160.725.000;;;0.000000;YES;25983
C202;1pF;C_0201_0603Metric;;110.875.000;118.725.000;;;0.000000;YES;25983
C202;1pF;C_0201_0603Metric;;145.415.000;34.725.000;;;0.000000;YES;25983
C202;1pF;C_0201_0603Metric;;110.875.000;160.725.000;;;0.000000;YES;25983
C202;1pF;C_0201_0603Metric;;41.795.000;118.725.000;;;0.000000;YES;25983
C202;1pF;C_0201_0603Metric;;41.795.000;34.725.000;;;0.000000;YES;25983
C202;1pF;C_0201_0603Metric;;145.415.000;76.725.000;;;0.000000;YES;25983
C202;1pF;C_0201_0603Metric;;145.415.000;118.725.000;;;0.000000;YES;25983
C202;1pF;C_0201_0603Metric;;41.795.000;76.725.000;;;0.000000;YES;25983
C203;1nF;C_0201_0603Metric;;21.145.000;23.265.000;;;180.000.000;YES;26088
C203;1nF;C_0201_0603Metric;;55.685.000;149.265.000;;;180.000.000;YES;26088
C203;1nF;C_0201_0603Metric;;90.225.000;107.265.000;;;180.000.000;YES;26088
C203;1nF;C_0201_0603Metric;;124.765.000;65.265.000;;;180.000.000;YES;26088
C203;1nF;C_0201_0603Metric;;90.225.000;23.265.000;;;180.000.000;YES;26088
C203;1nF;C_0201_0603Metric;;124.765.000;107.265.000;;;180.000.000;YES;26088
C203;1nF;C_0201_0603Metric;;90.225.000;65.265.000;;;180.000.000;YES;26088
C203;1nF;C_0201_0603Metric;;21.145.000;149.265.000;;;180.000.000;YES;26088
C203;1nF;C_0201_0603Metric;;55.685.000;65.265.000;;;180.000.000;YES;26088
C203;1nF;C_0201_0603Metric;;124.765.000;23.265.000;;;180.000.000;YES;26088
C203;1nF;C_0201_0603Metric;;55.685.000;107.265.000;;;180.000.000;YES;26088
C203;1nF;C_0201_0603Metric;;21.145.000;107.265.000;;;180.000.000;YES;26088
C203;1nF;C_0201_0603Metric;;21.145.000;65.265.000;;;180.000.000;YES;26088
C203;1nF;C_0201_0603Metric;;55.685.000;23.265.000;;;180.000.000;YES;26088
C203;1nF;C_0201_0603Metric;;90.225.000;149.265.000;;;180.000.000;YES;26088
C203;1nF;C_0201_0603Metric;;124.765.000;149.265.000;;;180.000.000;YES;26088
C204;100nF;C_0201_0603Metric;;91.675.000;148.725.000;;;180.000.000;YES;26069
C204;100nF;C_0201_0603Metric;;126.215.000;64.725.000;;;180.000.000;YES;26069
C204;100nF;C_0201_0603Metric;;22.595.000;106.725.000;;;180.000.000;YES;26069
C204;100nF;C_0201_0603Metric;;57.135.000;22.725.000;;;180.000.000;YES;26069
C204;100nF;C_0201_0603Metric;;91.675.000;106.725.000;;;180.000.000;YES;26069
C204;100nF;C_0201_0603Metric;;126.215.000;22.725.000;;;180.000.000;YES;26069
C204;100nF;C_0201_0603Metric;;126.215.000;148.725.000;;;180.000.000;YES;26069
C204;100nF;C_0201_0603Metric;;22.595.000;64.725.000;;;180.000.000;YES;26069
C204;100nF;C_0201_0603Metric;;91.675.000;64.725.000;;;180.000.000;YES;26069
C204;100nF;C_0201_0603Metric;;57.135.000;64.725.000;;;180.000.000;YES;26069
C204;100nF;C_0201_0603Metric;;22.595.000;22.725.000;;;180.000.000;YES;26069
C204;100nF;C_0201_0603Metric;;57.135.000;106.725.000;;;180.000.000;YES;26069
C204;100nF;C_0201_0603Metric;;91.675.000;22.725.000;;;180.000.000;YES;26069
C204;100nF;C_0201_0603Metric;;57.135.000;148.725.000;;;180.000.000;YES;26069
C204;100nF;C_0201_0603Metric;;126.215.000;106.725.000;;;180.000.000;YES;26069
C204;100nF;C_0201_0603Metric;;22.595.000;148.725.000;;;180.000.000;YES;26069
C205;1pF;C_0201_0603Metric;;21.145.000;148.725.000;;;180.000.000;YES;25983
C205;1pF;C_0201_0603Metric;;21.145.000;106.725.000;;;180.000.000;YES;25983
C205;1pF;C_0201_0603Metric;;55.685.000;148.725.000;;;180.000.000;YES;25983
C205;1pF;C_0201_0603Metric;;90.225.000;22.725.000;;;180.000.000;YES;25983
C205;1pF;C_0201_0603Metric;;124.765.000;22.725.000;;;180.000.000;YES;25983
C205;1pF;C_0201_0603Metric;;21.145.000;64.725.000;;;180.000.000;YES;25983
C205;1pF;C_0201_0603Metric;;55.685.000;106.725.000;;;180.000.000;YES;25983
C205;1pF;C_0201_0603Metric;;124.765.000;148.725.000;;;180.000.000;YES;25983
C205;1pF;C_0201_0603Metric;;124.765.000;106.725.000;;;180.000.000;YES;25983
C205;1pF;C_0201_0603Metric;;90.225.000;148.725.000;;;180.000.000;YES;25983
C205;1pF;C_0201_0603Metric;;55.685.000;64.725.000;;;180.000.000;YES;25983
C205;1pF;C_0201_0603Metric;;124.765.000;64.725.000;;;180.000.000;YES;25983
C205;1pF;C_0201_0603Metric;;55.685.000;22.725.000;;;180.000.000;YES;25983
C205;1pF;C_0201_0603Metric;;90.225.000;64.725.000;;;180.000.000;YES;25983
C205;1pF;C_0201_0603Metric;;21.145.000;22.725.000;;;180.000.000;YES;25983
C205;1pF;C_0201_0603Metric;;90.225.000;106.725.000;;;180.000.000;YES;25983
C206;1nF;C_0201_0603Metric;;57.135.000;104.275.000;;;180.000.000;YES;26088
C206;1nF;C_0201_0603Metric;;22.595.000;20.275.000;;;180.000.000;YES;26088
C206;1nF;C_0201_0603Metric;;57.135.000;62.275.000;;;180.000.000;YES;26088
C206;1nF;C_0201_0603Metric;;91.675.000;104.275.000;;;180.000.000;YES;26088
C206;1nF;C_0201_0603Metric;;91.675.000;20.275.000;;;180.000.000;YES;26088
C206;1nF;C_0201_0603Metric;;57.135.000;20.275.000;;;180.000.000;YES;26088
C206;1nF;C_0201_0603Metric;;126.215.000;62.275.000;;;180.000.000;YES;26088
C206;1nF;C_0201_0603Metric;;22.595.000;104.275.000;;;180.000.000;YES;26088
C206;1nF;C_0201_0603Metric;;126.215.000;20.275.000;;;180.000.000;YES;26088
C206;1nF;C_0201_0603Metric;;91.675.000;62.275.000;;;180.000.000;YES;26088
C206;1nF;C_0201_0603Metric;;22.595.000;62.275.000;;;180.000.000;YES;26088
C206;1nF;C_0201_0603Metric;;57.135.000;146.275.000;;;180.000.000;YES;26088
C206;1nF;C_0201_0603Metric;;22.595.000;146.275.000;;;180.000.000;YES;26088
C206;1nF;C_0201_0603Metric;;126.215.000;146.275.000;;;180.000.000;YES;26088
C206;1nF;C_0201_0603Metric;;91.675.000;146.275.000;;;180.000.000;YES;26088
C206;1nF;C_0201_0603Metric;;126.215.000;104.275.000;;;180.000.000;YES;26088
C207;1pF;C_0201_0603Metric;;90.225.000;62.275.000;;;180.000.000;YES;25983
C207;1pF;C_0201_0603Metric;;21.145.000;146.275.000;;;180.000.000;YES;25983
C207;1pF;C_0201_0603Metric;;55.685.000;62.275.000;;;180.000.000;YES;25983
C207;1pF;C_0201_0603Metric;;90.225.000;146.275.000;;;180.000.000;YES;25983
C207;1pF;C_0201_0603Metric;;124.765.000;104.275.000;;;180.000.000;YES;25983
C207;1pF;C_0201_0603Metric;;21.145.000;62.275.000;;;180.000.000;YES;25983
C207;1pF;C_0201_0603Metric;;21.145.000;20.275.000;;;180.000.000;YES;25983
C207;1pF;C_0201_0603Metric;;55.685.000;104.275.000;;;180.000.000;YES;25983
C207;1pF;C_0201_0603Metric;;55.685.000;146.275.000;;;180.000.000;YES;25983
C207;1pF;C_0201_0603Metric;;21.145.000;104.275.000;;;180.000.000;YES;25983
C207;1pF;C_0201_0603Metric;;90.225.000;104.275.000;;;180.000.000;YES;25983
C207;1pF;C_0201_0603Metric;;55.685.000;20.275.000;;;180.000.000;YES;25983
C207;1pF;C_0201_0603Metric;;124.765.000;62.275.000;;;180.000.000;YES;25983
C207;1pF;C_0201_0603Metric;;90.225.000;20.275.000;;;180.000.000;YES;25983
C207;1pF;C_0201_0603Metric;;124.765.000;146.275.000;;;180.000.000;YES;25983
C207;1pF;C_0201_0603Metric;;124.765.000;20.275.000;;;180.000.000;YES;25983
C208;1nF;C_0201_0603Metric;;94.875.000;119.965.000;;;0.000000;YES;26088
C208;1nF;C_0201_0603Metric;;60.335.000;119.965.000;;;0.000000;YES;26088
C208;1nF;C_0201_0603Metric;;25.795.000;35.965.000;;;0.000000;YES;26088
C208;1nF;C_0201_0603Metric;;60.335.000;35.965.000;;;0.000000;YES;26088
C208;1nF;C_0201_0603Metric;;60.335.000;161.965.000;;;0.000000;YES;26088
C208;1nF;C_0201_0603Metric;;129.415.000;119.965.000;;;0.000000;YES;26088
C208;1nF;C_0201_0603Metric;;129.415.000;161.965.000;;;0.000000;YES;26088
C208;1nF;C_0201_0603Metric;;25.795.000;119.965.000;;;0.000000;YES;26088
C208;1nF;C_0201_0603Metric;;94.875.000;35.965.000;;;0.000000;YES;26088
C208;1nF;C_0201_0603Metric;;25.795.000;77.965.000;;;0.000000;YES;26088
C208;1nF;C_0201_0603Metric;;60.335.000;77.965.000;;;0.000000;YES;26088
C208;1nF;C_0201_0603Metric;;25.795.000;161.965.000;;;0.000000;YES;26088
C208;1nF;C_0201_0603Metric;;129.415.000;35.965.000;;;0.000000;YES;26088
C208;1nF;C_0201_0603Metric;;94.875.000;161.965.000;;;0.000000;YES;26088
C208;1nF;C_0201_0603Metric;;129.415.000;77.965.000;;;0.000000;YES;26088
C208;1nF;C_0201_0603Metric;;94.875.000;77.965.000;;;0.000000;YES;26088
C209;100nF;C_0201_0603Metric;;24.345.000;162.505.000;;;0.000000;YES;26069
C209;100nF;C_0201_0603Metric;;24.345.000;120.505.000;;;0.000000;YES;26069
C209;100nF;C_0201_0603Metric;;127.965.000;162.505.000;;;0.000000;YES;26069
C209;100nF;C_0201_0603Metric;;127.965.000;120.505.000;;;0.000000;YES;26069
C209;100nF;C_0201_0603Metric;;24.345.000;78.505.000;;;0.000000;YES;26069
C209;100nF;C_0201_0603Metric;;127.965.000;36.505.000;;;0.000000;YES;26069
C209;100nF;C_0201_0603Metric;;127.965.000;78.505.000;;;0.000000;YES;26069
C209;100nF;C_0201_0603Metric;;24.345.000;36.505.000;;;0.000000;YES;26069
C209;100nF;C_0201_0603Metric;;58.885.000;78.505.000;;;0.000000;YES;26069
C209;100nF;C_0201_0603Metric;;58.885.000;120.505.000;;;0.000000;YES;26069
C209;100nF;C_0201_0603Metric;;93.425.000;120.505.000;;;0.000000;YES;26069
C209;100nF;C_0201_0603Metric;;93.425.000;36.505.000;;;0.000000;YES;26069
C209;100nF;C_0201_0603Metric;;58.885.000;162.505.000;;;0.000000;YES;26069
C209;100nF;C_0201_0603Metric;;58.885.000;36.505.000;;;0.000000;YES;26069
C209;100nF;C_0201_0603Metric;;93.425.000;162.505.000;;;0.000000;YES;26069
C209;100nF;C_0201_0603Metric;;93.425.000;78.505.000;;;0.000000;YES;26069
C210;1pF;C_0201_0603Metric;;60.335.000;162.505.000;;;0.000000;YES;25983
C210;1pF;C_0201_0603Metric;;94.875.000;36.505.000;;;0.000000;YES;25983
C210;1pF;C_0201_0603Metric;;129.415.000;120.505.000;;;0.000000;YES;25983
C210;1pF;C_0201_0603Metric;;94.875.000;162.505.000;;;0.000000;YES;25983
C210;1pF;C_0201_0603Metric;;60.335.000;78.505.000;;;0.000000;YES;25983
C210;1pF;C_0201_0603Metric;;25.795.000;78.505.000;;;0.000000;YES;25983
C210;1pF;C_0201_0603Metric;;25.795.000;162.505.000;;;0.000000;YES;25983
C210;1pF;C_0201_0603Metric;;94.875.000;78.505.000;;;0.000000;YES;25983
C210;1pF;C_0201_0603Metric;;60.335.000;120.505.000;;;0.000000;YES;25983
C210;1pF;C_0201_0603Metric;;129.415.000;78.505.000;;;0.000000;YES;25983
C210;1pF;C_0201_0603Metric;;25.795.000;120.505.000;;;0.000000;YES;25983
C210;1pF;C_0201_0603Metric;;129.415.000;36.505.000;;;0.000000;YES;25983
C210;1pF;C_0201_0603Metric;;60.335.000;36.505.000;;;0.000000;YES;25983
C210;1pF;C_0201_0603Metric;;129.415.000;162.505.000;;;0.000000;YES;25983
C210;1pF;C_0201_0603Metric;;94.875.000;120.505.000;;;0.000000;YES;25983
C210;1pF;C_0201_0603Metric;;25.795.000;36.505.000;;;0.000000;YES;25983
C211;1nF;C_0201_0603Metric;;24.345.000;122.955.000;;;0.000000;YES;26088
C211;1nF;C_0201_0603Metric;;58.885.000;164.955.000;;;0.000000;YES;26088
C211;1nF;C_0201_0603Metric;;127.965.000;38.955.000;;;0.000000;YES;26088
C211;1nF;C_0201_0603Metric;;58.885.000;80.955.000;;;0.000000;YES;26088
C211;1nF;C_0201_0603Metric;;93.425.000;80.955.000;;;0.000000;YES;26088
C211;1nF;C_0201_0603Metric;;24.345.000;80.955.000;;;0.000000;YES;26088
C211;1nF;C_0201_0603Metric;;58.885.000;122.955.000;;;0.000000;YES;26088
C211;1nF;C_0201_0603Metric;;24.345.000;38.955.000;;;0.000000;YES;26088
C211;1nF;C_0201_0603Metric;;127.965.000;122.955.000;;;0.000000;YES;26088
C211;1nF;C_0201_0603Metric;;93.425.000;38.955.000;;;0.000000;YES;26088
C211;1nF;C_0201_0603Metric;;93.425.000;164.955.000;;;0.000000;YES;26088
C211;1nF;C_0201_0603Metric;;58.885.000;38.955.000;;;0.000000;YES;26088
C211;1nF;C_0201_0603Metric;;127.965.000;164.955.000;;;0.000000;YES;26088
C211;1nF;C_0201_0603Metric;;93.425.000;122.955.000;;;0.000000;YES;26088
C211;1nF;C_0201_0603Metric;;127.965.000;80.955.000;;;0.000000;YES;26088
C211;1nF;C_0201_0603Metric;;24.345.000;164.955.000;;;0.000000;YES;26088
C212;1pF;C_0201_0603Metric;;25.795.000;122.955.000;;;0.000000;YES;25983
C212;1pF;C_0201_0603Metric;;60.335.000;80.955.000;;;0.000000;YES;25983
C212;1pF;C_0201_0603Metric;;129.415.000;164.955.000;;;0.000000;YES;25983
C212;1pF;C_0201_0603Metric;;94.875.000;122.955.000;;;0.000000;YES;25983
C212;1pF;C_0201_0603Metric;;25.795.000;38.955.000;;;0.000000;YES;25983
C212;1pF;C_0201_0603Metric;;129.415.000;80.955.000;;;0.000000;YES;25983
C212;1pF;C_0201_0603Metric;;60.335.000;38.955.000;;;0.000000;YES;25983
C212;1pF;C_0201_0603Metric;;129.415.000;122.955.000;;;0.000000;YES;25983
C212;1pF;C_0201_0603Metric;;60.335.000;122.955.000;;;0.000000;YES;25983
C212;1pF;C_0201_0603Metric;;94.875.000;80.955.000;;;0.000000;YES;25983
C212;1pF;C_0201_0603Metric;;129.415.000;38.955.000;;;0.000000;YES;25983
C212;1pF;C_0201_0603Metric;;25.795.000;164.955.000;;;0.000000;YES;25983
C212;1pF;C_0201_0603Metric;;60.335.000;164.955.000;;;0.000000;YES;25983
C212;1pF;C_0201_0603Metric;;25.795.000;80.955.000;;;0.000000;YES;25983
C212;1pF;C_0201_0603Metric;;94.875.000;164.955.000;;;0.000000;YES;25983
C212;1pF;C_0201_0603Metric;;94.875.000;38.955.000;;;0.000000;YES;25983
C213;1nF;C_0201_0603Metric;;35.395.000;157.735.000;;;0.000000;YES;26088
C213;1nF;C_0201_0603Metric;;104.475.000;157.735.000;;;0.000000;YES;26088
C213;1nF;C_0201_0603Metric;;69.935.000;115.735.000;;;0.000000;YES;26088
C213;1nF;C_0201_0603Metric;;69.935.000;31.735.000;;;0.000000;YES;26088
C213;1nF;C_0201_0603Metric;;104.475.000;115.735.000;;;0.000000;YES;26088
C213;1nF;C_0201_0603Metric;;69.935.000;73.735.000;;;0.000000;YES;26088
C213;1nF;C_0201_0603Metric;;104.475.000;73.735.000;;;0.000000;YES;26088
C213;1nF;C_0201_0603Metric;;139.015.000;31.735.000;;;0.000000;YES;26088
C213;1nF;C_0201_0603Metric;;35.395.000;115.735.000;;;0.000000;YES;26088
C213;1nF;C_0201_0603Metric;;139.015.000;73.735.000;;;0.000000;YES;26088
C213;1nF;C_0201_0603Metric;;69.935.000;157.735.000;;;0.000000;YES;26088
C213;1nF;C_0201_0603Metric;;35.395.000;31.735.000;;;0.000000;YES;26088
C213;1nF;C_0201_0603Metric;;104.475.000;31.735.000;;;0.000000;YES;26088
C213;1nF;C_0201_0603Metric;;139.015.000;115.735.000;;;0.000000;YES;26088
C213;1nF;C_0201_0603Metric;;35.395.000;73.735.000;;;0.000000;YES;26088
C213;1nF;C_0201_0603Metric;;139.015.000;157.735.000;;;0.000000;YES;26088
C214;100nF;C_0201_0603Metric;;68.485.000;158.275.000;;;0.000000;YES;26069
C214;100nF;C_0201_0603Metric;;103.025.000;32.275.000;;;0.000000;YES;26069
C214;100nF;C_0201_0603Metric;;103.025.000;74.275.000;;;0.000000;YES;26069
C214;100nF;C_0201_0603Metric;;33.945.000;32.275.000;;;0.000000;YES;26069
C214;100nF;C_0201_0603Metric;;137.565.000;158.275.000;;;0.000000;YES;26069
C214;100nF;C_0201_0603Metric;;33.945.000;74.275.000;;;0.000000;YES;26069
C214;100nF;C_0201_0603Metric;;33.945.000;116.275.000;;;0.000000;YES;26069
C214;100nF;C_0201_0603Metric;;137.565.000;32.275.000;;;0.000000;YES;26069
C214;100nF;C_0201_0603Metric;;68.485.000;32.275.000;;;0.000000;YES;26069
C214;100nF;C_0201_0603Metric;;68.485.000;74.275.000;;;0.000000;YES;26069
C214;100nF;C_0201_0603Metric;;137.565.000;74.275.000;;;0.000000;YES;26069
C214;100nF;C_0201_0603Metric;;137.565.000;116.275.000;;;0.000000;YES;26069
C214;100nF;C_0201_0603Metric;;68.485.000;116.275.000;;;0.000000;YES;26069
C214;100nF;C_0201_0603Metric;;103.025.000;116.275.000;;;0.000000;YES;26069
C214;100nF;C_0201_0603Metric;;103.025.000;158.275.000;;;0.000000;YES;26069
C214;100nF;C_0201_0603Metric;;33.945.000;158.275.000;;;0.000000;YES;26069
C215;1pF;C_0201_0603Metric;;139.015.000;158.275.000;;;0.000000;YES;25983
C215;1pF;C_0201_0603Metric;;69.935.000;116.275.000;;;0.000000;YES;25983
C215;1pF;C_0201_0603Metric;;35.395.000;74.275.000;;;0.000000;YES;25983
C215;1pF;C_0201_0603Metric;;139.015.000;74.275.000;;;0.000000;YES;25983
C215;1pF;C_0201_0603Metric;;35.395.000;116.275.000;;;0.000000;YES;25983
C215;1pF;C_0201_0603Metric;;104.475.000;74.275.000;;;0.000000;YES;25983
C215;1pF;C_0201_0603Metric;;139.015.000;116.275.000;;;0.000000;YES;25983
C215;1pF;C_0201_0603Metric;;69.935.000;158.275.000;;;0.000000;YES;25983
C215;1pF;C_0201_0603Metric;;139.015.000;32.275.000;;;0.000000;YES;25983
C215;1pF;C_0201_0603Metric;;104.475.000;32.275.000;;;0.000000;YES;25983
C215;1pF;C_0201_0603Metric;;35.395.000;158.275.000;;;0.000000;YES;25983
C215;1pF;C_0201_0603Metric;;69.935.000;74.275.000;;;0.000000;YES;25983
C215;1pF;C_0201_0603Metric;;104.475.000;116.275.000;;;0.000000;YES;25983
C215;1pF;C_0201_0603Metric;;35.395.000;32.275.000;;;0.000000;YES;25983
C215;1pF;C_0201_0603Metric;;69.935.000;32.275.000;;;0.000000;YES;25983
C215;1pF;C_0201_0603Metric;;104.475.000;158.275.000;;;0.000000;YES;25983
C216;1nF;C_0201_0603Metric;;103.025.000;160.725.000;;;0.000000;YES;26088
C216;1nF;C_0201_0603Metric;;137.565.000;34.725.000;;;0.000000;YES;26088
C216;1nF;C_0201_0603Metric;;68.485.000;160.725.000;;;0.000000;YES;26088
C216;1nF;C_0201_0603Metric;;68.485.000;76.725.000;;;0.000000;YES;26088
C216;1nF;C_0201_0603Metric;;103.025.000;76.725.000;;;0.000000;YES;26088
C216;1nF;C_0201_0603Metric;;33.945.000;76.725.000;;;0.000000;YES;26088
C216;1nF;C_0201_0603Metric;;33.945.000;118.725.000;;;0.000000;YES;26088
C216;1nF;C_0201_0603Metric;;33.945.000;34.725.000;;;0.000000;YES;26088
C216;1nF;C_0201_0603Metric;;137.565.000;76.725.000;;;0.000000;YES;26088
C216;1nF;C_0201_0603Metric;;68.485.000;118.725.000;;;0.000000;YES;26088
C216;1nF;C_0201_0603Metric;;103.025.000;118.725.000;;;0.000000;YES;26088
C216;1nF;C_0201_0603Metric;;33.945.000;160.725.000;;;0.000000;YES;26088
C216;1nF;C_0201_0603Metric;;103.025.000;34.725.000;;;0.000000;YES;26088
C216;1nF;C_0201_0603Metric;;137.565.000;118.725.000;;;0.000000;YES;26088
C216;1nF;C_0201_0603Metric;;137.565.000;160.725.000;;;0.000000;YES;26088
C216;1nF;C_0201_0603Metric;;68.485.000;34.725.000;;;0.000000;YES;26088
C217;1pF;C_0201_0603Metric;;139.015.000;34.725.000;;;0.000000;YES;25983
C217;1pF;C_0201_0603Metric;;139.015.000;76.725.000;;;0.000000;YES;25983
C217;1pF;C_0201_0603Metric;;35.395.000;34.725.000;;;0.000000;YES;25983
C217;1pF;C_0201_0603Metric;;69.935.000;118.725.000;;;0.000000;YES;25983
C217;1pF;C_0201_0603Metric;;35.395.000;76.725.000;;;0.000000;YES;25983
C217;1pF;C_0201_0603Metric;;139.015.000;160.725.000;;;0.000000;YES;25983
C217;1pF;C_0201_0603Metric;;35.395.000;118.725.000;;;0.000000;YES;25983
C217;1pF;C_0201_0603Metric;;104.475.000;160.725.000;;;0.000000;YES;25983
C217;1pF;C_0201_0603Metric;;104.475.000;118.725.000;;;0.000000;YES;25983
C217;1pF;C_0201_0603Metric;;35.395.000;160.725.000;;;0.000000;YES;25983
C217;1pF;C_0201_0603Metric;;139.015.000;118.725.000;;;0.000000;YES;25983
C217;1pF;C_0201_0603Metric;;104.475.000;76.725.000;;;0.000000;YES;25983
C217;1pF;C_0201_0603Metric;;69.935.000;160.725.000;;;0.000000;YES;25983
C217;1pF;C_0201_0603Metric;;69.935.000;34.725.000;;;0.000000;YES;25983
C217;1pF;C_0201_0603Metric;;69.935.000;76.725.000;;;0.000000;YES;25983
C217;1pF;C_0201_0603Metric;;104.475.000;34.725.000;;;0.000000;YES;25983
C218;1nF;C_0201_0603Metric;;25.795.000;31.735.000;;;0.000000;YES;26088
C218;1nF;C_0201_0603Metric;;60.335.000;31.735.000;;;0.000000;YES;26088
C218;1nF;C_0201_0603Metric;;94.875.000;157.735.000;;;0.000000;YES;26088
C218;1nF;C_0201_0603Metric;;129.415.000;31.735.000;;;0.000000;YES;26088
C218;1nF;C_0201_0603Metric;;94.875.000;115.735.000;;;0.000000;YES;26088
C218;1nF;C_0201_0603Metric;;25.795.000;73.735.000;;;0.000000;YES;26088
C218;1nF;C_0201_0603Metric;;60.335.000;73.735.000;;;0.000000;YES;26088
C218;1nF;C_0201_0603Metric;;129.415.000;157.735.000;;;0.000000;YES;26088
C218;1nF;C_0201_0603Metric;;129.415.000;73.735.000;;;0.000000;YES;26088
C218;1nF;C_0201_0603Metric;;60.335.000;157.735.000;;;0.000000;YES;26088
C218;1nF;C_0201_0603Metric;;94.875.000;31.735.000;;;0.000000;YES;26088
C218;1nF;C_0201_0603Metric;;60.335.000;115.735.000;;;0.000000;YES;26088
C218;1nF;C_0201_0603Metric;;94.875.000;73.735.000;;;0.000000;YES;26088
C218;1nF;C_0201_0603Metric;;25.795.000;115.735.000;;;0.000000;YES;26088
C218;1nF;C_0201_0603Metric;;25.795.000;157.735.000;;;0.000000;YES;26088
C218;1nF;C_0201_0603Metric;;129.415.000;115.735.000;;;0.000000;YES;26088
C219;100nF;C_0201_0603Metric;;127.965.000;116.275.000;;;0.000000;YES;26069
C219;100nF;C_0201_0603Metric;;24.345.000;32.275.000;;;0.000000;YES;26069
C219;100nF;C_0201_0603Metric;;58.885.000;32.275.000;;;0.000000;YES;26069
C219;100nF;C_0201_0603Metric;;93.425.000;32.275.000;;;0.000000;YES;26069
C219;100nF;C_0201_0603Metric;;93.425.000;74.275.000;;;0.000000;YES;26069
C219;100nF;C_0201_0603Metric;;58.885.000;116.275.000;;;0.000000;YES;26069
C219;100nF;C_0201_0603Metric;;58.885.000;74.275.000;;;0.000000;YES;26069
C219;100nF;C_0201_0603Metric;;127.965.000;32.275.000;;;0.000000;YES;26069
C219;100nF;C_0201_0603Metric;;58.885.000;158.275.000;;;0.000000;YES;26069
C219;100nF;C_0201_0603Metric;;24.345.000;74.275.000;;;0.000000;YES;26069
C219;100nF;C_0201_0603Metric;;24.345.000;116.275.000;;;0.000000;YES;26069
C219;100nF;C_0201_0603Metric;;93.425.000;158.275.000;;;0.000000;YES;26069
C219;100nF;C_0201_0603Metric;;93.425.000;116.275.000;;;0.000000;YES;26069
C219;100nF;C_0201_0603Metric;;127.965.000;74.275.000;;;0.000000;YES;26069
C219;100nF;C_0201_0603Metric;;24.345.000;158.275.000;;;0.000000;YES;26069
C219;100nF;C_0201_0603Metric;;127.965.000;158.275.000;;;0.000000;YES;26069
C220;1pF;C_0201_0603Metric;;94.875.000;158.275.000;;;0.000000;YES;25983
C220;1pF;C_0201_0603Metric;;60.335.000;158.275.000;;;0.000000;YES;25983
C220;1pF;C_0201_0603Metric;;25.795.000;74.275.000;;;0.000000;YES;25983
C220;1pF;C_0201_0603Metric;;94.875.000;74.275.000;;;0.000000;YES;25983
C220;1pF;C_0201_0603Metric;;129.415.000;158.275.000;;;0.000000;YES;25983
C220;1pF;C_0201_0603Metric;;94.875.000;116.275.000;;;0.000000;YES;25983
C220;1pF;C_0201_0603Metric;;60.335.000;116.275.000;;;0.000000;YES;25983
C220;1pF;C_0201_0603Metric;;60.335.000;32.275.000;;;0.000000;YES;25983
C220;1pF;C_0201_0603Metric;;60.335.000;74.275.000;;;0.000000;YES;25983
C220;1pF;C_0201_0603Metric;;129.415.000;74.275.000;;;0.000000;YES;25983
C220;1pF;C_0201_0603Metric;;25.795.000;116.275.000;;;0.000000;YES;25983
C220;1pF;C_0201_0603Metric;;94.875.000;32.275.000;;;0.000000;YES;25983
C220;1pF;C_0201_0603Metric;;129.415.000;32.275.000;;;0.000000;YES;25983
C220;1pF;C_0201_0603Metric;;25.795.000;158.275.000;;;0.000000;YES;25983
C220;1pF;C_0201_0603Metric;;129.415.000;116.275.000;;;0.000000;YES;25983
C220;1pF;C_0201_0603Metric;;25.795.000;32.275.000;;;0.000000;YES;25983
C221;1nF;C_0201_0603Metric;;24.345.000;34.725.000;;;0.000000;YES;26088
C221;1nF;C_0201_0603Metric;;58.885.000;160.725.000;;;0.000000;YES;26088
C221;1nF;C_0201_0603Metric;;58.885.000;34.725.000;;;0.000000;YES;26088
C221;1nF;C_0201_0603Metric;;93.425.000;34.725.000;;;0.000000;YES;26088
C221;1nF;C_0201_0603Metric;;127.965.000;160.725.000;;;0.000000;YES;26088
C221;1nF;C_0201_0603Metric;;127.965.000;34.725.000;;;0.000000;YES;26088
C221;1nF;C_0201_0603Metric;;127.965.000;76.725.000;;;0.000000;YES;26088
C221;1nF;C_0201_0603Metric;;24.345.000;160.725.000;;;0.000000;YES;26088
C221;1nF;C_0201_0603Metric;;93.425.000;160.725.000;;;0.000000;YES;26088
C221;1nF;C_0201_0603Metric;;93.425.000;118.725.000;;;0.000000;YES;26088
C221;1nF;C_0201_0603Metric;;58.885.000;76.725.000;;;0.000000;YES;26088
C221;1nF;C_0201_0603Metric;;24.345.000;76.725.000;;;0.000000;YES;26088
C221;1nF;C_0201_0603Metric;;24.345.000;118.725.000;;;0.000000;YES;26088
C221;1nF;C_0201_0603Metric;;93.425.000;76.725.000;;;0.000000;YES;26088
C221;1nF;C_0201_0603Metric;;127.965.000;118.725.000;;;0.000000;YES;26088
C221;1nF;C_0201_0603Metric;;58.885.000;118.725.000;;;0.000000;YES;26088
C222;1pF;C_0201_0603Metric;;25.795.000;76.725.000;;;0.000000;YES;25983
C222;1pF;C_0201_0603Metric;;25.795.000;160.725.000;;;0.000000;YES;25983
C222;1pF;C_0201_0603Metric;;94.875.000;34.725.000;;;0.000000;YES;25983
C222;1pF;C_0201_0603Metric;;94.875.000;118.725.000;;;0.000000;YES;25983
C222;1pF;C_0201_0603Metric;;60.335.000;118.725.000;;;0.000000;YES;25983
C222;1pF;C_0201_0603Metric;;60.335.000;34.725.000;;;0.000000;YES;25983
C222;1pF;C_0201_0603Metric;;129.415.000;160.725.000;;;0.000000;YES;25983
C222;1pF;C_0201_0603Metric;;94.875.000;160.725.000;;;0.000000;YES;25983
C222;1pF;C_0201_0603Metric;;94.875.000;76.725.000;;;0.000000;YES;25983
C222;1pF;C_0201_0603Metric;;25.795.000;118.725.000;;;0.000000;YES;25983
C222;1pF;C_0201_0603Metric;;60.335.000;76.725.000;;;0.000000;YES;25983
C222;1pF;C_0201_0603Metric;;129.415.000;118.725.000;;;0.000000;YES;25983
C222;1pF;C_0201_0603Metric;;129.415.000;76.725.000;;;0.000000;YES;25983
C222;1pF;C_0201_0603Metric;;60.335.000;160.725.000;;;0.000000;YES;25983
C222;1pF;C_0201_0603Metric;;129.415.000;34.725.000;;;0.000000;YES;25983
C222;1pF;C_0201_0603Metric;;25.795.000;34.725.000;;;0.000000;YES;25983
C223;1nF;C_0201_0603Metric;;145.415.000;77.965.000;;;0.000000;YES;26088
C223;1nF;C_0201_0603Metric;;110.875.000;77.965.000;;;0.000000;YES;26088
C223;1nF;C_0201_0603Metric;;145.415.000;35.965.000;;;0.000000;YES;26088
C223;1nF;C_0201_0603Metric;;76.335.000;161.965.000;;;0.000000;YES;26088
C223;1nF;C_0201_0603Metric;;76.335.000;77.965.000;;;0.000000;YES;26088
C223;1nF;C_0201_0603Metric;;145.415.000;119.965.000;;;0.000000;YES;26088
C223;1nF;C_0201_0603Metric;;41.795.000;35.965.000;;;0.000000;YES;26088
C223;1nF;C_0201_0603Metric;;41.795.000;77.965.000;;;0.000000;YES;26088
C223;1nF;C_0201_0603Metric;;110.875.000;35.965.000;;;0.000000;YES;26088
C223;1nF;C_0201_0603Metric;;76.335.000;119.965.000;;;0.000000;YES;26088
C223;1nF;C_0201_0603Metric;;76.335.000;35.965.000;;;0.000000;YES;26088
C223;1nF;C_0201_0603Metric;;41.795.000;161.965.000;;;0.000000;YES;26088
C223;1nF;C_0201_0603Metric;;41.795.000;119.965.000;;;0.000000;YES;26088
C223;1nF;C_0201_0603Metric;;145.415.000;161.965.000;;;0.000000;YES;26088
C223;1nF;C_0201_0603Metric;;110.875.000;119.965.000;;;0.000000;YES;26088
C223;1nF;C_0201_0603Metric;;110.875.000;161.965.000;;;0.000000;YES;26088
C224;100nF;C_0201_0603Metric;;40.345.000;36.505.000;;;0.000000;YES;26069
C224;100nF;C_0201_0603Metric;;74.885.000;120.505.000;;;0.000000;YES;26069
C224;100nF;C_0201_0603Metric;;74.885.000;36.505.000;;;0.000000;YES;26069
C224;100nF;C_0201_0603Metric;;74.885.000;78.505.000;;;0.000000;YES;26069
C224;100nF;C_0201_0603Metric;;143.965.000;162.505.000;;;0.000000;YES;26069
C224;100nF;C_0201_0603Metric;;109.425.000;78.505.000;;;0.000000;YES;26069
C224;100nF;C_0201_0603Metric;;74.885.000;162.505.000;;;0.000000;YES;26069
C224;100nF;C_0201_0603Metric;;109.425.000;36.505.000;;;0.000000;YES;26069
C224;100nF;C_0201_0603Metric;;109.425.000;162.505.000;;;0.000000;YES;26069
C224;100nF;C_0201_0603Metric;;40.345.000;162.505.000;;;0.000000;YES;26069
C224;100nF;C_0201_0603Metric;;40.345.000;120.505.000;;;0.000000;YES;26069
C224;100nF;C_0201_0603Metric;;143.965.000;78.505.000;;;0.000000;YES;26069
C224;100nF;C_0201_0603Metric;;143.965.000;120.505.000;;;0.000000;YES;26069
C224;100nF;C_0201_0603Metric;;40.345.000;78.505.000;;;0.000000;YES;26069
C224;100nF;C_0201_0603Metric;;109.425.000;120.505.000;;;0.000000;YES;26069
C224;100nF;C_0201_0603Metric;;143.965.000;36.505.000;;;0.000000;YES;26069
C225;1pF;C_0201_0603Metric;;76.335.000;120.505.000;;;0.000000;YES;25983
C225;1pF;C_0201_0603Metric;;41.795.000;120.505.000;;;0.000000;YES;25983
C225;1pF;C_0201_0603Metric;;110.875.000;162.505.000;;;0.000000;YES;25983
C225;1pF;C_0201_0603Metric;;110.875.000;120.505.000;;;0.000000;YES;25983
C225;1pF;C_0201_0603Metric;;41.795.000;78.505.000;;;0.000000;YES;25983
C225;1pF;C_0201_0603Metric;;76.335.000;36.505.000;;;0.000000;YES;25983
C225;1pF;C_0201_0603Metric;;76.335.000;162.505.000;;;0.000000;YES;25983
C225;1pF;C_0201_0603Metric;;145.415.000;36.505.000;;;0.000000;YES;25983
C225;1pF;C_0201_0603Metric;;76.335.000;78.505.000;;;0.000000;YES;25983
C225;1pF;C_0201_0603Metric;;41.795.000;162.505.000;;;0.000000;YES;25983
C225;1pF;C_0201_0603Metric;;41.795.000;36.505.000;;;0.000000;YES;25983
C225;1pF;C_0201_0603Metric;;145.415.000;162.505.000;;;0.000000;YES;25983
C225;1pF;C_0201_0603Metric;;110.875.000;36.505.000;;;0.000000;YES;25983
C225;1pF;C_0201_0603Metric;;145.415.000;78.505.000;;;0.000000;YES;25983
C225;1pF;C_0201_0603Metric;;110.875.000;78.505.000;;;0.000000;YES;25983
C225;1pF;C_0201_0603Metric;;145.415.000;120.505.000;;;0.000000;YES;25983
C226;1nF;C_0201_0603Metric;;143.965.000;80.955.000;;;0.000000;YES;26088
C226;1nF;C_0201_0603Metric;;109.425.000;38.955.000;;;0.000000;YES;26088
C226;1nF;C_0201_0603Metric;;74.885.000;38.955.000;;;0.000000;YES;26088
C226;1nF;C_0201_0603Metric;;109.425.000;80.955.000;;;0.000000;YES;26088
C226;1nF;C_0201_0603Metric;;74.885.000;80.955.000;;;0.000000;YES;26088
C226;1nF;C_0201_0603Metric;;40.345.000;80.955.000;;;0.000000;YES;26088
C226;1nF;C_0201_0603Metric;;40.345.000;122.955.000;;;0.000000;YES;26088
C226;1nF;C_0201_0603Metric;;40.345.000;164.955.000;;;0.000000;YES;26088
C226;1nF;C_0201_0603Metric;;109.425.000;164.955.000;;;0.000000;YES;26088
C226;1nF;C_0201_0603Metric;;40.345.000;38.955.000;;;0.000000;YES;26088
C226;1nF;C_0201_0603Metric;;143.965.000;38.955.000;;;0.000000;YES;26088
C226;1nF;C_0201_0603Metric;;74.885.000;122.955.000;;;0.000000;YES;26088
C226;1nF;C_0201_0603Metric;;109.425.000;122.955.000;;;0.000000;YES;26088
C226;1nF;C_0201_0603Metric;;143.965.000;122.955.000;;;0.000000;YES;26088
C226;1nF;C_0201_0603Metric;;74.885.000;164.955.000;;;0.000000;YES;26088
C226;1nF;C_0201_0603Metric;;143.965.000;164.955.000;;;0.000000;YES;26088
C227;1pF;C_0201_0603Metric;;145.415.000;122.955.000;;;0.000000;YES;25983
C227;1pF;C_0201_0603Metric;;41.795.000;38.955.000;;;0.000000;YES;25983
C227;1pF;C_0201_0603Metric;;145.415.000;38.955.000;;;0.000000;YES;25983
C227;1pF;C_0201_0603Metric;;41.795.000;80.955.000;;;0.000000;YES;25983
C227;1pF;C_0201_0603Metric;;110.875.000;164.955.000;;;0.000000;YES;25983
C227;1pF;C_0201_0603Metric;;110.875.000;122.955.000;;;0.000000;YES;25983
C227;1pF;C_0201_0603Metric;;76.335.000;122.955.000;;;0.000000;YES;25983
C227;1pF;C_0201_0603Metric;;76.335.000;164.955.000;;;0.000000;YES;25983
C227;1pF;C_0201_0603Metric;;76.335.000;38.955.000;;;0.000000;YES;25983
C227;1pF;C_0201_0603Metric;;145.415.000;164.955.000;;;0.000000;YES;25983
C227;1pF;C_0201_0603Metric;;145.415.000;80.955.000;;;0.000000;YES;25983
C227;1pF;C_0201_0603Metric;;110.875.000;38.955.000;;;0.000000;YES;25983
C227;1pF;C_0201_0603Metric;;110.875.000;80.955.000;;;0.000000;YES;25983
C227;1pF;C_0201_0603Metric;;41.795.000;122.955.000;;;0.000000;YES;25983
C227;1pF;C_0201_0603Metric;;41.795.000;164.955.000;;;0.000000;YES;25983
C227;1pF;C_0201_0603Metric;;76.335.000;80.955.000;;;0.000000;YES;25983
C228;1nF;C_0201_0603Metric;;119.815.000;115.735.000;;;0.000000;YES;26088
C228;1nF;C_0201_0603Metric;;16.195.000;157.735.000;;;0.000000;YES;26088
C228;1nF;C_0201_0603Metric;;85.275.000;73.735.000;;;0.000000;YES;26088
C228;1nF;C_0201_0603Metric;;50.735.000;73.735.000;;;0.000000;YES;26088
C228;1nF;C_0201_0603Metric;;85.275.000;115.735.000;;;0.000000;YES;26088
C228;1nF;C_0201_0603Metric;;50.735.000;31.735.000;;;0.000000;YES;26088
C228;1nF;C_0201_0603Metric;;50.735.000;157.735.000;;;0.000000;YES;26088
C228;1nF;C_0201_0603Metric;;16.195.000;73.735.000;;;0.000000;YES;26088
C228;1nF;C_0201_0603Metric;;50.735.000;115.735.000;;;0.000000;YES;26088
C228;1nF;C_0201_0603Metric;;16.195.000;115.735.000;;;0.000000;YES;26088
C228;1nF;C_0201_0603Metric;;119.815.000;73.735.000;;;0.000000;YES;26088
C228;1nF;C_0201_0603Metric;;85.275.000;31.735.000;;;0.000000;YES;26088
C228;1nF;C_0201_0603Metric;;85.275.000;157.735.000;;;0.000000;YES;26088
C228;1nF;C_0201_0603Metric;;119.815.000;31.735.000;;;0.000000;YES;26088
C228;1nF;C_0201_0603Metric;;16.195.000;31.735.000;;;0.000000;YES;26088
C228;1nF;C_0201_0603Metric;;119.815.000;157.735.000;;;0.000000;YES;26088
C229;100nF;C_0201_0603Metric;;118.365.000;158.275.000;;;0.000000;YES;26069
C229;100nF;C_0201_0603Metric;;83.825.000;32.275.000;;;0.000000;YES;26069
C229;100nF;C_0201_0603Metric;;14.745.000;158.275.000;;;0.000000;YES;26069
C229;100nF;C_0201_0603Metric;;49.285.000;32.275.000;;;0.000000;YES;26069
C229;100nF;C_0201_0603Metric;;118.365.000;74.275.000;;;0.000000;YES;26069
C229;100nF;C_0201_0603Metric;;118.365.000;32.275.000;;;0.000000;YES;26069
C229;100nF;C_0201_0603Metric;;83.825.000;116.275.000;;;0.000000;YES;26069
C229;100nF;C_0201_0603Metric;;83.825.000;74.275.000;;;0.000000;YES;26069
C229;100nF;C_0201_0603Metric;;83.825.000;158.275.000;;;0.000000;YES;26069
C229;100nF;C_0201_0603Metric;;49.285.000;158.275.000;;;0.000000;YES;26069
C229;100nF;C_0201_0603Metric;;49.285.000;74.275.000;;;0.000000;YES;26069
C229;100nF;C_0201_0603Metric;;14.745.000;74.275.000;;;0.000000;YES;26069
C229;100nF;C_0201_0603Metric;;14.745.000;116.275.000;;;0.000000;YES;26069
C229;100nF;C_0201_0603Metric;;14.745.000;32.275.000;;;0.000000;YES;26069
C229;100nF;C_0201_0603Metric;;118.365.000;116.275.000;;;0.000000;YES;26069
C229;100nF;C_0201_0603Metric;;49.285.000;116.275.000;;;0.000000;YES;26069
C230;1pF;C_0201_0603Metric;;50.735.000;32.275.000;;;0.000000;YES;25983
C230;1pF;C_0201_0603Metric;;50.735.000;116.275.000;;;0.000000;YES;25983
C230;1pF;C_0201_0603Metric;;50.735.000;158.275.000;;;0.000000;YES;25983
C230;1pF;C_0201_0603Metric;;50.735.000;74.275.000;;;0.000000;YES;25983
C230;1pF;C_0201_0603Metric;;119.815.000;74.275.000;;;0.000000;YES;25983
C230;1pF;C_0201_0603Metric;;85.275.000;74.275.000;;;0.000000;YES;25983
C230;1pF;C_0201_0603Metric;;119.815.000;32.275.000;;;0.000000;YES;25983
C230;1pF;C_0201_0603Metric;;119.815.000;116.275.000;;;0.000000;YES;25983
C230;1pF;C_0201_0603Metric;;85.275.000;32.275.000;;;0.000000;YES;25983
C230;1pF;C_0201_0603Metric;;16.195.000;32.275.000;;;0.000000;YES;25983
C230;1pF;C_0201_0603Metric;;85.275.000;158.275.000;;;0.000000;YES;25983
C230;1pF;C_0201_0603Metric;;85.275.000;116.275.000;;;0.000000;YES;25983
C230;1pF;C_0201_0603Metric;;16.195.000;116.275.000;;;0.000000;YES;25983
C230;1pF;C_0201_0603Metric;;16.195.000;74.275.000;;;0.000000;YES;25983
C230;1pF;C_0201_0603Metric;;16.195.000;158.275.000;;;0.000000;YES;25983
C230;1pF;C_0201_0603Metric;;119.815.000;158.275.000;;;0.000000;YES;25983
C231;1nF;C_0201_0603Metric;;14.745.000;76.725.000;;;0.000000;YES;26088
C231;1nF;C_0201_0603Metric;;83.825.000;76.725.000;;;0.000000;YES;26088
C231;1nF;C_0201_0603Metric;;14.745.000;34.725.000;;;0.000000;YES;26088
C231;1nF;C_0201_0603Metric;;118.365.000;118.725.000;;;0.000000;YES;26088
C231;1nF;C_0201_0603Metric;;14.745.000;118.725.000;;;0.000000;YES;26088
C231;1nF;C_0201_0603Metric;;83.825.000;118.725.000;;;0.000000;YES;26088
C231;1nF;C_0201_0603Metric;;118.365.000;76.725.000;;;0.000000;YES;26088
C231;1nF;C_0201_0603Metric;;49.285.000;160.725.000;;;0.000000;YES;26088
C231;1nF;C_0201_0603Metric;;83.825.000;160.725.000;;;0.000000;YES;26088
C231;1nF;C_0201_0603Metric;;49.285.000;76.725.000;;;0.000000;YES;26088
C231;1nF;C_0201_0603Metric;;118.365.000;34.725.000;;;0.000000;YES;26088
C231;1nF;C_0201_0603Metric;;83.825.000;34.725.000;;;0.000000;YES;26088
C231;1nF;C_0201_0603Metric;;14.745.000;160.725.000;;;0.000000;YES;26088
C231;1nF;C_0201_0603Metric;;49.285.000;34.725.000;;;0.000000;YES;26088
C231;1nF;C_0201_0603Metric;;49.285.000;118.725.000;;;0.000000;YES;26088
C231;1nF;C_0201_0603Metric;;118.365.000;160.725.000;;;0.000000;YES;26088
C232;1pF;C_0201_0603Metric;;50.735.000;34.725.000;;;0.000000;YES;25983
C232;1pF;C_0201_0603Metric;;85.275.000;76.725.000;;;0.000000;YES;25983
C232;1pF;C_0201_0603Metric;;85.275.000;160.725.000;;;0.000000;YES;25983
C232;1pF;C_0201_0603Metric;;50.735.000;118.725.000;;;0.000000;YES;25983
C232;1pF;C_0201_0603Metric;;119.815.000;76.725.000;;;0.000000;YES;25983
C232;1pF;C_0201_0603Metric;;16.195.000;34.725.000;;;0.000000;YES;25983
C232;1pF;C_0201_0603Metric;;119.815.000;34.725.000;;;0.000000;YES;25983
C232;1pF;C_0201_0603Metric;;50.735.000;160.725.000;;;0.000000;YES;25983
C232;1pF;C_0201_0603Metric;;50.735.000;76.725.000;;;0.000000;YES;25983
C232;1pF;C_0201_0603Metric;;16.195.000;76.725.000;;;0.000000;YES;25983
C232;1pF;C_0201_0603Metric;;119.815.000;118.725.000;;;0.000000;YES;25983
C232;1pF;C_0201_0603Metric;;16.195.000;160.725.000;;;0.000000;YES;25983
C232;1pF;C_0201_0603Metric;;119.815.000;160.725.000;;;0.000000;YES;25983
C232;1pF;C_0201_0603Metric;;85.275.000;118.725.000;;;0.000000;YES;25983
C232;1pF;C_0201_0603Metric;;16.195.000;118.725.000;;;0.000000;YES;25983
C232;1pF;C_0201_0603Metric;;85.275.000;34.725.000;;;0.000000;YES;25983
C233;1nF;C_0201_0603Metric;;21.145.000;103.035.000;;;180.000.000;YES;26088
C233;1nF;C_0201_0603Metric;;124.765.000;103.035.000;;;180.000.000;YES;26088
C233;1nF;C_0201_0603Metric;;55.685.000;19.035.000;;;180.000.000;YES;26088
C233;1nF;C_0201_0603Metric;;21.145.000;145.035.000;;;180.000.000;YES;26088
C233;1nF;C_0201_0603Metric;;124.765.000;145.035.000;;;180.000.000;YES;26088
C233;1nF;C_0201_0603Metric;;21.145.000;19.035.000;;;180.000.000;YES;26088
C233;1nF;C_0201_0603Metric;;21.145.000;61.035.000;;;180.000.000;YES;26088
C233;1nF;C_0201_0603Metric;;90.225.000;61.035.000;;;180.000.000;YES;26088
C233;1nF;C_0201_0603Metric;;124.765.000;19.035.000;;;180.000.000;YES;26088
C233;1nF;C_0201_0603Metric;;55.685.000;61.035.000;;;180.000.000;YES;26088
C233;1nF;C_0201_0603Metric;;90.225.000;103.035.000;;;180.000.000;YES;26088
C233;1nF;C_0201_0603Metric;;124.765.000;61.035.000;;;180.000.000;YES;26088
C233;1nF;C_0201_0603Metric;;55.685.000;103.035.000;;;180.000.000;YES;26088
C233;1nF;C_0201_0603Metric;;90.225.000;19.035.000;;;180.000.000;YES;26088
C233;1nF;C_0201_0603Metric;;55.685.000;145.035.000;;;180.000.000;YES;26088
C233;1nF;C_0201_0603Metric;;90.225.000;145.035.000;;;180.000.000;YES;26088
C234;100nF;C_0201_0603Metric;;57.135.000;18.495.000;;;180.000.000;YES;26069
C234;100nF;C_0201_0603Metric;;126.215.000;102.495.000;;;180.000.000;YES;26069
C234;100nF;C_0201_0603Metric;;126.215.000;60.495.000;;;180.000.000;YES;26069
C234;100nF;C_0201_0603Metric;;91.675.000;18.495.000;;;180.000.000;YES;26069
C234;100nF;C_0201_0603Metric;;126.215.000;18.495.000;;;180.000.000;YES;26069
C234;100nF;C_0201_0603Metric;;57.135.000;144.495.000;;;180.000.000;YES;26069
C234;100nF;C_0201_0603Metric;;22.595.000;18.495.000;;;180.000.000;YES;26069
C234;100nF;C_0201_0603Metric;;57.135.000;60.495.000;;;180.000.000;YES;26069
C234;100nF;C_0201_0603Metric;;22.595.000;102.495.000;;;180.000.000;YES;26069
C234;100nF;C_0201_0603Metric;;91.675.000;144.495.000;;;180.000.000;YES;26069
C234;100nF;C_0201_0603Metric;;126.215.000;144.495.000;;;180.000.000;YES;26069
C234;100nF;C_0201_0603Metric;;91.675.000;102.495.000;;;180.000.000;YES;26069
C234;100nF;C_0201_0603Metric;;91.675.000;60.495.000;;;180.000.000;YES;26069
C234;100nF;C_0201_0603Metric;;22.595.000;144.495.000;;;180.000.000;YES;26069
C234;100nF;C_0201_0603Metric;;22.595.000;60.495.000;;;180.000.000;YES;26069
C234;100nF;C_0201_0603Metric;;57.135.000;102.495.000;;;180.000.000;YES;26069
C235;1pF;C_0201_0603Metric;;124.765.000;144.495.000;;;180.000.000;YES;25983
C235;1pF;C_0201_0603Metric;;55.685.000;102.495.000;;;180.000.000;YES;25983
C235;1pF;C_0201_0603Metric;;90.225.000;102.495.000;;;180.000.000;YES;25983
C235;1pF;C_0201_0603Metric;;124.765.000;60.495.000;;;180.000.000;YES;25983
C235;1pF;C_0201_0603Metric;;124.765.000;18.495.000;;;180.000.000;YES;25983
C235;1pF;C_0201_0603Metric;;21.145.000;60.495.000;;;180.000.000;YES;25983
C235;1pF;C_0201_0603Metric;;21.145.000;102.495.000;;;180.000.000;YES;25983
C235;1pF;C_0201_0603Metric;;90.225.000;144.495.000;;;180.000.000;YES;25983
C235;1pF;C_0201_0603Metric;;90.225.000;60.495.000;;;180.000.000;YES;25983
C235;1pF;C_0201_0603Metric;;21.145.000;18.495.000;;;180.000.000;YES;25983
C235;1pF;C_0201_0603Metric;;55.685.000;18.495.000;;;180.000.000;YES;25983
C235;1pF;C_0201_0603Metric;;90.225.000;18.495.000;;;180.000.000;YES;25983
C235;1pF;C_0201_0603Metric;;21.145.000;144.495.000;;;180.000.000;YES;25983
C235;1pF;C_0201_0603Metric;;55.685.000;144.495.000;;;180.000.000;YES;25983
C235;1pF;C_0201_0603Metric;;55.685.000;60.495.000;;;180.000.000;YES;25983
C235;1pF;C_0201_0603Metric;;124.765.000;102.495.000;;;180.000.000;YES;25983
C236;1nF;C_0201_0603Metric;;22.595.000;100.045.000;;;180.000.000;YES;26088
C236;1nF;C_0201_0603Metric;;91.675.000;100.045.000;;;180.000.000;YES;26088
C236;1nF;C_0201_0603Metric;;91.675.000;142.045.000;;;180.000.000;YES;26088
C236;1nF;C_0201_0603Metric;;22.595.000;16.045.000;;;180.000.000;YES;26088
C236;1nF;C_0201_0603Metric;;22.595.000;142.045.000;;;180.000.000;YES;26088
C236;1nF;C_0201_0603Metric;;91.675.000;58.045.000;;;180.000.000;YES;26088
C236;1nF;C_0201_0603Metric;;57.135.000;100.045.000;;;180.000.000;YES;26088
C236;1nF;C_0201_0603Metric;;126.215.000;16.045.000;;;180.000.000;YES;26088
C236;1nF;C_0201_0603Metric;;126.215.000;142.045.000;;;180.000.000;YES;26088
C236;1nF;C_0201_0603Metric;;91.675.000;16.045.000;;;180.000.000;YES;26088
C236;1nF;C_0201_0603Metric;;57.135.000;58.045.000;;;180.000.000;YES;26088
C236;1nF;C_0201_0603Metric;;126.215.000;58.045.000;;;180.000.000;YES;26088
C236;1nF;C_0201_0603Metric;;22.595.000;58.045.000;;;180.000.000;YES;26088
C236;1nF;C_0201_0603Metric;;57.135.000;16.045.000;;;180.000.000;YES;26088
C236;1nF;C_0201_0603Metric;;126.215.000;100.045.000;;;180.000.000;YES;26088
C236;1nF;C_0201_0603Metric;;57.135.000;142.045.000;;;180.000.000;YES;26088
C237;1pF;C_0201_0603Metric;;124.765.000;58.045.000;;;180.000.000;YES;25983
C237;1pF;C_0201_0603Metric;;21.145.000;142.045.000;;;180.000.000;YES;25983
C237;1pF;C_0201_0603Metric;;90.225.000;58.045.000;;;180.000.000;YES;25983
C237;1pF;C_0201_0603Metric;;90.225.000;142.045.000;;;180.000.000;YES;25983
C237;1pF;C_0201_0603Metric;;55.685.000;100.045.000;;;180.000.000;YES;25983
C237;1pF;C_0201_0603Metric;;90.225.000;100.045.000;;;180.000.000;YES;25983
C237;1pF;C_0201_0603Metric;;55.685.000;16.045.000;;;180.000.000;YES;25983
C237;1pF;C_0201_0603Metric;;21.145.000;100.045.000;;;180.000.000;YES;25983
C237;1pF;C_0201_0603Metric;;55.685.000;142.045.000;;;180.000.000;YES;25983
C237;1pF;C_0201_0603Metric;;55.685.000;58.045.000;;;180.000.000;YES;25983
C237;1pF;C_0201_0603Metric;;124.765.000;16.045.000;;;180.000.000;YES;25983
C237;1pF;C_0201_0603Metric;;124.765.000;100.045.000;;;180.000.000;YES;25983
C237;1pF;C_0201_0603Metric;;21.145.000;16.045.000;;;180.000.000;YES;25983
C237;1pF;C_0201_0603Metric;;21.145.000;58.045.000;;;180.000.000;YES;25983
C237;1pF;C_0201_0603Metric;;90.225.000;16.045.000;;;180.000.000;YES;25983
C237;1pF;C_0201_0603Metric;;124.765.000;142.045.000;;;180.000.000;YES;25983
C238;1nF;C_0201_0603Metric;;126.215.000;73.735.000;;;0.000000;YES;26088
C238;1nF;C_0201_0603Metric;;57.135.000;157.735.000;;;0.000000;YES;26088
C238;1nF;C_0201_0603Metric;;91.675.000;73.735.000;;;0.000000;YES;26088
C238;1nF;C_0201_0603Metric;;126.215.000;31.735.000;;;0.000000;YES;26088
C238;1nF;C_0201_0603Metric;;22.595.000;157.735.000;;;0.000000;YES;26088
C238;1nF;C_0201_0603Metric;;91.675.000;31.735.000;;;0.000000;YES;26088
C238;1nF;C_0201_0603Metric;;22.595.000;31.735.000;;;0.000000;YES;26088
C238;1nF;C_0201_0603Metric;;57.135.000;115.735.000;;;0.000000;YES;26088
C238;1nF;C_0201_0603Metric;;22.595.000;115.735.000;;;0.000000;YES;26088
C238;1nF;C_0201_0603Metric;;91.675.000;115.735.000;;;0.000000;YES;26088
C238;1nF;C_0201_0603Metric;;22.595.000;73.735.000;;;0.000000;YES;26088
C238;1nF;C_0201_0603Metric;;126.215.000;115.735.000;;;0.000000;YES;26088
C238;1nF;C_0201_0603Metric;;57.135.000;73.735.000;;;0.000000;YES;26088
C238;1nF;C_0201_0603Metric;;91.675.000;157.735.000;;;0.000000;YES;26088
C238;1nF;C_0201_0603Metric;;57.135.000;31.735.000;;;0.000000;YES;26088
C238;1nF;C_0201_0603Metric;;126.215.000;157.735.000;;;0.000000;YES;26088
C239;100nF;C_0201_0603Metric;;124.765.000;74.275.000;;;0.000000;YES;26069
C239;100nF;C_0201_0603Metric;;55.685.000;74.275.000;;;0.000000;YES;26069
C239;100nF;C_0201_0603Metric;;21.145.000;32.275.000;;;0.000000;YES;26069
C239;100nF;C_0201_0603Metric;;21.145.000;74.275.000;;;0.000000;YES;26069
C239;100nF;C_0201_0603Metric;;124.765.000;32.275.000;;;0.000000;YES;26069
C239;100nF;C_0201_0603Metric;;55.685.000;158.275.000;;;0.000000;YES;26069
C239;100nF;C_0201_0603Metric;;55.685.000;32.275.000;;;0.000000;YES;26069
C239;100nF;C_0201_0603Metric;;21.145.000;116.275.000;;;0.000000;YES;26069
C239;100nF;C_0201_0603Metric;;90.225.000;32.275.000;;;0.000000;YES;26069
C239;100nF;C_0201_0603Metric;;124.765.000;158.275.000;;;0.000000;YES;26069
C239;100nF;C_0201_0603Metric;;90.225.000;158.275.000;;;0.000000;YES;26069
C239;100nF;C_0201_0603Metric;;90.225.000;74.275.000;;;0.000000;YES;26069
C239;100nF;C_0201_0603Metric;;124.765.000;116.275.000;;;0.000000;YES;26069
C239;100nF;C_0201_0603Metric;;55.685.000;116.275.000;;;0.000000;YES;26069
C239;100nF;C_0201_0603Metric;;90.225.000;116.275.000;;;0.000000;YES;26069
C239;100nF;C_0201_0603Metric;;21.145.000;158.275.000;;;0.000000;YES;26069
C240;1pF;C_0201_0603Metric;;22.595.000;116.275.000;;;0.000000;YES;25983
C240;1pF;C_0201_0603Metric;;91.675.000;74.275.000;;;0.000000;YES;25983
C240;1pF;C_0201_0603Metric;;57.135.000;116.275.000;;;0.000000;YES;25983
C240;1pF;C_0201_0603Metric;;91.675.000;116.275.000;;;0.000000;YES;25983
C240;1pF;C_0201_0603Metric;;57.135.000;158.275.000;;;0.000000;YES;25983
C240;1pF;C_0201_0603Metric;;57.135.000;74.275.000;;;0.000000;YES;25983
C240;1pF;C_0201_0603Metric;;126.215.000;32.275.000;;;0.000000;YES;25983
C240;1pF;C_0201_0603Metric;;91.675.000;32.275.000;;;0.000000;YES;25983
C240;1pF;C_0201_0603Metric;;126.215.000;116.275.000;;;0.000000;YES;25983
C240;1pF;C_0201_0603Metric;;126.215.000;158.275.000;;;0.000000;YES;25983
C240;1pF;C_0201_0603Metric;;126.215.000;74.275.000;;;0.000000;YES;25983
C240;1pF;C_0201_0603Metric;;91.675.000;158.275.000;;;0.000000;YES;25983
C240;1pF;C_0201_0603Metric;;22.595.000;74.275.000;;;0.000000;YES;25983
C240;1pF;C_0201_0603Metric;;57.135.000;32.275.000;;;0.000000;YES;25983
C240;1pF;C_0201_0603Metric;;22.595.000;158.275.000;;;0.000000;YES;25983
C240;1pF;C_0201_0603Metric;;22.595.000;32.275.000;;;0.000000;YES;25983
C241;1nF;C_0201_0603Metric;;90.225.000;76.725.000;;;0.000000;YES;26088
C241;1nF;C_0201_0603Metric;;55.685.000;118.725.000;;;0.000000;YES;26088
C241;1nF;C_0201_0603Metric;;90.225.000;118.725.000;;;0.000000;YES;26088
C241;1nF;C_0201_0603Metric;;21.145.000;76.725.000;;;0.000000;YES;26088
C241;1nF;C_0201_0603Metric;;124.765.000;76.725.000;;;0.000000;YES;26088
C241;1nF;C_0201_0603Metric;;90.225.000;160.725.000;;;0.000000;YES;26088
C241;1nF;C_0201_0603Metric;;21.145.000;34.725.000;;;0.000000;YES;26088
C241;1nF;C_0201_0603Metric;;124.765.000;34.725.000;;;0.000000;YES;26088
C241;1nF;C_0201_0603Metric;;21.145.000;160.725.000;;;0.000000;YES;26088
C241;1nF;C_0201_0603Metric;;55.685.000;34.725.000;;;0.000000;YES;26088
C241;1nF;C_0201_0603Metric;;90.225.000;34.725.000;;;0.000000;YES;26088
C241;1nF;C_0201_0603Metric;;124.765.000;118.725.000;;;0.000000;YES;26088
C241;1nF;C_0201_0603Metric;;124.765.000;160.725.000;;;0.000000;YES;26088
C241;1nF;C_0201_0603Metric;;55.685.000;160.725.000;;;0.000000;YES;26088
C241;1nF;C_0201_0603Metric;;55.685.000;76.725.000;;;0.000000;YES;26088
C241;1nF;C_0201_0603Metric;;21.145.000;118.725.000;;;0.000000;YES;26088
C242;1pF;C_0201_0603Metric;;22.595.000;160.725.000;;;0.000000;YES;25983
C242;1pF;C_0201_0603Metric;;57.135.000;118.725.000;;;0.000000;YES;25983
C242;1pF;C_0201_0603Metric;;57.135.000;160.725.000;;;0.000000;YES;25983
C242;1pF;C_0201_0603Metric;;22.595.000;76.725.000;;;0.000000;YES;25983
C242;1pF;C_0201_0603Metric;;126.215.000;118.725.000;;;0.000000;YES;25983
C242;1pF;C_0201_0603Metric;;57.135.000;34.725.000;;;0.000000;YES;25983
C242;1pF;C_0201_0603Metric;;126.215.000;76.725.000;;;0.000000;YES;25983
C242;1pF;C_0201_0603Metric;;91.675.000;160.725.000;;;0.000000;YES;25983
C242;1pF;C_0201_0603Metric;;91.675.000;76.725.000;;;0.000000;YES;25983
C242;1pF;C_0201_0603Metric;;126.215.000;160.725.000;;;0.000000;YES;25983
C242;1pF;C_0201_0603Metric;;57.135.000;76.725.000;;;0.000000;YES;25983
C242;1pF;C_0201_0603Metric;;22.595.000;34.725.000;;;0.000000;YES;25983
C242;1pF;C_0201_0603Metric;;22.595.000;118.725.000;;;0.000000;YES;25983
C242;1pF;C_0201_0603Metric;;126.215.000;34.725.000;;;0.000000;YES;25983
C242;1pF;C_0201_0603Metric;;91.675.000;34.725.000;;;0.000000;YES;25983
C242;1pF;C_0201_0603Metric;;91.675.000;118.725.000;;;0.000000;YES;25983
C243;1nF;C_0201_0603Metric;;123.015.000;115.735.000;;;0.000000;YES;26088
C243;1nF;C_0201_0603Metric;;123.015.000;157.735.000;;;0.000000;YES;26088
C243;1nF;C_0201_0603Metric;;19.395.000;115.735.000;;;0.000000;YES;26088
C243;1nF;C_0201_0603Metric;;53.935.000;157.735.000;;;0.000000;YES;26088
C243;1nF;C_0201_0603Metric;;19.395.000;31.735.000;;;0.000000;YES;26088
C243;1nF;C_0201_0603Metric;;88.475.000;73.735.000;;;0.000000;YES;26088
C243;1nF;C_0201_0603Metric;;123.015.000;73.735.000;;;0.000000;YES;26088
C243;1nF;C_0201_0603Metric;;88.475.000;115.735.000;;;0.000000;YES;26088
C243;1nF;C_0201_0603Metric;;53.935.000;73.735.000;;;0.000000;YES;26088
C243;1nF;C_0201_0603Metric;;19.395.000;73.735.000;;;0.000000;YES;26088
C243;1nF;C_0201_0603Metric;;88.475.000;157.735.000;;;0.000000;YES;26088
C243;1nF;C_0201_0603Metric;;53.935.000;31.735.000;;;0.000000;YES;26088
C243;1nF;C_0201_0603Metric;;53.935.000;115.735.000;;;0.000000;YES;26088
C243;1nF;C_0201_0603Metric;;19.395.000;157.735.000;;;0.000000;YES;26088
C243;1nF;C_0201_0603Metric;;88.475.000;31.735.000;;;0.000000;YES;26088
C243;1nF;C_0201_0603Metric;;123.015.000;31.735.000;;;0.000000;YES;26088
C244;100nF;C_0201_0603Metric;;121.565.000;74.275.000;;;0.000000;YES;26069
C244;100nF;C_0201_0603Metric;;52.485.000;116.275.000;;;0.000000;YES;26069
C244;100nF;C_0201_0603Metric;;121.565.000;158.275.000;;;0.000000;YES;26069
C244;100nF;C_0201_0603Metric;;52.485.000;158.275.000;;;0.000000;YES;26069
C244;100nF;C_0201_0603Metric;;17.945.000;74.275.000;;;0.000000;YES;26069
C244;100nF;C_0201_0603Metric;;17.945.000;116.275.000;;;0.000000;YES;26069
C244;100nF;C_0201_0603Metric;;87.025.000;32.275.000;;;0.000000;YES;26069
C244;100nF;C_0201_0603Metric;;17.945.000;158.275.000;;;0.000000;YES;26069
C244;100nF;C_0201_0603Metric;;52.485.000;74.275.000;;;0.000000;YES;26069
C244;100nF;C_0201_0603Metric;;52.485.000;32.275.000;;;0.000000;YES;26069
C244;100nF;C_0201_0603Metric;;87.025.000;116.275.000;;;0.000000;YES;26069
C244;100nF;C_0201_0603Metric;;87.025.000;158.275.000;;;0.000000;YES;26069
C244;100nF;C_0201_0603Metric;;121.565.000;32.275.000;;;0.000000;YES;26069
C244;100nF;C_0201_0603Metric;;17.945.000;32.275.000;;;0.000000;YES;26069
C244;100nF;C_0201_0603Metric;;87.025.000;74.275.000;;;0.000000;YES;26069
C244;100nF;C_0201_0603Metric;;121.565.000;116.275.000;;;0.000000;YES;26069
C245;1pF;C_0201_0603Metric;;19.395.000;32.275.000;;;0.000000;YES;25983
C245;1pF;C_0201_0603Metric;;19.395.000;74.275.000;;;0.000000;YES;25983
C245;1pF;C_0201_0603Metric;;123.015.000;32.275.000;;;0.000000;YES;25983
C245;1pF;C_0201_0603Metric;;123.015.000;74.275.000;;;0.000000;YES;25983
C245;1pF;C_0201_0603Metric;;88.475.000;116.275.000;;;0.000000;YES;25983
C245;1pF;C_0201_0603Metric;;88.475.000;32.275.000;;;0.000000;YES;25983
C245;1pF;C_0201_0603Metric;;123.015.000;158.275.000;;;0.000000;YES;25983
C245;1pF;C_0201_0603Metric;;53.935.000;74.275.000;;;0.000000;YES;25983
C245;1pF;C_0201_0603Metric;;19.395.000;158.275.000;;;0.000000;YES;25983
C245;1pF;C_0201_0603Metric;;88.475.000;74.275.000;;;0.000000;YES;25983
C245;1pF;C_0201_0603Metric;;88.475.000;158.275.000;;;0.000000;YES;25983
C245;1pF;C_0201_0603Metric;;123.015.000;116.275.000;;;0.000000;YES;25983
C245;1pF;C_0201_0603Metric;;53.935.000;32.275.000;;;0.000000;YES;25983
C245;1pF;C_0201_0603Metric;;19.395.000;116.275.000;;;0.000000;YES;25983
C245;1pF;C_0201_0603Metric;;53.935.000;116.275.000;;;0.000000;YES;25983
C245;1pF;C_0201_0603Metric;;53.935.000;158.275.000;;;0.000000;YES;25983
C246;1nF;C_0201_0603Metric;;87.025.000;160.725.000;;;0.000000;YES;26088
C246;1nF;C_0201_0603Metric;;121.565.000;34.725.000;;;0.000000;YES;26088
C246;1nF;C_0201_0603Metric;;17.945.000;118.725.000;;;0.000000;YES;26088
C246;1nF;C_0201_0603Metric;;52.485.000;76.725.000;;;0.000000;YES;26088
C246;1nF;C_0201_0603Metric;;52.485.000;118.725.000;;;0.000000;YES;26088
C246;1nF;C_0201_0603Metric;;87.025.000;76.725.000;;;0.000000;YES;26088
C246;1nF;C_0201_0603Metric;;87.025.000;118.725.000;;;0.000000;YES;26088
C246;1nF;C_0201_0603Metric;;17.945.000;76.725.000;;;0.000000;YES;26088
C246;1nF;C_0201_0603Metric;;121.565.000;160.725.000;;;0.000000;YES;26088
C246;1nF;C_0201_0603Metric;;121.565.000;118.725.000;;;0.000000;YES;26088
C246;1nF;C_0201_0603Metric;;87.025.000;34.725.000;;;0.000000;YES;26088
C246;1nF;C_0201_0603Metric;;17.945.000;34.725.000;;;0.000000;YES;26088
C246;1nF;C_0201_0603Metric;;17.945.000;160.725.000;;;0.000000;YES;26088
C246;1nF;C_0201_0603Metric;;121.565.000;76.725.000;;;0.000000;YES;26088
C246;1nF;C_0201_0603Metric;;52.485.000;160.725.000;;;0.000000;YES;26088
C246;1nF;C_0201_0603Metric;;52.485.000;34.725.000;;;0.000000;YES;26088
C247;1pF;C_0201_0603Metric;;88.475.000;34.725.000;;;0.000000;YES;25983
C247;1pF;C_0201_0603Metric;;53.935.000;76.725.000;;;0.000000;YES;25983
C247;1pF;C_0201_0603Metric;;88.475.000;118.725.000;;;0.000000;YES;25983
C247;1pF;C_0201_0603Metric;;123.015.000;76.725.000;;;0.000000;YES;25983
C247;1pF;C_0201_0603Metric;;19.395.000;160.725.000;;;0.000000;YES;25983
C247;1pF;C_0201_0603Metric;;53.935.000;160.725.000;;;0.000000;YES;25983
C247;1pF;C_0201_0603Metric;;88.475.000;76.725.000;;;0.000000;YES;25983
C247;1pF;C_0201_0603Metric;;53.935.000;118.725.000;;;0.000000;YES;25983
C247;1pF;C_0201_0603Metric;;123.015.000;34.725.000;;;0.000000;YES;25983
C247;1pF;C_0201_0603Metric;;19.395.000;34.725.000;;;0.000000;YES;25983
C247;1pF;C_0201_0603Metric;;123.015.000;160.725.000;;;0.000000;YES;25983
C247;1pF;C_0201_0603Metric;;123.015.000;118.725.000;;;0.000000;YES;25983
C247;1pF;C_0201_0603Metric;;19.395.000;118.725.000;;;0.000000;YES;25983
C247;1pF;C_0201_0603Metric;;53.935.000;34.725.000;;;0.000000;YES;25983
C247;1pF;C_0201_0603Metric;;19.395.000;76.725.000;;;0.000000;YES;25983
C247;1pF;C_0201_0603Metric;;88.475.000;160.725.000;;;0.000000;YES;25983
C248;1nF;C_0201_0603Metric;;127.965.000;145.035.000;;;180.000.000;YES;26088
C248;1nF;C_0201_0603Metric;;93.425.000;61.035.000;;;180.000.000;YES;26088
C248;1nF;C_0201_0603Metric;;24.345.000;19.035.000;;;180.000.000;YES;26088
C248;1nF;C_0201_0603Metric;;93.425.000;19.035.000;;;180.000.000;YES;26088
C248;1nF;C_0201_0603Metric;;127.965.000;19.035.000;;;180.000.000;YES;26088
C248;1nF;C_0201_0603Metric;;24.345.000;103.035.000;;;180.000.000;YES;26088
C248;1nF;C_0201_0603Metric;;93.425.000;103.035.000;;;180.000.000;YES;26088
C248;1nF;C_0201_0603Metric;;58.885.000;19.035.000;;;180.000.000;YES;26088
C248;1nF;C_0201_0603Metric;;24.345.000;61.035.000;;;180.000.000;YES;26088
C248;1nF;C_0201_0603Metric;;127.965.000;61.035.000;;;180.000.000;YES;26088
C248;1nF;C_0201_0603Metric;;127.965.000;103.035.000;;;180.000.000;YES;26088
C248;1nF;C_0201_0603Metric;;24.345.000;145.035.000;;;180.000.000;YES;26088
C248;1nF;C_0201_0603Metric;;58.885.000;103.035.000;;;180.000.000;YES;26088
C248;1nF;C_0201_0603Metric;;58.885.000;145.035.000;;;180.000.000;YES;26088
C248;1nF;C_0201_0603Metric;;58.885.000;61.035.000;;;180.000.000;YES;26088
C248;1nF;C_0201_0603Metric;;93.425.000;145.035.000;;;180.000.000;YES;26088
C249;100nF;C_0201_0603Metric;;25.795.000;144.495.000;;;180.000.000;YES;26069
C249;100nF;C_0201_0603Metric;;94.875.000;102.495.000;;;180.000.000;YES;26069
C249;100nF;C_0201_0603Metric;;25.795.000;102.495.000;;;180.000.000;YES;26069
C249;100nF;C_0201_0603Metric;;129.415.000;60.495.000;;;180.000.000;YES;26069
C249;100nF;C_0201_0603Metric;;25.795.000;18.495.000;;;180.000.000;YES;26069
C249;100nF;C_0201_0603Metric;;129.415.000;102.495.000;;;180.000.000;YES;26069
C249;100nF;C_0201_0603Metric;;60.335.000;144.495.000;;;180.000.000;YES;26069
C249;100nF;C_0201_0603Metric;;60.335.000;18.495.000;;;180.000.000;YES;26069
C249;100nF;C_0201_0603Metric;;25.795.000;60.495.000;;;180.000.000;YES;26069
C249;100nF;C_0201_0603Metric;;129.415.000;18.495.000;;;180.000.000;YES;26069
C249;100nF;C_0201_0603Metric;;94.875.000;18.495.000;;;180.000.000;YES;26069
C249;100nF;C_0201_0603Metric;;94.875.000;144.495.000;;;180.000.000;YES;26069
C249;100nF;C_0201_0603Metric;;60.335.000;102.495.000;;;180.000.000;YES;26069
C249;100nF;C_0201_0603Metric;;60.335.000;60.495.000;;;180.000.000;YES;26069
C249;100nF;C_0201_0603Metric;;94.875.000;60.495.000;;;180.000.000;YES;26069
C249;100nF;C_0201_0603Metric;;129.415.000;144.495.000;;;180.000.000;YES;26069
C250;1pF;C_0201_0603Metric;;58.885.000;102.495.000;;;180.000.000;YES;25983
C250;1pF;C_0201_0603Metric;;93.425.000;60.495.000;;;180.000.000;YES;25983
C250;1pF;C_0201_0603Metric;;127.965.000;18.495.000;;;180.000.000;YES;25983
C250;1pF;C_0201_0603Metric;;58.885.000;18.495.000;;;180.000.000;YES;25983
C250;1pF;C_0201_0603Metric;;24.345.000;60.495.000;;;180.000.000;YES;25983
C250;1pF;C_0201_0603Metric;;24.345.000;144.495.000;;;180.000.000;YES;25983
C250;1pF;C_0201_0603Metric;;24.345.000;18.495.000;;;180.000.000;YES;25983
C250;1pF;C_0201_0603Metric;;127.965.000;60.495.000;;;180.000.000;YES;25983
C250;1pF;C_0201_0603Metric;;58.885.000;144.495.000;;;180.000.000;YES;25983
C250;1pF;C_0201_0603Metric;;24.345.000;102.495.000;;;180.000.000;YES;25983
C250;1pF;C_0201_0603Metric;;93.425.000;18.495.000;;;180.000.000;YES;25983
C250;1pF;C_0201_0603Metric;;127.965.000;144.495.000;;;180.000.000;YES;25983
C250;1pF;C_0201_0603Metric;;127.965.000;102.495.000;;;180.000.000;YES;25983
C250;1pF;C_0201_0603Metric;;93.425.000;144.495.000;;;180.000.000;YES;25983
C250;1pF;C_0201_0603Metric;;58.885.000;60.495.000;;;180.000.000;YES;25983
C250;1pF;C_0201_0603Metric;;93.425.000;102.495.000;;;180.000.000;YES;25983
C251;1nF;C_0201_0603Metric;;129.415.000;58.045.000;;;180.000.000;YES;26088
C251;1nF;C_0201_0603Metric;;129.415.000;100.045.000;;;180.000.000;YES;26088
C251;1nF;C_0201_0603Metric;;60.335.000;58.045.000;;;180.000.000;YES;26088
C251;1nF;C_0201_0603Metric;;129.415.000;142.045.000;;;180.000.000;YES;26088
C251;1nF;C_0201_0603Metric;;94.875.000;100.045.000;;;180.000.000;YES;26088
C251;1nF;C_0201_0603Metric;;25.795.000;58.045.000;;;180.000.000;YES;26088
C251;1nF;C_0201_0603Metric;;94.875.000;142.045.000;;;180.000.000;YES;26088
C251;1nF;C_0201_0603Metric;;60.335.000;16.045.000;;;180.000.000;YES;26088
C251;1nF;C_0201_0603Metric;;25.795.000;100.045.000;;;180.000.000;YES;26088
C251;1nF;C_0201_0603Metric;;60.335.000;100.045.000;;;180.000.000;YES;26088
C251;1nF;C_0201_0603Metric;;60.335.000;142.045.000;;;180.000.000;YES;26088
C251;1nF;C_0201_0603Metric;;25.795.000;16.045.000;;;180.000.000;YES;26088
C251;1nF;C_0201_0603Metric;;129.415.000;16.045.000;;;180.000.000;YES;26088
C251;1nF;C_0201_0603Metric;;25.795.000;142.045.000;;;180.000.000;YES;26088
C251;1nF;C_0201_0603Metric;;94.875.000;16.045.000;;;180.000.000;YES;26088
C251;1nF;C_0201_0603Metric;;94.875.000;58.045.000;;;180.000.000;YES;26088
C252;1pF;C_0201_0603Metric;;93.425.000;142.045.000;;;180.000.000;YES;25983
C252;1pF;C_0201_0603Metric;;127.965.000;58.045.000;;;180.000.000;YES;25983
C252;1pF;C_0201_0603Metric;;127.965.000;16.045.000;;;180.000.000;YES;25983
C252;1pF;C_0201_0603Metric;;24.345.000;16.045.000;;;180.000.000;YES;25983
C252;1pF;C_0201_0603Metric;;24.345.000;58.045.000;;;180.000.000;YES;25983
C252;1pF;C_0201_0603Metric;;127.965.000;142.045.000;;;180.000.000;YES;25983
C252;1pF;C_0201_0603Metric;;93.425.000;16.045.000;;;180.000.000;YES;25983
C252;1pF;C_0201_0603Metric;;58.885.000;58.045.000;;;180.000.000;YES;25983
C252;1pF;C_0201_0603Metric;;127.965.000;100.045.000;;;180.000.000;YES;25983
C252;1pF;C_0201_0603Metric;;93.425.000;58.045.000;;;180.000.000;YES;25983
C252;1pF;C_0201_0603Metric;;58.885.000;100.045.000;;;180.000.000;YES;25983
C252;1pF;C_0201_0603Metric;;24.345.000;100.045.000;;;180.000.000;YES;25983
C252;1pF;C_0201_0603Metric;;93.425.000;100.045.000;;;180.000.000;YES;25983
C252;1pF;C_0201_0603Metric;;58.885.000;142.045.000;;;180.000.000;YES;25983
C252;1pF;C_0201_0603Metric;;24.345.000;142.045.000;;;180.000.000;YES;25983
C252;1pF;C_0201_0603Metric;;58.885.000;16.045.000;;;180.000.000;YES;25983
C253;1nF;C_0201_0603Metric;;57.135.000;161.965.000;;;0.000000;YES;26088
C253;1nF;C_0201_0603Metric;;91.675.000;119.965.000;;;0.000000;YES;26088
C253;1nF;C_0201_0603Metric;;126.215.000;119.965.000;;;0.000000;YES;26088
C253;1nF;C_0201_0603Metric;;91.675.000;161.965.000;;;0.000000;YES;26088
C253;1nF;C_0201_0603Metric;;126.215.000;77.965.000;;;0.000000;YES;26088
C253;1nF;C_0201_0603Metric;;57.135.000;77.965.000;;;0.000000;YES;26088
C253;1nF;C_0201_0603Metric;;22.595.000;119.965.000;;;0.000000;YES;26088
C253;1nF;C_0201_0603Metric;;126.215.000;161.965.000;;;0.000000;YES;26088
C253;1nF;C_0201_0603Metric;;126.215.000;35.965.000;;;0.000000;YES;26088
C253;1nF;C_0201_0603Metric;;22.595.000;35.965.000;;;0.000000;YES;26088
C253;1nF;C_0201_0603Metric;;22.595.000;161.965.000;;;0.000000;YES;26088
C253;1nF;C_0201_0603Metric;;22.595.000;77.965.000;;;0.000000;YES;26088
C253;1nF;C_0201_0603Metric;;57.135.000;35.965.000;;;0.000000;YES;26088
C253;1nF;C_0201_0603Metric;;91.675.000;35.965.000;;;0.000000;YES;26088
C253;1nF;C_0201_0603Metric;;57.135.000;119.965.000;;;0.000000;YES;26088
C253;1nF;C_0201_0603Metric;;91.675.000;77.965.000;;;0.000000;YES;26088
C254;100nF;C_0201_0603Metric;;124.765.000;162.505.000;;;0.000000;YES;26069
C254;100nF;C_0201_0603Metric;;124.765.000;36.505.000;;;0.000000;YES;26069
C254;100nF;C_0201_0603Metric;;124.765.000;120.505.000;;;0.000000;YES;26069
C254;100nF;C_0201_0603Metric;;21.145.000;36.505.000;;;0.000000;YES;26069
C254;100nF;C_0201_0603Metric;;90.225.000;120.505.000;;;0.000000;YES;26069
C254;100nF;C_0201_0603Metric;;124.765.000;78.505.000;;;0.000000;YES;26069
C254;100nF;C_0201_0603Metric;;90.225.000;162.505.000;;;0.000000;YES;26069
C254;100nF;C_0201_0603Metric;;55.685.000;120.505.000;;;0.000000;YES;26069
C254;100nF;C_0201_0603Metric;;90.225.000;36.505.000;;;0.000000;YES;26069
C254;100nF;C_0201_0603Metric;;21.145.000;120.505.000;;;0.000000;YES;26069
C254;100nF;C_0201_0603Metric;;55.685.000;162.505.000;;;0.000000;YES;26069
C254;100nF;C_0201_0603Metric;;90.225.000;78.505.000;;;0.000000;YES;26069
C254;100nF;C_0201_0603Metric;;55.685.000;36.505.000;;;0.000000;YES;26069
C254;100nF;C_0201_0603Metric;;55.685.000;78.505.000;;;0.000000;YES;26069
C254;100nF;C_0201_0603Metric;;21.145.000;162.505.000;;;0.000000;YES;26069
C254;100nF;C_0201_0603Metric;;21.145.000;78.505.000;;;0.000000;YES;26069
C255;1pF;C_0201_0603Metric;;91.675.000;120.505.000;;;0.000000;YES;25983
C255;1pF;C_0201_0603Metric;;126.215.000;162.505.000;;;0.000000;YES;25983
C255;1pF;C_0201_0603Metric;;91.675.000;78.505.000;;;0.000000;YES;25983
C255;1pF;C_0201_0603Metric;;126.215.000;78.505.000;;;0.000000;YES;25983
C255;1pF;C_0201_0603Metric;;57.135.000;120.505.000;;;0.000000;YES;25983
C255;1pF;C_0201_0603Metric;;91.675.000;162.505.000;;;0.000000;YES;25983
C255;1pF;C_0201_0603Metric;;57.135.000;36.505.000;;;0.000000;YES;25983
C255;1pF;C_0201_0603Metric;;22.595.000;36.505.000;;;0.000000;YES;25983
C255;1pF;C_0201_0603Metric;;126.215.000;120.505.000;;;0.000000;YES;25983
C255;1pF;C_0201_0603Metric;;57.135.000;78.505.000;;;0.000000;YES;25983
C255;1pF;C_0201_0603Metric;;22.595.000;162.505.000;;;0.000000;YES;25983
C255;1pF;C_0201_0603Metric;;57.135.000;162.505.000;;;0.000000;YES;25983
C255;1pF;C_0201_0603Metric;;22.595.000;120.505.000;;;0.000000;YES;25983
C255;1pF;C_0201_0603Metric;;22.595.000;78.505.000;;;0.000000;YES;25983
C255;1pF;C_0201_0603Metric;;126.215.000;36.505.000;;;0.000000;YES;25983
C255;1pF;C_0201_0603Metric;;91.675.000;36.505.000;;;0.000000;YES;25983
C256;1nF;C_0201_0603Metric;;21.145.000;80.955.000;;;0.000000;YES;26088
C256;1nF;C_0201_0603Metric;;55.685.000;164.955.000;;;0.000000;YES;26088
C256;1nF;C_0201_0603Metric;;21.145.000;164.955.000;;;0.000000;YES;26088
C256;1nF;C_0201_0603Metric;;90.225.000;38.955.000;;;0.000000;YES;26088
C256;1nF;C_0201_0603Metric;;55.685.000;80.955.000;;;0.000000;YES;26088
C256;1nF;C_0201_0603Metric;;55.685.000;38.955.000;;;0.000000;YES;26088
C256;1nF;C_0201_0603Metric;;124.765.000;122.955.000;;;0.000000;YES;26088
C256;1nF;C_0201_0603Metric;;90.225.000;164.955.000;;;0.000000;YES;26088
C256;1nF;C_0201_0603Metric;;21.145.000;122.955.000;;;0.000000;YES;26088
C256;1nF;C_0201_0603Metric;;124.765.000;38.955.000;;;0.000000;YES;26088
C256;1nF;C_0201_0603Metric;;124.765.000;164.955.000;;;0.000000;YES;26088
C256;1nF;C_0201_0603Metric;;21.145.000;38.955.000;;;0.000000;YES;26088
C256;1nF;C_0201_0603Metric;;90.225.000;122.955.000;;;0.000000;YES;26088
C256;1nF;C_0201_0603Metric;;124.765.000;80.955.000;;;0.000000;YES;26088
C256;1nF;C_0201_0603Metric;;55.685.000;122.955.000;;;0.000000;YES;26088
C256;1nF;C_0201_0603Metric;;90.225.000;80.955.000;;;0.000000;YES;26088
C257;1pF;C_0201_0603Metric;;126.215.000;38.955.000;;;0.000000;YES;25983
C257;1pF;C_0201_0603Metric;;126.215.000;80.955.000;;;0.000000;YES;25983
C257;1pF;C_0201_0603Metric;;91.675.000;38.955.000;;;0.000000;YES;25983
C257;1pF;C_0201_0603Metric;;22.595.000;164.955.000;;;0.000000;YES;25983
C257;1pF;C_0201_0603Metric;;57.135.000;38.955.000;;;0.000000;YES;25983
C257;1pF;C_0201_0603Metric;;126.215.000;164.955.000;;;0.000000;YES;25983
C257;1pF;C_0201_0603Metric;;91.675.000;80.955.000;;;0.000000;YES;25983
C257;1pF;C_0201_0603Metric;;22.595.000;122.955.000;;;0.000000;YES;25983
C257;1pF;C_0201_0603Metric;;57.135.000;164.955.000;;;0.000000;YES;25983
C257;1pF;C_0201_0603Metric;;22.595.000;38.955.000;;;0.000000;YES;25983
C257;1pF;C_0201_0603Metric;;57.135.000;122.955.000;;;0.000000;YES;25983
C257;1pF;C_0201_0603Metric;;91.675.000;164.955.000;;;0.000000;YES;25983
C257;1pF;C_0201_0603Metric;;126.215.000;122.955.000;;;0.000000;YES;25983
C257;1pF;C_0201_0603Metric;;57.135.000;80.955.000;;;0.000000;YES;25983
C257;1pF;C_0201_0603Metric;;91.675.000;122.955.000;;;0.000000;YES;25983
C257;1pF;C_0201_0603Metric;;22.595.000;80.955.000;;;0.000000;YES;25983
C258;1nF;C_0201_0603Metric;;106.225.000;107.265.000;;;180.000.000;YES;26088
C258;1nF;C_0201_0603Metric;;140.765.000;107.265.000;;;180.000.000;YES;26088
C258;1nF;C_0201_0603Metric;;140.765.000;23.265.000;;;180.000.000;YES;26088
C258;1nF;C_0201_0603Metric;;106.225.000;149.265.000;;;180.000.000;YES;26088
C258;1nF;C_0201_0603Metric;;140.765.000;65.265.000;;;180.000.000;YES;26088
C258;1nF;C_0201_0603Metric;;106.225.000;23.265.000;;;180.000.000;YES;26088
C258;1nF;C_0201_0603Metric;;106.225.000;65.265.000;;;180.000.000;YES;26088
C258;1nF;C_0201_0603Metric;;71.685.000;149.265.000;;;180.000.000;YES;26088
C258;1nF;C_0201_0603Metric;;71.685.000;23.265.000;;;180.000.000;YES;26088
C258;1nF;C_0201_0603Metric;;37.145.000;107.265.000;;;180.000.000;YES;26088
C258;1nF;C_0201_0603Metric;;37.145.000;23.265.000;;;180.000.000;YES;26088
C258;1nF;C_0201_0603Metric;;37.145.000;149.265.000;;;180.000.000;YES;26088
C258;1nF;C_0201_0603Metric;;71.685.000;65.265.000;;;180.000.000;YES;26088
C258;1nF;C_0201_0603Metric;;71.685.000;107.265.000;;;180.000.000;YES;26088
C258;1nF;C_0201_0603Metric;;140.765.000;149.265.000;;;180.000.000;YES;26088
C258;1nF;C_0201_0603Metric;;37.145.000;65.265.000;;;180.000.000;YES;26088
C259;100nF;C_0201_0603Metric;;107.675.000;106.725.000;;;180.000.000;YES;26069
C259;100nF;C_0201_0603Metric;;142.215.000;106.725.000;;;180.000.000;YES;26069
C259;100nF;C_0201_0603Metric;;107.675.000;64.725.000;;;180.000.000;YES;26069
C259;100nF;C_0201_0603Metric;;38.595.000;148.725.000;;;180.000.000;YES;26069
C259;100nF;C_0201_0603Metric;;142.215.000;22.725.000;;;180.000.000;YES;26069
C259;100nF;C_0201_0603Metric;;38.595.000;22.725.000;;;180.000.000;YES;26069
C259;100nF;C_0201_0603Metric;;73.135.000;148.725.000;;;180.000.000;YES;26069
C259;100nF;C_0201_0603Metric;;73.135.000;64.725.000;;;180.000.000;YES;26069
C259;100nF;C_0201_0603Metric;;142.215.000;148.725.000;;;180.000.000;YES;26069
C259;100nF;C_0201_0603Metric;;73.135.000;106.725.000;;;180.000.000;YES;26069
C259;100nF;C_0201_0603Metric;;73.135.000;22.725.000;;;180.000.000;YES;26069
C259;100nF;C_0201_0603Metric;;38.595.000;64.725.000;;;180.000.000;YES;26069
C259;100nF;C_0201_0603Metric;;142.215.000;64.725.000;;;180.000.000;YES;26069
C259;100nF;C_0201_0603Metric;;107.675.000;148.725.000;;;180.000.000;YES;26069
C259;100nF;C_0201_0603Metric;;107.675.000;22.725.000;;;180.000.000;YES;26069
C259;100nF;C_0201_0603Metric;;38.595.000;106.725.000;;;180.000.000;YES;26069
C260;1pF;C_0201_0603Metric;;106.225.000;64.725.000;;;180.000.000;YES;25983
C260;1pF;C_0201_0603Metric;;140.765.000;106.725.000;;;180.000.000;YES;25983
C260;1pF;C_0201_0603Metric;;71.685.000;106.725.000;;;180.000.000;YES;25983
C260;1pF;C_0201_0603Metric;;37.145.000;22.725.000;;;180.000.000;YES;25983
C260;1pF;C_0201_0603Metric;;140.765.000;22.725.000;;;180.000.000;YES;25983
C260;1pF;C_0201_0603Metric;;140.765.000;64.725.000;;;180.000.000;YES;25983
C260;1pF;C_0201_0603Metric;;37.145.000;106.725.000;;;180.000.000;YES;25983
C260;1pF;C_0201_0603Metric;;71.685.000;22.725.000;;;180.000.000;YES;25983
C260;1pF;C_0201_0603Metric;;106.225.000;22.725.000;;;180.000.000;YES;25983
C260;1pF;C_0201_0603Metric;;37.145.000;148.725.000;;;180.000.000;YES;25983
C260;1pF;C_0201_0603Metric;;106.225.000;148.725.000;;;180.000.000;YES;25983
C260;1pF;C_0201_0603Metric;;140.765.000;148.725.000;;;180.000.000;YES;25983
C260;1pF;C_0201_0603Metric;;71.685.000;64.725.000;;;180.000.000;YES;25983
C260;1pF;C_0201_0603Metric;;71.685.000;148.725.000;;;180.000.000;YES;25983
C260;1pF;C_0201_0603Metric;;37.145.000;64.725.000;;;180.000.000;YES;25983
C260;1pF;C_0201_0603Metric;;106.225.000;106.725.000;;;180.000.000;YES;25983
C261;1nF;C_0201_0603Metric;;73.135.000;62.275.000;;;180.000.000;YES;26088
C261;1nF;C_0201_0603Metric;;38.595.000;104.275.000;;;180.000.000;YES;26088
C261;1nF;C_0201_0603Metric;;107.675.000;62.275.000;;;180.000.000;YES;26088
C261;1nF;C_0201_0603Metric;;142.215.000;20.275.000;;;180.000.000;YES;26088
C261;1nF;C_0201_0603Metric;;142.215.000;62.275.000;;;180.000.000;YES;26088
C261;1nF;C_0201_0603Metric;;38.595.000;62.275.000;;;180.000.000;YES;26088
C261;1nF;C_0201_0603Metric;;107.675.000;146.275.000;;;180.000.000;YES;26088
C261;1nF;C_0201_0603Metric;;107.675.000;20.275.000;;;180.000.000;YES;26088
C261;1nF;C_0201_0603Metric;;38.595.000;146.275.000;;;180.000.000;YES;26088
C261;1nF;C_0201_0603Metric;;142.215.000;146.275.000;;;180.000.000;YES;26088
C261;1nF;C_0201_0603Metric;;107.675.000;104.275.000;;;180.000.000;YES;26088
C261;1nF;C_0201_0603Metric;;73.135.000;146.275.000;;;180.000.000;YES;26088
C261;1nF;C_0201_0603Metric;;142.215.000;104.275.000;;;180.000.000;YES;26088
C261;1nF;C_0201_0603Metric;;38.595.000;20.275.000;;;180.000.000;YES;26088
C261;1nF;C_0201_0603Metric;;73.135.000;104.275.000;;;180.000.000;YES;26088
C261;1nF;C_0201_0603Metric;;73.135.000;20.275.000;;;180.000.000;YES;26088
C262;1pF;C_0201_0603Metric;;71.685.000;62.275.000;;;180.000.000;YES;25983
C262;1pF;C_0201_0603Metric;;37.145.000;104.275.000;;;180.000.000;YES;25983
C262;1pF;C_0201_0603Metric;;106.225.000;62.275.000;;;180.000.000;YES;25983
C262;1pF;C_0201_0603Metric;;140.765.000;20.275.000;;;180.000.000;YES;25983
C262;1pF;C_0201_0603Metric;;106.225.000;20.275.000;;;180.000.000;YES;25983
C262;1pF;C_0201_0603Metric;;140.765.000;62.275.000;;;180.000.000;YES;25983
C262;1pF;C_0201_0603Metric;;106.225.000;146.275.000;;;180.000.000;YES;25983
C262;1pF;C_0201_0603Metric;;37.145.000;20.275.000;;;180.000.000;YES;25983
C262;1pF;C_0201_0603Metric;;140.765.000;146.275.000;;;180.000.000;YES;25983
C262;1pF;C_0201_0603Metric;;140.765.000;104.275.000;;;180.000.000;YES;25983
C262;1pF;C_0201_0603Metric;;37.145.000;146.275.000;;;180.000.000;YES;25983
C262;1pF;C_0201_0603Metric;;71.685.000;146.275.000;;;180.000.000;YES;25983
C262;1pF;C_0201_0603Metric;;37.145.000;62.275.000;;;180.000.000;YES;25983
C262;1pF;C_0201_0603Metric;;71.685.000;104.275.000;;;180.000.000;YES;25983
C262;1pF;C_0201_0603Metric;;71.685.000;20.275.000;;;180.000.000;YES;25983
C262;1pF;C_0201_0603Metric;;106.225.000;104.275.000;;;180.000.000;YES;25983
C263;1nF;C_0201_0603Metric;;109.425.000;107.265.000;;;180.000.000;YES;26088
C263;1nF;C_0201_0603Metric;;40.345.000;65.265.000;;;180.000.000;YES;26088
C263;1nF;C_0201_0603Metric;;109.425.000;149.265.000;;;180.000.000;YES;26088
C263;1nF;C_0201_0603Metric;;109.425.000;23.265.000;;;180.000.000;YES;26088
C263;1nF;C_0201_0603Metric;;74.885.000;107.265.000;;;180.000.000;YES;26088
C263;1nF;C_0201_0603Metric;;40.345.000;149.265.000;;;180.000.000;YES;26088
C263;1nF;C_0201_0603Metric;;74.885.000;149.265.000;;;180.000.000;YES;26088
C263;1nF;C_0201_0603Metric;;74.885.000;23.265.000;;;180.000.000;YES;26088
C263;1nF;C_0201_0603Metric;;40.345.000;107.265.000;;;180.000.000;YES;26088
C263;1nF;C_0201_0603Metric;;74.885.000;65.265.000;;;180.000.000;YES;26088
C263;1nF;C_0201_0603Metric;;143.965.000;107.265.000;;;180.000.000;YES;26088
C263;1nF;C_0201_0603Metric;;109.425.000;65.265.000;;;180.000.000;YES;26088
C263;1nF;C_0201_0603Metric;;40.345.000;23.265.000;;;180.000.000;YES;26088
C263;1nF;C_0201_0603Metric;;143.965.000;65.265.000;;;180.000.000;YES;26088
C263;1nF;C_0201_0603Metric;;143.965.000;23.265.000;;;180.000.000;YES;26088
C263;1nF;C_0201_0603Metric;;143.965.000;149.265.000;;;180.000.000;YES;26088
C264;100nF;C_0201_0603Metric;;110.875.000;106.725.000;;;180.000.000;YES;26069
C264;100nF;C_0201_0603Metric;;145.415.000;64.725.000;;;180.000.000;YES;26069
C264;100nF;C_0201_0603Metric;;110.875.000;148.725.000;;;180.000.000;YES;26069
C264;100nF;C_0201_0603Metric;;41.795.000;148.725.000;;;180.000.000;YES;26069
C264;100nF;C_0201_0603Metric;;110.875.000;22.725.000;;;180.000.000;YES;26069
C264;100nF;C_0201_0603Metric;;76.335.000;106.725.000;;;180.000.000;YES;26069
C264;100nF;C_0201_0603Metric;;145.415.000;148.725.000;;;180.000.000;YES;26069
C264;100nF;C_0201_0603Metric;;41.795.000;22.725.000;;;180.000.000;YES;26069
C264;100nF;C_0201_0603Metric;;110.875.000;64.725.000;;;180.000.000;YES;26069
C264;100nF;C_0201_0603Metric;;145.415.000;22.725.000;;;180.000.000;YES;26069
C264;100nF;C_0201_0603Metric;;76.335.000;148.725.000;;;180.000.000;YES;26069
C264;100nF;C_0201_0603Metric;;76.335.000;22.725.000;;;180.000.000;YES;26069
C264;100nF;C_0201_0603Metric;;41.795.000;64.725.000;;;180.000.000;YES;26069
C264;100nF;C_0201_0603Metric;;76.335.000;64.725.000;;;180.000.000;YES;26069
C264;100nF;C_0201_0603Metric;;41.795.000;106.725.000;;;180.000.000;YES;26069
C264;100nF;C_0201_0603Metric;;145.415.000;106.725.000;;;180.000.000;YES;26069
C265;1pF;C_0201_0603Metric;;40.345.000;64.725.000;;;180.000.000;YES;25983
C265;1pF;C_0201_0603Metric;;109.425.000;106.725.000;;;180.000.000;YES;25983
C265;1pF;C_0201_0603Metric;;109.425.000;22.725.000;;;180.000.000;YES;25983
C265;1pF;C_0201_0603Metric;;143.965.000;106.725.000;;;180.000.000;YES;25983
C265;1pF;C_0201_0603Metric;;74.885.000;148.725.000;;;180.000.000;YES;25983
C265;1pF;C_0201_0603Metric;;74.885.000;106.725.000;;;180.000.000;YES;25983
C265;1pF;C_0201_0603Metric;;40.345.000;22.725.000;;;180.000.000;YES;25983
C265;1pF;C_0201_0603Metric;;109.425.000;64.725.000;;;180.000.000;YES;25983
C265;1pF;C_0201_0603Metric;;143.965.000;64.725.000;;;180.000.000;YES;25983
C265;1pF;C_0201_0603Metric;;109.425.000;148.725.000;;;180.000.000;YES;25983
C265;1pF;C_0201_0603Metric;;74.885.000;22.725.000;;;180.000.000;YES;25983
C265;1pF;C_0201_0603Metric;;143.965.000;148.725.000;;;180.000.000;YES;25983
C265;1pF;C_0201_0603Metric;;40.345.000;148.725.000;;;180.000.000;YES;25983
C265;1pF;C_0201_0603Metric;;74.885.000;64.725.000;;;180.000.000;YES;25983
C265;1pF;C_0201_0603Metric;;143.965.000;22.725.000;;;180.000.000;YES;25983
C265;1pF;C_0201_0603Metric;;40.345.000;106.725.000;;;180.000.000;YES;25983
C266;1nF;C_0201_0603Metric;;110.875.000;104.275.000;;;180.000.000;YES;26088
C266;1nF;C_0201_0603Metric;;41.795.000;146.275.000;;;180.000.000;YES;26088
C266;1nF;C_0201_0603Metric;;76.335.000;104.275.000;;;180.000.000;YES;26088
C266;1nF;C_0201_0603Metric;;145.415.000;20.275.000;;;180.000.000;YES;26088
C266;1nF;C_0201_0603Metric;;41.795.000;104.275.000;;;180.000.000;YES;26088
C266;1nF;C_0201_0603Metric;;145.415.000;104.275.000;;;180.000.000;YES;26088
C266;1nF;C_0201_0603Metric;;76.335.000;20.275.000;;;180.000.000;YES;26088
C266;1nF;C_0201_0603Metric;;41.795.000;20.275.000;;;180.000.000;YES;26088
C266;1nF;C_0201_0603Metric;;76.335.000;146.275.000;;;180.000.000;YES;26088
C266;1nF;C_0201_0603Metric;;41.795.000;62.275.000;;;180.000.000;YES;26088
C266;1nF;C_0201_0603Metric;;145.415.000;146.275.000;;;180.000.000;YES;26088
C266;1nF;C_0201_0603Metric;;110.875.000;20.275.000;;;180.000.000;YES;26088
C266;1nF;C_0201_0603Metric;;110.875.000;62.275.000;;;180.000.000;YES;26088
C266;1nF;C_0201_0603Metric;;76.335.000;62.275.000;;;180.000.000;YES;26088
C266;1nF;C_0201_0603Metric;;145.415.000;62.275.000;;;180.000.000;YES;26088
C266;1nF;C_0201_0603Metric;;110.875.000;146.275.000;;;180.000.000;YES;26088
C267;1pF;C_0201_0603Metric;;143.965.000;104.275.000;;;180.000.000;YES;25983
C267;1pF;C_0201_0603Metric;;109.425.000;104.275.000;;;180.000.000;YES;25983
C267;1pF;C_0201_0603Metric;;143.965.000;146.275.000;;;180.000.000;YES;25983
C267;1pF;C_0201_0603Metric;;109.425.000;146.275.000;;;180.000.000;YES;25983
C267;1pF;C_0201_0603Metric;;109.425.000;62.275.000;;;180.000.000;YES;25983
C267;1pF;C_0201_0603Metric;;74.885.000;20.275.000;;;180.000.000;YES;25983
C267;1pF;C_0201_0603Metric;;143.965.000;20.275.000;;;180.000.000;YES;25983
C267;1pF;C_0201_0603Metric;;40.345.000;62.275.000;;;180.000.000;YES;25983
C267;1pF;C_0201_0603Metric;;74.885.000;62.275.000;;;180.000.000;YES;25983
C267;1pF;C_0201_0603Metric;;40.345.000;146.275.000;;;180.000.000;YES;25983
C267;1pF;C_0201_0603Metric;;40.345.000;20.275.000;;;180.000.000;YES;25983
C267;1pF;C_0201_0603Metric;;74.885.000;146.275.000;;;180.000.000;YES;25983
C267;1pF;C_0201_0603Metric;;74.885.000;104.275.000;;;180.000.000;YES;25983
C267;1pF;C_0201_0603Metric;;143.965.000;62.275.000;;;180.000.000;YES;25983
C267;1pF;C_0201_0603Metric;;40.345.000;104.275.000;;;180.000.000;YES;25983
C267;1pF;C_0201_0603Metric;;109.425.000;20.275.000;;;180.000.000;YES;25983
C268;1nF;C_0201_0603Metric;;17.945.000;149.265.000;;;180.000.000;YES;26088
C268;1nF;C_0201_0603Metric;;121.565.000;65.265.000;;;180.000.000;YES;26088
C268;1nF;C_0201_0603Metric;;52.485.000;65.265.000;;;180.000.000;YES;26088
C268;1nF;C_0201_0603Metric;;87.025.000;149.265.000;;;180.000.000;YES;26088
C268;1nF;C_0201_0603Metric;;52.485.000;23.265.000;;;180.000.000;YES;26088
C268;1nF;C_0201_0603Metric;;52.485.000;107.265.000;;;180.000.000;YES;26088
C268;1nF;C_0201_0603Metric;;121.565.000;107.265.000;;;180.000.000;YES;26088
C268;1nF;C_0201_0603Metric;;87.025.000;23.265.000;;;180.000.000;YES;26088
C268;1nF;C_0201_0603Metric;;52.485.000;149.265.000;;;180.000.000;YES;26088
C268;1nF;C_0201_0603Metric;;87.025.000;65.265.000;;;180.000.000;YES;26088
C268;1nF;C_0201_0603Metric;;121.565.000;23.265.000;;;180.000.000;YES;26088
C268;1nF;C_0201_0603Metric;;17.945.000;65.265.000;;;180.000.000;YES;26088
C268;1nF;C_0201_0603Metric;;121.565.000;149.265.000;;;180.000.000;YES;26088
C268;1nF;C_0201_0603Metric;;87.025.000;107.265.000;;;180.000.000;YES;26088
C268;1nF;C_0201_0603Metric;;17.945.000;107.265.000;;;180.000.000;YES;26088
C268;1nF;C_0201_0603Metric;;17.945.000;23.265.000;;;180.000.000;YES;26088
C269;100nF;C_0201_0603Metric;;19.395.000;106.725.000;;;180.000.000;YES;26069
C269;100nF;C_0201_0603Metric;;123.015.000;106.725.000;;;180.000.000;YES;26069
C269;100nF;C_0201_0603Metric;;88.475.000;106.725.000;;;180.000.000;YES;26069
C269;100nF;C_0201_0603Metric;;19.395.000;64.725.000;;;180.000.000;YES;26069
C269;100nF;C_0201_0603Metric;;53.935.000;148.725.000;;;180.000.000;YES;26069
C269;100nF;C_0201_0603Metric;;53.935.000;64.725.000;;;180.000.000;YES;26069
C269;100nF;C_0201_0603Metric;;19.395.000;22.725.000;;;180.000.000;YES;26069
C269;100nF;C_0201_0603Metric;;19.395.000;148.725.000;;;180.000.000;YES;26069
C269;100nF;C_0201_0603Metric;;123.015.000;64.725.000;;;180.000.000;YES;26069
C269;100nF;C_0201_0603Metric;;88.475.000;64.725.000;;;180.000.000;YES;26069
C269;100nF;C_0201_0603Metric;;88.475.000;22.725.000;;;180.000.000;YES;26069
C269;100nF;C_0201_0603Metric;;88.475.000;148.725.000;;;180.000.000;YES;26069
C269;100nF;C_0201_0603Metric;;123.015.000;148.725.000;;;180.000.000;YES;26069
C269;100nF;C_0201_0603Metric;;123.015.000;22.725.000;;;180.000.000;YES;26069
C269;100nF;C_0201_0603Metric;;53.935.000;106.725.000;;;180.000.000;YES;26069
C269;100nF;C_0201_0603Metric;;53.935.000;22.725.000;;;180.000.000;YES;26069
C270;1pF;C_0201_0603Metric;;87.025.000;106.725.000;;;180.000.000;YES;25983
C270;1pF;C_0201_0603Metric;;87.025.000;64.725.000;;;180.000.000;YES;25983
C270;1pF;C_0201_0603Metric;;17.945.000;148.725.000;;;180.000.000;YES;25983
C270;1pF;C_0201_0603Metric;;121.565.000;106.725.000;;;180.000.000;YES;25983
C270;1pF;C_0201_0603Metric;;121.565.000;148.725.000;;;180.000.000;YES;25983
C270;1pF;C_0201_0603Metric;;121.565.000;22.725.000;;;180.000.000;YES;25983
C270;1pF;C_0201_0603Metric;;52.485.000;106.725.000;;;180.000.000;YES;25983
C270;1pF;C_0201_0603Metric;;52.485.000;22.725.000;;;180.000.000;YES;25983
C270;1pF;C_0201_0603Metric;;52.485.000;64.725.000;;;180.000.000;YES;25983
C270;1pF;C_0201_0603Metric;;17.945.000;106.725.000;;;180.000.000;YES;25983
C270;1pF;C_0201_0603Metric;;52.485.000;148.725.000;;;180.000.000;YES;25983
C270;1pF;C_0201_0603Metric;;121.565.000;64.725.000;;;180.000.000;YES;25983
C270;1pF;C_0201_0603Metric;;17.945.000;64.725.000;;;180.000.000;YES;25983
C270;1pF;C_0201_0603Metric;;87.025.000;22.725.000;;;180.000.000;YES;25983
C270;1pF;C_0201_0603Metric;;17.945.000;22.725.000;;;180.000.000;YES;25983
C270;1pF;C_0201_0603Metric;;87.025.000;148.725.000;;;180.000.000;YES;25983
C271;1nF;C_0201_0603Metric;;53.935.000;20.275.000;;;180.000.000;YES;26088
C271;1nF;C_0201_0603Metric;;123.015.000;62.275.000;;;180.000.000;YES;26088
C271;1nF;C_0201_0603Metric;;19.395.000;62.275.000;;;180.000.000;YES;26088
C271;1nF;C_0201_0603Metric;;123.015.000;20.275.000;;;180.000.000;YES;26088
C271;1nF;C_0201_0603Metric;;53.935.000;146.275.000;;;180.000.000;YES;26088
C271;1nF;C_0201_0603Metric;;88.475.000;146.275.000;;;180.000.000;YES;26088
C271;1nF;C_0201_0603Metric;;123.015.000;104.275.000;;;180.000.000;YES;26088
C271;1nF;C_0201_0603Metric;;88.475.000;20.275.000;;;180.000.000;YES;26088
C271;1nF;C_0201_0603Metric;;123.015.000;146.275.000;;;180.000.000;YES;26088
C271;1nF;C_0201_0603Metric;;88.475.000;104.275.000;;;180.000.000;YES;26088
C271;1nF;C_0201_0603Metric;;19.395.000;104.275.000;;;180.000.000;YES;26088
C271;1nF;C_0201_0603Metric;;53.935.000;62.275.000;;;180.000.000;YES;26088
C271;1nF;C_0201_0603Metric;;88.475.000;62.275.000;;;180.000.000;YES;26088
C271;1nF;C_0201_0603Metric;;53.935.000;104.275.000;;;180.000.000;YES;26088
C271;1nF;C_0201_0603Metric;;19.395.000;20.275.000;;;180.000.000;YES;26088
C271;1nF;C_0201_0603Metric;;19.395.000;146.275.000;;;180.000.000;YES;26088
C272;1pF;C_0201_0603Metric;;87.025.000;146.275.000;;;180.000.000;YES;25983
C272;1pF;C_0201_0603Metric;;17.945.000;62.275.000;;;180.000.000;YES;25983
C272;1pF;C_0201_0603Metric;;87.025.000;104.275.000;;;180.000.000;YES;25983
C272;1pF;C_0201_0603Metric;;17.945.000;20.275.000;;;180.000.000;YES;25983
C272;1pF;C_0201_0603Metric;;17.945.000;104.275.000;;;180.000.000;YES;25983
C272;1pF;C_0201_0603Metric;;17.945.000;146.275.000;;;180.000.000;YES;25983
C272;1pF;C_0201_0603Metric;;121.565.000;104.275.000;;;180.000.000;YES;25983
C272;1pF;C_0201_0603Metric;;121.565.000;146.275.000;;;180.000.000;YES;25983
C272;1pF;C_0201_0603Metric;;121.565.000;62.275.000;;;180.000.000;YES;25983
C272;1pF;C_0201_0603Metric;;87.025.000;62.275.000;;;180.000.000;YES;25983
C272;1pF;C_0201_0603Metric;;52.485.000;20.275.000;;;180.000.000;YES;25983
C272;1pF;C_0201_0603Metric;;87.025.000;20.275.000;;;180.000.000;YES;25983
C272;1pF;C_0201_0603Metric;;52.485.000;104.275.000;;;180.000.000;YES;25983
C272;1pF;C_0201_0603Metric;;52.485.000;146.275.000;;;180.000.000;YES;25983
C272;1pF;C_0201_0603Metric;;52.485.000;62.275.000;;;180.000.000;YES;25983
C272;1pF;C_0201_0603Metric;;121.565.000;20.275.000;;;180.000.000;YES;25983
C273;1nF;C_0201_0603Metric;;139.015.000;35.965.000;;;0.000000;YES;26088
C273;1nF;C_0201_0603Metric;;104.475.000;35.965.000;;;0.000000;YES;26088
C273;1nF;C_0201_0603Metric;;35.395.000;161.965.000;;;0.000000;YES;26088
C273;1nF;C_0201_0603Metric;;104.475.000;119.965.000;;;0.000000;YES;26088
C273;1nF;C_0201_0603Metric;;69.935.000;161.965.000;;;0.000000;YES;26088
C273;1nF;C_0201_0603Metric;;35.395.000;35.965.000;;;0.000000;YES;26088
C273;1nF;C_0201_0603Metric;;139.015.000;161.965.000;;;0.000000;YES;26088
C273;1nF;C_0201_0603Metric;;104.475.000;161.965.000;;;0.000000;YES;26088
C273;1nF;C_0201_0603Metric;;139.015.000;77.965.000;;;0.000000;YES;26088
C273;1nF;C_0201_0603Metric;;35.395.000;77.965.000;;;0.000000;YES;26088
C273;1nF;C_0201_0603Metric;;139.015.000;119.965.000;;;0.000000;YES;26088
C273;1nF;C_0201_0603Metric;;69.935.000;35.965.000;;;0.000000;YES;26088
C273;1nF;C_0201_0603Metric;;69.935.000;119.965.000;;;0.000000;YES;26088
C273;1nF;C_0201_0603Metric;;69.935.000;77.965.000;;;0.000000;YES;26088
C273;1nF;C_0201_0603Metric;;104.475.000;77.965.000;;;0.000000;YES;26088
C273;1nF;C_0201_0603Metric;;35.395.000;119.965.000;;;0.000000;YES;26088
C274;100nF;C_0201_0603Metric;;103.025.000;78.505.000;;;0.000000;YES;26069
C274;100nF;C_0201_0603Metric;;33.945.000;36.505.000;;;0.000000;YES;26069
C274;100nF;C_0201_0603Metric;;103.025.000;36.505.000;;;0.000000;YES;26069
C274;100nF;C_0201_0603Metric;;33.945.000;120.505.000;;;0.000000;YES;26069
C274;100nF;C_0201_0603Metric;;68.485.000;120.505.000;;;0.000000;YES;26069
C274;100nF;C_0201_0603Metric;;68.485.000;162.505.000;;;0.000000;YES;26069
C274;100nF;C_0201_0603Metric;;33.945.000;162.505.000;;;0.000000;YES;26069
C274;100nF;C_0201_0603Metric;;103.025.000;162.505.000;;;0.000000;YES;26069
C274;100nF;C_0201_0603Metric;;33.945.000;78.505.000;;;0.000000;YES;26069
C274;100nF;C_0201_0603Metric;;137.565.000;78.505.000;;;0.000000;YES;26069
C274;100nF;C_0201_0603Metric;;137.565.000;36.505.000;;;0.000000;YES;26069
C274;100nF;C_0201_0603Metric;;68.485.000;78.505.000;;;0.000000;YES;26069
C274;100nF;C_0201_0603Metric;;137.565.000;120.505.000;;;0.000000;YES;26069
C274;100nF;C_0201_0603Metric;;137.565.000;162.505.000;;;0.000000;YES;26069
C274;100nF;C_0201_0603Metric;;68.485.000;36.505.000;;;0.000000;YES;26069
C274;100nF;C_0201_0603Metric;;103.025.000;120.505.000;;;0.000000;YES;26069
C275;1pF;C_0201_0603Metric;;69.935.000;162.505.000;;;0.000000;YES;25983
C275;1pF;C_0201_0603Metric;;104.475.000;36.505.000;;;0.000000;YES;25983
C275;1pF;C_0201_0603Metric;;139.015.000;162.505.000;;;0.000000;YES;25983
C275;1pF;C_0201_0603Metric;;104.475.000;162.505.000;;;0.000000;YES;25983
C275;1pF;C_0201_0603Metric;;35.395.000;120.505.000;;;0.000000;YES;25983
C275;1pF;C_0201_0603Metric;;69.935.000;78.505.000;;;0.000000;YES;25983
C275;1pF;C_0201_0603Metric;;35.395.000;78.505.000;;;0.000000;YES;25983
C275;1pF;C_0201_0603Metric;;69.935.000;120.505.000;;;0.000000;YES;25983
C275;1pF;C_0201_0603Metric;;139.015.000;120.505.000;;;0.000000;YES;25983
C275;1pF;C_0201_0603Metric;;104.475.000;78.505.000;;;0.000000;YES;25983
C275;1pF;C_0201_0603Metric;;35.395.000;36.505.000;;;0.000000;YES;25983
C275;1pF;C_0201_0603Metric;;35.395.000;162.505.000;;;0.000000;YES;25983
C275;1pF;C_0201_0603Metric;;139.015.000;78.505.000;;;0.000000;YES;25983
C275;1pF;C_0201_0603Metric;;104.475.000;120.505.000;;;0.000000;YES;25983
C275;1pF;C_0201_0603Metric;;139.015.000;36.505.000;;;0.000000;YES;25983
C275;1pF;C_0201_0603Metric;;69.935.000;36.505.000;;;0.000000;YES;25983
C276;1nF;C_0201_0603Metric;;137.565.000;122.955.000;;;0.000000;YES;26088
C276;1nF;C_0201_0603Metric;;33.945.000;38.955.000;;;0.000000;YES;26088
C276;1nF;C_0201_0603Metric;;68.485.000;164.955.000;;;0.000000;YES;26088
C276;1nF;C_0201_0603Metric;;103.025.000;164.955.000;;;0.000000;YES;26088
C276;1nF;C_0201_0603Metric;;33.945.000;164.955.000;;;0.000000;YES;26088
C276;1nF;C_0201_0603Metric;;68.485.000;38.955.000;;;0.000000;YES;26088
C276;1nF;C_0201_0603Metric;;33.945.000;122.955.000;;;0.000000;YES;26088
C276;1nF;C_0201_0603Metric;;68.485.000;122.955.000;;;0.000000;YES;26088
C276;1nF;C_0201_0603Metric;;103.025.000;122.955.000;;;0.000000;YES;26088
C276;1nF;C_0201_0603Metric;;33.945.000;80.955.000;;;0.000000;YES;26088
C276;1nF;C_0201_0603Metric;;137.565.000;164.955.000;;;0.000000;YES;26088
C276;1nF;C_0201_0603Metric;;103.025.000;80.955.000;;;0.000000;YES;26088
C276;1nF;C_0201_0603Metric;;137.565.000;38.955.000;;;0.000000;YES;26088
C276;1nF;C_0201_0603Metric;;137.565.000;80.955.000;;;0.000000;YES;26088
C276;1nF;C_0201_0603Metric;;68.485.000;80.955.000;;;0.000000;YES;26088
C276;1nF;C_0201_0603Metric;;103.025.000;38.955.000;;;0.000000;YES;26088
C277;1pF;C_0201_0603Metric;;69.935.000;38.955.000;;;0.000000;YES;25983
C277;1pF;C_0201_0603Metric;;69.935.000;122.955.000;;;0.000000;YES;25983
C277;1pF;C_0201_0603Metric;;139.015.000;80.955.000;;;0.000000;YES;25983
C277;1pF;C_0201_0603Metric;;35.395.000;80.955.000;;;0.000000;YES;25983
C277;1pF;C_0201_0603Metric;;104.475.000;80.955.000;;;0.000000;YES;25983
C277;1pF;C_0201_0603Metric;;139.015.000;122.955.000;;;0.000000;YES;25983
C277;1pF;C_0201_0603Metric;;139.015.000;38.955.000;;;0.000000;YES;25983
C277;1pF;C_0201_0603Metric;;35.395.000;122.955.000;;;0.000000;YES;25983
C277;1pF;C_0201_0603Metric;;69.935.000;80.955.000;;;0.000000;YES;25983
C277;1pF;C_0201_0603Metric;;35.395.000;38.955.000;;;0.000000;YES;25983
C277;1pF;C_0201_0603Metric;;139.015.000;164.955.000;;;0.000000;YES;25983
C277;1pF;C_0201_0603Metric;;35.395.000;164.955.000;;;0.000000;YES;25983
C277;1pF;C_0201_0603Metric;;69.935.000;164.955.000;;;0.000000;YES;25983
C277;1pF;C_0201_0603Metric;;104.475.000;38.955.000;;;0.000000;YES;25983
C277;1pF;C_0201_0603Metric;;104.475.000;122.955.000;;;0.000000;YES;25983
C277;1pF;C_0201_0603Metric;;104.475.000;164.955.000;;;0.000000;YES;25983
C278;1nF;C_0201_0603Metric;;98.075.000;161.965.000;;;0.000000;YES;26088
C278;1nF;C_0201_0603Metric;;63.535.000;119.965.000;;;0.000000;YES;26088
C278;1nF;C_0201_0603Metric;;132.615.000;161.965.000;;;0.000000;YES;26088
C278;1nF;C_0201_0603Metric;;28.995.000;119.965.000;;;0.000000;YES;26088
C278;1nF;C_0201_0603Metric;;132.615.000;119.965.000;;;0.000000;YES;26088
C278;1nF;C_0201_0603Metric;;132.615.000;35.965.000;;;0.000000;YES;26088
C278;1nF;C_0201_0603Metric;;28.995.000;77.965.000;;;0.000000;YES;26088
C278;1nF;C_0201_0603Metric;;28.995.000;161.965.000;;;0.000000;YES;26088
C278;1nF;C_0201_0603Metric;;63.535.000;35.965.000;;;0.000000;YES;26088
C278;1nF;C_0201_0603Metric;;132.615.000;77.965.000;;;0.000000;YES;26088
C278;1nF;C_0201_0603Metric;;28.995.000;35.965.000;;;0.000000;YES;26088
C278;1nF;C_0201_0603Metric;;98.075.000;119.965.000;;;0.000000;YES;26088
C278;1nF;C_0201_0603Metric;;63.535.000;161.965.000;;;0.000000;YES;26088
C278;1nF;C_0201_0603Metric;;98.075.000;35.965.000;;;0.000000;YES;26088
C278;1nF;C_0201_0603Metric;;98.075.000;77.965.000;;;0.000000;YES;26088
C278;1nF;C_0201_0603Metric;;63.535.000;77.965.000;;;0.000000;YES;26088
C279;100nF;C_0201_0603Metric;;96.625.000;162.505.000;;;0.000000;YES;26069
C279;100nF;C_0201_0603Metric;;27.545.000;78.505.000;;;0.000000;YES;26069
C279;100nF;C_0201_0603Metric;;96.625.000;78.505.000;;;0.000000;YES;26069
C279;100nF;C_0201_0603Metric;;131.165.000;162.505.000;;;0.000000;YES;26069
C279;100nF;C_0201_0603Metric;;131.165.000;36.505.000;;;0.000000;YES;26069
C279;100nF;C_0201_0603Metric;;62.085.000;120.505.000;;;0.000000;YES;26069
C279;100nF;C_0201_0603Metric;;62.085.000;162.505.000;;;0.000000;YES;26069
C279;100nF;C_0201_0603Metric;;96.625.000;36.505.000;;;0.000000;YES;26069
C279;100nF;C_0201_0603Metric;;96.625.000;120.505.000;;;0.000000;YES;26069
C279;100nF;C_0201_0603Metric;;62.085.000;78.505.000;;;0.000000;YES;26069
C279;100nF;C_0201_0603Metric;;62.085.000;36.505.000;;;0.000000;YES;26069
C279;100nF;C_0201_0603Metric;;27.545.000;120.505.000;;;0.000000;YES;26069
C279;100nF;C_0201_0603Metric;;131.165.000;78.505.000;;;0.000000;YES;26069
C279;100nF;C_0201_0603Metric;;27.545.000;162.505.000;;;0.000000;YES;26069
C279;100nF;C_0201_0603Metric;;131.165.000;120.505.000;;;0.000000;YES;26069
C279;100nF;C_0201_0603Metric;;27.545.000;36.505.000;;;0.000000;YES;26069
C280;1pF;C_0201_0603Metric;;28.995.000;162.505.000;;;0.000000;YES;25983
C280;1pF;C_0201_0603Metric;;98.075.000;36.505.000;;;0.000000;YES;25983
C280;1pF;C_0201_0603Metric;;98.075.000;78.505.000;;;0.000000;YES;25983
C280;1pF;C_0201_0603Metric;;63.535.000;78.505.000;;;0.000000;YES;25983
C280;1pF;C_0201_0603Metric;;28.995.000;78.505.000;;;0.000000;YES;25983
C280;1pF;C_0201_0603Metric;;132.615.000;78.505.000;;;0.000000;YES;25983
C280;1pF;C_0201_0603Metric;;98.075.000;120.505.000;;;0.000000;YES;25983
C280;1pF;C_0201_0603Metric;;63.535.000;162.505.000;;;0.000000;YES;25983
C280;1pF;C_0201_0603Metric;;63.535.000;36.505.000;;;0.000000;YES;25983
C280;1pF;C_0201_0603Metric;;28.995.000;120.505.000;;;0.000000;YES;25983
C280;1pF;C_0201_0603Metric;;132.615.000;120.505.000;;;0.000000;YES;25983
C280;1pF;C_0201_0603Metric;;63.535.000;120.505.000;;;0.000000;YES;25983
C280;1pF;C_0201_0603Metric;;132.615.000;162.505.000;;;0.000000;YES;25983
C280;1pF;C_0201_0603Metric;;132.615.000;36.505.000;;;0.000000;YES;25983
C280;1pF;C_0201_0603Metric;;28.995.000;36.505.000;;;0.000000;YES;25983
C280;1pF;C_0201_0603Metric;;98.075.000;162.505.000;;;0.000000;YES;25983
C281;1nF;C_0201_0603Metric;;131.165.000;38.955.000;;;0.000000;YES;26088
C281;1nF;C_0201_0603Metric;;62.085.000;122.955.000;;;0.000000;YES;26088
C281;1nF;C_0201_0603Metric;;96.625.000;164.955.000;;;0.000000;YES;26088
C281;1nF;C_0201_0603Metric;;27.545.000;164.955.000;;;0.000000;YES;26088
C281;1nF;C_0201_0603Metric;;27.545.000;80.955.000;;;0.000000;YES;26088
C281;1nF;C_0201_0603Metric;;96.625.000;80.955.000;;;0.000000;YES;26088
C281;1nF;C_0201_0603Metric;;27.545.000;38.955.000;;;0.000000;YES;26088
C281;1nF;C_0201_0603Metric;;62.085.000;38.955.000;;;0.000000;YES;26088
C281;1nF;C_0201_0603Metric;;96.625.000;122.955.000;;;0.000000;YES;26088
C281;1nF;C_0201_0603Metric;;131.165.000;164.955.000;;;0.000000;YES;26088
C281;1nF;C_0201_0603Metric;;62.085.000;80.955.000;;;0.000000;YES;26088
C281;1nF;C_0201_0603Metric;;62.085.000;164.955.000;;;0.000000;YES;26088
C281;1nF;C_0201_0603Metric;;131.165.000;80.955.000;;;0.000000;YES;26088
C281;1nF;C_0201_0603Metric;;96.625.000;38.955.000;;;0.000000;YES;26088
C281;1nF;C_0201_0603Metric;;131.165.000;122.955.000;;;0.000000;YES;26088
C281;1nF;C_0201_0603Metric;;27.545.000;122.955.000;;;0.000000;YES;26088
C282;1pF;C_0201_0603Metric;;132.615.000;122.955.000;;;0.000000;YES;25983
C282;1pF;C_0201_0603Metric;;63.535.000;122.955.000;;;0.000000;YES;25983
C282;1pF;C_0201_0603Metric;;98.075.000;122.955.000;;;0.000000;YES;25983
C282;1pF;C_0201_0603Metric;;28.995.000;38.955.000;;;0.000000;YES;25983
C282;1pF;C_0201_0603Metric;;63.535.000;164.955.000;;;0.000000;YES;25983
C282;1pF;C_0201_0603Metric;;98.075.000;38.955.000;;;0.000000;YES;25983
C282;1pF;C_0201_0603Metric;;63.535.000;80.955.000;;;0.000000;YES;25983
C282;1pF;C_0201_0603Metric;;28.995.000;80.955.000;;;0.000000;YES;25983
C282;1pF;C_0201_0603Metric;;63.535.000;38.955.000;;;0.000000;YES;25983
C282;1pF;C_0201_0603Metric;;98.075.000;164.955.000;;;0.000000;YES;25983
C282;1pF;C_0201_0603Metric;;28.995.000;122.955.000;;;0.000000;YES;25983
C282;1pF;C_0201_0603Metric;;28.995.000;164.955.000;;;0.000000;YES;25983
C282;1pF;C_0201_0603Metric;;98.075.000;80.955.000;;;0.000000;YES;25983
C282;1pF;C_0201_0603Metric;;132.615.000;80.955.000;;;0.000000;YES;25983
C282;1pF;C_0201_0603Metric;;132.615.000;164.955.000;;;0.000000;YES;25983
C282;1pF;C_0201_0603Metric;;132.615.000;38.955.000;;;0.000000;YES;25983
C283;1nF;C_0201_0603Metric;;142.215.000;31.735.000;;;0.000000;YES;26088
C283;1nF;C_0201_0603Metric;;107.675.000;73.735.000;;;0.000000;YES;26088
C283;1nF;C_0201_0603Metric;;107.675.000;157.735.000;;;0.000000;YES;26088
C283;1nF;C_0201_0603Metric;;142.215.000;73.735.000;;;0.000000;YES;26088
C283;1nF;C_0201_0603Metric;;73.135.000;157.735.000;;;0.000000;YES;26088
C283;1nF;C_0201_0603Metric;;73.135.000;31.735.000;;;0.000000;YES;26088
C283;1nF;C_0201_0603Metric;;73.135.000;73.735.000;;;0.000000;YES;26088
C283;1nF;C_0201_0603Metric;;38.595.000;115.735.000;;;0.000000;YES;26088
C283;1nF;C_0201_0603Metric;;73.135.000;115.735.000;;;0.000000;YES;26088
C283;1nF;C_0201_0603Metric;;107.675.000;31.735.000;;;0.000000;YES;26088
C283;1nF;C_0201_0603Metric;;142.215.000;115.735.000;;;0.000000;YES;26088
C283;1nF;C_0201_0603Metric;;38.595.000;157.735.000;;;0.000000;YES;26088
C283;1nF;C_0201_0603Metric;;107.675.000;115.735.000;;;0.000000;YES;26088
C283;1nF;C_0201_0603Metric;;38.595.000;73.735.000;;;0.000000;YES;26088
C283;1nF;C_0201_0603Metric;;38.595.000;31.735.000;;;0.000000;YES;26088
C283;1nF;C_0201_0603Metric;;142.215.000;157.735.000;;;0.000000;YES;26088
C284;100nF;C_0201_0603Metric;;106.225.000;158.275.000;;;0.000000;YES;26069
C284;100nF;C_0201_0603Metric;;140.765.000;32.275.000;;;0.000000;YES;26069
C284;100nF;C_0201_0603Metric;;106.225.000;32.275.000;;;0.000000;YES;26069
C284;100nF;C_0201_0603Metric;;140.765.000;158.275.000;;;0.000000;YES;26069
C284;100nF;C_0201_0603Metric;;37.145.000;32.275.000;;;0.000000;YES;26069
C284;100nF;C_0201_0603Metric;;37.145.000;74.275.000;;;0.000000;YES;26069
C284;100nF;C_0201_0603Metric;;71.685.000;116.275.000;;;0.000000;YES;26069
C284;100nF;C_0201_0603Metric;;71.685.000;158.275.000;;;0.000000;YES;26069
C284;100nF;C_0201_0603Metric;;140.765.000;116.275.000;;;0.000000;YES;26069
C284;100nF;C_0201_0603Metric;;71.685.000;32.275.000;;;0.000000;YES;26069
C284;100nF;C_0201_0603Metric;;106.225.000;74.275.000;;;0.000000;YES;26069
C284;100nF;C_0201_0603Metric;;37.145.000;158.275.000;;;0.000000;YES;26069
C284;100nF;C_0201_0603Metric;;140.765.000;74.275.000;;;0.000000;YES;26069
C284;100nF;C_0201_0603Metric;;71.685.000;74.275.000;;;0.000000;YES;26069
C284;100nF;C_0201_0603Metric;;37.145.000;116.275.000;;;0.000000;YES;26069
C284;100nF;C_0201_0603Metric;;106.225.000;116.275.000;;;0.000000;YES;26069
C285;1pF;C_0201_0603Metric;;38.595.000;116.275.000;;;0.000000;YES;25983
C285;1pF;C_0201_0603Metric;;107.675.000;116.275.000;;;0.000000;YES;25983
C285;1pF;C_0201_0603Metric;;142.215.000;116.275.000;;;0.000000;YES;25983
C285;1pF;C_0201_0603Metric;;142.215.000;32.275.000;;;0.000000;YES;25983
C285;1pF;C_0201_0603Metric;;73.135.000;158.275.000;;;0.000000;YES;25983
C285;1pF;C_0201_0603Metric;;73.135.000;116.275.000;;;0.000000;YES;25983
C285;1pF;C_0201_0603Metric;;38.595.000;74.275.000;;;0.000000;YES;25983
C285;1pF;C_0201_0603Metric;;107.675.000;32.275.000;;;0.000000;YES;25983
C285;1pF;C_0201_0603Metric;;107.675.000;158.275.000;;;0.000000;YES;25983
C285;1pF;C_0201_0603Metric;;142.215.000;158.275.000;;;0.000000;YES;25983
C285;1pF;C_0201_0603Metric;;107.675.000;74.275.000;;;0.000000;YES;25983
C285;1pF;C_0201_0603Metric;;73.135.000;74.275.000;;;0.000000;YES;25983
C285;1pF;C_0201_0603Metric;;142.215.000;74.275.000;;;0.000000;YES;25983
C285;1pF;C_0201_0603Metric;;38.595.000;32.275.000;;;0.000000;YES;25983
C285;1pF;C_0201_0603Metric;;38.595.000;158.275.000;;;0.000000;YES;25983
C285;1pF;C_0201_0603Metric;;73.135.000;32.275.000;;;0.000000;YES;25983
C286;1nF;C_0201_0603Metric;;106.225.000;76.725.000;;;0.000000;YES;26088
C286;1nF;C_0201_0603Metric;;140.765.000;34.725.000;;;0.000000;YES;26088
C286;1nF;C_0201_0603Metric;;140.765.000;76.725.000;;;0.000000;YES;26088
C286;1nF;C_0201_0603Metric;;37.145.000;76.725.000;;;0.000000;YES;26088
C286;1nF;C_0201_0603Metric;;71.685.000;76.725.000;;;0.000000;YES;26088
C286;1nF;C_0201_0603Metric;;106.225.000;118.725.000;;;0.000000;YES;26088
C286;1nF;C_0201_0603Metric;;71.685.000;118.725.000;;;0.000000;YES;26088
C286;1nF;C_0201_0603Metric;;140.765.000;160.725.000;;;0.000000;YES;26088
C286;1nF;C_0201_0603Metric;;37.145.000;160.725.000;;;0.000000;YES;26088
C286;1nF;C_0201_0603Metric;;106.225.000;34.725.000;;;0.000000;YES;26088
C286;1nF;C_0201_0603Metric;;71.685.000;160.725.000;;;0.000000;YES;26088
C286;1nF;C_0201_0603Metric;;37.145.000;34.725.000;;;0.000000;YES;26088
C286;1nF;C_0201_0603Metric;;37.145.000;118.725.000;;;0.000000;YES;26088
C286;1nF;C_0201_0603Metric;;71.685.000;34.725.000;;;0.000000;YES;26088
C286;1nF;C_0201_0603Metric;;106.225.000;160.725.000;;;0.000000;YES;26088
C286;1nF;C_0201_0603Metric;;140.765.000;118.725.000;;;0.000000;YES;26088
C287;1pF;C_0201_0603Metric;;142.215.000;34.725.000;;;0.000000;YES;25983
C287;1pF;C_0201_0603Metric;;73.135.000;76.725.000;;;0.000000;YES;25983
C287;1pF;C_0201_0603Metric;;107.675.000;160.725.000;;;0.000000;YES;25983
C287;1pF;C_0201_0603Metric;;73.135.000;34.725.000;;;0.000000;YES;25983
C287;1pF;C_0201_0603Metric;;142.215.000;76.725.000;;;0.000000;YES;25983
C287;1pF;C_0201_0603Metric;;38.595.000;34.725.000;;;0.000000;YES;25983
C287;1pF;C_0201_0603Metric;;142.215.000;160.725.000;;;0.000000;YES;25983
C287;1pF;C_0201_0603Metric;;73.135.000;160.725.000;;;0.000000;YES;25983
C287;1pF;C_0201_0603Metric;;38.595.000;160.725.000;;;0.000000;YES;25983
C287;1pF;C_0201_0603Metric;;142.215.000;118.725.000;;;0.000000;YES;25983
C287;1pF;C_0201_0603Metric;;38.595.000;118.725.000;;;0.000000;YES;25983
C287;1pF;C_0201_0603Metric;;107.675.000;34.725.000;;;0.000000;YES;25983
C287;1pF;C_0201_0603Metric;;107.675.000;76.725.000;;;0.000000;YES;25983
C287;1pF;C_0201_0603Metric;;38.595.000;76.725.000;;;0.000000;YES;25983
C287;1pF;C_0201_0603Metric;;107.675.000;118.725.000;;;0.000000;YES;25983
C287;1pF;C_0201_0603Metric;;73.135.000;118.725.000;;;0.000000;YES;25983
C288;1nF;C_0201_0603Metric;;71.685.000;103.035.000;;;180.000.000;YES;26088
C288;1nF;C_0201_0603Metric;;140.765.000;103.035.000;;;180.000.000;YES;26088
C288;1nF;C_0201_0603Metric;;140.765.000;19.035.000;;;180.000.000;YES;26088
C288;1nF;C_0201_0603Metric;;140.765.000;61.035.000;;;180.000.000;YES;26088
C288;1nF;C_0201_0603Metric;;37.145.000;103.035.000;;;180.000.000;YES;26088
C288;1nF;C_0201_0603Metric;;37.145.000;145.035.000;;;180.000.000;YES;26088
C288;1nF;C_0201_0603Metric;;37.145.000;19.035.000;;;180.000.000;YES;26088
C288;1nF;C_0201_0603Metric;;140.765.000;145.035.000;;;180.000.000;YES;26088
C288;1nF;C_0201_0603Metric;;106.225.000;19.035.000;;;180.000.000;YES;26088
C288;1nF;C_0201_0603Metric;;37.145.000;61.035.000;;;180.000.000;YES;26088
C288;1nF;C_0201_0603Metric;;71.685.000;61.035.000;;;180.000.000;YES;26088
C288;1nF;C_0201_0603Metric;;106.225.000;145.035.000;;;180.000.000;YES;26088
C288;1nF;C_0201_0603Metric;;71.685.000;19.035.000;;;180.000.000;YES;26088
C288;1nF;C_0201_0603Metric;;71.685.000;145.035.000;;;180.000.000;YES;26088
C288;1nF;C_0201_0603Metric;;106.225.000;61.035.000;;;180.000.000;YES;26088
C288;1nF;C_0201_0603Metric;;106.225.000;103.035.000;;;180.000.000;YES;26088
C289;100nF;C_0201_0603Metric;;107.675.000;102.495.000;;;180.000.000;YES;26069
C289;100nF;C_0201_0603Metric;;107.675.000;60.495.000;;;180.000.000;YES;26069
C289;100nF;C_0201_0603Metric;;73.135.000;60.495.000;;;180.000.000;YES;26069
C289;100nF;C_0201_0603Metric;;142.215.000;60.495.000;;;180.000.000;YES;26069
C289;100nF;C_0201_0603Metric;;73.135.000;18.495.000;;;180.000.000;YES;26069
C289;100nF;C_0201_0603Metric;;107.675.000;18.495.000;;;180.000.000;YES;26069
C289;100nF;C_0201_0603Metric;;38.595.000;60.495.000;;;180.000.000;YES;26069
C289;100nF;C_0201_0603Metric;;73.135.000;144.495.000;;;180.000.000;YES;26069
C289;100nF;C_0201_0603Metric;;38.595.000;144.495.000;;;180.000.000;YES;26069
C289;100nF;C_0201_0603Metric;;142.215.000;18.495.000;;;180.000.000;YES;26069
C289;100nF;C_0201_0603Metric;;142.215.000;102.495.000;;;180.000.000;YES;26069
C289;100nF;C_0201_0603Metric;;142.215.000;144.495.000;;;180.000.000;YES;26069
C289;100nF;C_0201_0603Metric;;38.595.000;18.495.000;;;180.000.000;YES;26069
C289;100nF;C_0201_0603Metric;;38.595.000;102.495.000;;;180.000.000;YES;26069
C289;100nF;C_0201_0603Metric;;107.675.000;144.495.000;;;180.000.000;YES;26069
C289;100nF;C_0201_0603Metric;;73.135.000;102.495.000;;;180.000.000;YES;26069
C290;1pF;C_0201_0603Metric;;71.685.000;144.495.000;;;180.000.000;YES;25983
C290;1pF;C_0201_0603Metric;;106.225.000;60.495.000;;;180.000.000;YES;25983
C290;1pF;C_0201_0603Metric;;71.685.000;102.495.000;;;180.000.000;YES;25983
C290;1pF;C_0201_0603Metric;;37.145.000;102.495.000;;;180.000.000;YES;25983
C290;1pF;C_0201_0603Metric;;37.145.000;144.495.000;;;180.000.000;YES;25983
C290;1pF;C_0201_0603Metric;;71.685.000;60.495.000;;;180.000.000;YES;25983
C290;1pF;C_0201_0603Metric;;140.765.000;144.495.000;;;180.000.000;YES;25983
C290;1pF;C_0201_0603Metric;;71.685.000;18.495.000;;;180.000.000;YES;25983
C290;1pF;C_0201_0603Metric;;106.225.000;144.495.000;;;180.000.000;YES;25983
C290;1pF;C_0201_0603Metric;;140.765.000;60.495.000;;;180.000.000;YES;25983
C290;1pF;C_0201_0603Metric;;106.225.000;102.495.000;;;180.000.000;YES;25983
C290;1pF;C_0201_0603Metric;;37.145.000;18.495.000;;;180.000.000;YES;25983
C290;1pF;C_0201_0603Metric;;106.225.000;18.495.000;;;180.000.000;YES;25983
C290;1pF;C_0201_0603Metric;;37.145.000;60.495.000;;;180.000.000;YES;25983
C290;1pF;C_0201_0603Metric;;140.765.000;18.495.000;;;180.000.000;YES;25983
C290;1pF;C_0201_0603Metric;;140.765.000;102.495.000;;;180.000.000;YES;25983
C291;1nF;C_0201_0603Metric;;107.675.000;142.045.000;;;180.000.000;YES;26088
C291;1nF;C_0201_0603Metric;;142.215.000;16.045.000;;;180.000.000;YES;26088
C291;1nF;C_0201_0603Metric;;107.675.000;16.045.000;;;180.000.000;YES;26088
C291;1nF;C_0201_0603Metric;;38.595.000;142.045.000;;;180.000.000;YES;26088
C291;1nF;C_0201_0603Metric;;38.595.000;16.045.000;;;180.000.000;YES;26088
C291;1nF;C_0201_0603Metric;;107.675.000;100.045.000;;;180.000.000;YES;26088
C291;1nF;C_0201_0603Metric;;73.135.000;16.045.000;;;180.000.000;YES;26088
C291;1nF;C_0201_0603Metric;;73.135.000;100.045.000;;;180.000.000;YES;26088
C291;1nF;C_0201_0603Metric;;107.675.000;58.045.000;;;180.000.000;YES;26088
C291;1nF;C_0201_0603Metric;;38.595.000;58.045.000;;;180.000.000;YES;26088
C291;1nF;C_0201_0603Metric;;142.215.000;142.045.000;;;180.000.000;YES;26088
C291;1nF;C_0201_0603Metric;;142.215.000;58.045.000;;;180.000.000;YES;26088
C291;1nF;C_0201_0603Metric;;38.595.000;100.045.000;;;180.000.000;YES;26088
C291;1nF;C_0201_0603Metric;;73.135.000;142.045.000;;;180.000.000;YES;26088
C291;1nF;C_0201_0603Metric;;73.135.000;58.045.000;;;180.000.000;YES;26088
C291;1nF;C_0201_0603Metric;;142.215.000;100.045.000;;;180.000.000;YES;26088
C292;1pF;C_0201_0603Metric;;37.145.000;142.045.000;;;180.000.000;YES;25983
C292;1pF;C_0201_0603Metric;;37.145.000;16.045.000;;;180.000.000;YES;25983
C292;1pF;C_0201_0603Metric;;71.685.000;100.045.000;;;180.000.000;YES;25983
C292;1pF;C_0201_0603Metric;;71.685.000;142.045.000;;;180.000.000;YES;25983
C292;1pF;C_0201_0603Metric;;140.765.000;100.045.000;;;180.000.000;YES;25983
C292;1pF;C_0201_0603Metric;;71.685.000;58.045.000;;;180.000.000;YES;25983
C292;1pF;C_0201_0603Metric;;37.145.000;100.045.000;;;180.000.000;YES;25983
C292;1pF;C_0201_0603Metric;;106.225.000;142.045.000;;;180.000.000;YES;25983
C292;1pF;C_0201_0603Metric;;106.225.000;16.045.000;;;180.000.000;YES;25983
C292;1pF;C_0201_0603Metric;;106.225.000;100.045.000;;;180.000.000;YES;25983
C292;1pF;C_0201_0603Metric;;140.765.000;58.045.000;;;180.000.000;YES;25983
C292;1pF;C_0201_0603Metric;;71.685.000;16.045.000;;;180.000.000;YES;25983
C292;1pF;C_0201_0603Metric;;140.765.000;142.045.000;;;180.000.000;YES;25983
C292;1pF;C_0201_0603Metric;;140.765.000;16.045.000;;;180.000.000;YES;25983
C292;1pF;C_0201_0603Metric;;106.225.000;58.045.000;;;180.000.000;YES;25983
C292;1pF;C_0201_0603Metric;;37.145.000;58.045.000;;;180.000.000;YES;25983
C293;1nF;C_0201_0603Metric;;88.475.000;77.965.000;;;0.000000;YES;26088
C293;1nF;C_0201_0603Metric;;123.015.000;119.965.000;;;0.000000;YES;26088
C293;1nF;C_0201_0603Metric;;123.015.000;161.965.000;;;0.000000;YES;26088
C293;1nF;C_0201_0603Metric;;123.015.000;35.965.000;;;0.000000;YES;26088
C293;1nF;C_0201_0603Metric;;53.935.000;35.965.000;;;0.000000;YES;26088
C293;1nF;C_0201_0603Metric;;88.475.000;119.965.000;;;0.000000;YES;26088
C293;1nF;C_0201_0603Metric;;19.395.000;77.965.000;;;0.000000;YES;26088
C293;1nF;C_0201_0603Metric;;19.395.000;119.965.000;;;0.000000;YES;26088
C293;1nF;C_0201_0603Metric;;53.935.000;119.965.000;;;0.000000;YES;26088
C293;1nF;C_0201_0603Metric;;19.395.000;35.965.000;;;0.000000;YES;26088
C293;1nF;C_0201_0603Metric;;123.015.000;77.965.000;;;0.000000;YES;26088
C293;1nF;C_0201_0603Metric;;53.935.000;161.965.000;;;0.000000;YES;26088
C293;1nF;C_0201_0603Metric;;88.475.000;161.965.000;;;0.000000;YES;26088
C293;1nF;C_0201_0603Metric;;19.395.000;161.965.000;;;0.000000;YES;26088
C293;1nF;C_0201_0603Metric;;53.935.000;77.965.000;;;0.000000;YES;26088
C293;1nF;C_0201_0603Metric;;88.475.000;35.965.000;;;0.000000;YES;26088
C294;100nF;C_0201_0603Metric;;52.485.000;36.505.000;;;0.000000;YES;26069
C294;100nF;C_0201_0603Metric;;17.945.000;78.505.000;;;0.000000;YES;26069
C294;100nF;C_0201_0603Metric;;52.485.000;120.505.000;;;0.000000;YES;26069
C294;100nF;C_0201_0603Metric;;87.025.000;162.505.000;;;0.000000;YES;26069
C294;100nF;C_0201_0603Metric;;121.565.000;120.505.000;;;0.000000;YES;26069
C294;100nF;C_0201_0603Metric;;121.565.000;36.505.000;;;0.000000;YES;26069
C294;100nF;C_0201_0603Metric;;87.025.000;36.505.000;;;0.000000;YES;26069
C294;100nF;C_0201_0603Metric;;87.025.000;78.505.000;;;0.000000;YES;26069
C294;100nF;C_0201_0603Metric;;17.945.000;162.505.000;;;0.000000;YES;26069
C294;100nF;C_0201_0603Metric;;17.945.000;36.505.000;;;0.000000;YES;26069
C294;100nF;C_0201_0603Metric;;52.485.000;78.505.000;;;0.000000;YES;26069
C294;100nF;C_0201_0603Metric;;121.565.000;162.505.000;;;0.000000;YES;26069
C294;100nF;C_0201_0603Metric;;121.565.000;78.505.000;;;0.000000;YES;26069
C294;100nF;C_0201_0603Metric;;17.945.000;120.505.000;;;0.000000;YES;26069
C294;100nF;C_0201_0603Metric;;52.485.000;162.505.000;;;0.000000;YES;26069
C294;100nF;C_0201_0603Metric;;87.025.000;120.505.000;;;0.000000;YES;26069
C295;1pF;C_0201_0603Metric;;123.015.000;120.505.000;;;0.000000;YES;25983
C295;1pF;C_0201_0603Metric;;53.935.000;36.505.000;;;0.000000;YES;25983
C295;1pF;C_0201_0603Metric;;19.395.000;162.505.000;;;0.000000;YES;25983
C295;1pF;C_0201_0603Metric;;88.475.000;120.505.000;;;0.000000;YES;25983
C295;1pF;C_0201_0603Metric;;53.935.000;120.505.000;;;0.000000;YES;25983
C295;1pF;C_0201_0603Metric;;19.395.000;36.505.000;;;0.000000;YES;25983
C295;1pF;C_0201_0603Metric;;53.935.000;78.505.000;;;0.000000;YES;25983
C295;1pF;C_0201_0603Metric;;88.475.000;162.505.000;;;0.000000;YES;25983
C295;1pF;C_0201_0603Metric;;123.015.000;162.505.000;;;0.000000;YES;25983
C295;1pF;C_0201_0603Metric;;88.475.000;36.505.000;;;0.000000;YES;25983
C295;1pF;C_0201_0603Metric;;19.395.000;120.505.000;;;0.000000;YES;25983
C295;1pF;C_0201_0603Metric;;123.015.000;36.505.000;;;0.000000;YES;25983
C295;1pF;C_0201_0603Metric;;88.475.000;78.505.000;;;0.000000;YES;25983
C295;1pF;C_0201_0603Metric;;53.935.000;162.505.000;;;0.000000;YES;25983
C295;1pF;C_0201_0603Metric;;123.015.000;78.505.000;;;0.000000;YES;25983
C295;1pF;C_0201_0603Metric;;19.395.000;78.505.000;;;0.000000;YES;25983
C296;1nF;C_0201_0603Metric;;121.565.000;122.955.000;;;0.000000;YES;26088
C296;1nF;C_0201_0603Metric;;17.945.000;164.955.000;;;0.000000;YES;26088
C296;1nF;C_0201_0603Metric;;121.565.000;38.955.000;;;0.000000;YES;26088
C296;1nF;C_0201_0603Metric;;87.025.000;122.955.000;;;0.000000;YES;26088
C296;1nF;C_0201_0603Metric;;121.565.000;164.955.000;;;0.000000;YES;26088
C296;1nF;C_0201_0603Metric;;87.025.000;80.955.000;;;0.000000;YES;26088
C296;1nF;C_0201_0603Metric;;87.025.000;164.955.000;;;0.000000;YES;26088
C296;1nF;C_0201_0603Metric;;52.485.000;122.955.000;;;0.000000;YES;26088
C296;1nF;C_0201_0603Metric;;17.945.000;122.955.000;;;0.000000;YES;26088
C296;1nF;C_0201_0603Metric;;87.025.000;38.955.000;;;0.000000;YES;26088
C296;1nF;C_0201_0603Metric;;17.945.000;80.955.000;;;0.000000;YES;26088
C296;1nF;C_0201_0603Metric;;52.485.000;164.955.000;;;0.000000;YES;26088
C296;1nF;C_0201_0603Metric;;121.565.000;80.955.000;;;0.000000;YES;26088
C296;1nF;C_0201_0603Metric;;17.945.000;38.955.000;;;0.000000;YES;26088
C296;1nF;C_0201_0603Metric;;52.485.000;38.955.000;;;0.000000;YES;26088
C296;1nF;C_0201_0603Metric;;52.485.000;80.955.000;;;0.000000;YES;26088
C297;1pF;C_0201_0603Metric;;88.475.000;38.955.000;;;0.000000;YES;25983
C297;1pF;C_0201_0603Metric;;19.395.000;80.955.000;;;0.000000;YES;25983
C297;1pF;C_0201_0603Metric;;88.475.000;164.955.000;;;0.000000;YES;25983
C297;1pF;C_0201_0603Metric;;88.475.000;122.955.000;;;0.000000;YES;25983
C297;1pF;C_0201_0603Metric;;53.935.000;164.955.000;;;0.000000;YES;25983
C297;1pF;C_0201_0603Metric;;53.935.000;38.955.000;;;0.000000;YES;25983
C297;1pF;C_0201_0603Metric;;123.015.000;38.955.000;;;0.000000;YES;25983
C297;1pF;C_0201_0603Metric;;123.015.000;80.955.000;;;0.000000;YES;25983
C297;1pF;C_0201_0603Metric;;19.395.000;122.955.000;;;0.000000;YES;25983
C297;1pF;C_0201_0603Metric;;53.935.000;122.955.000;;;0.000000;YES;25983
C297;1pF;C_0201_0603Metric;;53.935.000;80.955.000;;;0.000000;YES;25983
C297;1pF;C_0201_0603Metric;;19.395.000;38.955.000;;;0.000000;YES;25983
C297;1pF;C_0201_0603Metric;;19.395.000;164.955.000;;;0.000000;YES;25983
C297;1pF;C_0201_0603Metric;;123.015.000;122.955.000;;;0.000000;YES;25983
C297;1pF;C_0201_0603Metric;;123.015.000;164.955.000;;;0.000000;YES;25983
C297;1pF;C_0201_0603Metric;;88.475.000;80.955.000;;;0.000000;YES;25983
C298;1nF;C_0201_0603Metric;;49.285.000;61.035.000;;;180.000.000;YES;26088
C298;1nF;C_0201_0603Metric;;14.745.000;145.035.000;;;180.000.000;YES;26088
C298;1nF;C_0201_0603Metric;;14.745.000;103.035.000;;;180.000.000;YES;26088
C298;1nF;C_0201_0603Metric;;49.285.000;103.035.000;;;180.000.000;YES;26088
C298;1nF;C_0201_0603Metric;;49.285.000;145.035.000;;;180.000.000;YES;26088
C298;1nF;C_0201_0603Metric;;14.745.000;61.035.000;;;180.000.000;YES;26088
C298;1nF;C_0201_0603Metric;;118.365.000;103.035.000;;;180.000.000;YES;26088
C298;1nF;C_0201_0603Metric;;83.825.000;103.035.000;;;180.000.000;YES;26088
C298;1nF;C_0201_0603Metric;;14.745.000;19.035.000;;;180.000.000;YES;26088
C298;1nF;C_0201_0603Metric;;118.365.000;61.035.000;;;180.000.000;YES;26088
C298;1nF;C_0201_0603Metric;;83.825.000;19.035.000;;;180.000.000;YES;26088
C298;1nF;C_0201_0603Metric;;118.365.000;145.035.000;;;180.000.000;YES;26088
C298;1nF;C_0201_0603Metric;;118.365.000;19.035.000;;;180.000.000;YES;26088
C298;1nF;C_0201_0603Metric;;83.825.000;61.035.000;;;180.000.000;YES;26088
C298;1nF;C_0201_0603Metric;;83.825.000;145.035.000;;;180.000.000;YES;26088
C298;1nF;C_0201_0603Metric;;49.285.000;19.035.000;;;180.000.000;YES;26088
C299;100nF;C_0201_0603Metric;;85.275.000;18.495.000;;;180.000.000;YES;26069
C299;100nF;C_0201_0603Metric;;119.815.000;60.495.000;;;180.000.000;YES;26069
C299;100nF;C_0201_0603Metric;;50.735.000;18.495.000;;;180.000.000;YES;26069
C299;100nF;C_0201_0603Metric;;85.275.000;102.495.000;;;180.000.000;YES;26069
C299;100nF;C_0201_0603Metric;;119.815.000;102.495.000;;;180.000.000;YES;26069
C299;100nF;C_0201_0603Metric;;119.815.000;144.495.000;;;180.000.000;YES;26069
C299;100nF;C_0201_0603Metric;;50.735.000;144.495.000;;;180.000.000;YES;26069
C299;100nF;C_0201_0603Metric;;119.815.000;18.495.000;;;180.000.000;YES;26069
C299;100nF;C_0201_0603Metric;;50.735.000;60.495.000;;;180.000.000;YES;26069
C299;100nF;C_0201_0603Metric;;16.195.000;102.495.000;;;180.000.000;YES;26069
C299;100nF;C_0201_0603Metric;;16.195.000;18.495.000;;;180.000.000;YES;26069
C299;100nF;C_0201_0603Metric;;16.195.000;144.495.000;;;180.000.000;YES;26069
C299;100nF;C_0201_0603Metric;;85.275.000;144.495.000;;;180.000.000;YES;26069
C299;100nF;C_0201_0603Metric;;50.735.000;102.495.000;;;180.000.000;YES;26069
C299;100nF;C_0201_0603Metric;;85.275.000;60.495.000;;;180.000.000;YES;26069
C299;100nF;C_0201_0603Metric;;16.195.000;60.495.000;;;180.000.000;YES;26069
C300;1pF;C_0201_0603Metric;;118.365.000;60.495.000;;;180.000.000;YES;25983
C300;1pF;C_0201_0603Metric;;83.825.000;102.495.000;;;180.000.000;YES;25983
C300;1pF;C_0201_0603Metric;;118.365.000;18.495.000;;;180.000.000;YES;25983
C300;1pF;C_0201_0603Metric;;118.365.000;102.495.000;;;180.000.000;YES;25983
C300;1pF;C_0201_0603Metric;;49.285.000;144.495.000;;;180.000.000;YES;25983
C300;1pF;C_0201_0603Metric;;14.745.000;102.495.000;;;180.000.000;YES;25983
C300;1pF;C_0201_0603Metric;;118.365.000;144.495.000;;;180.000.000;YES;25983
C300;1pF;C_0201_0603Metric;;14.745.000;18.495.000;;;180.000.000;YES;25983
C300;1pF;C_0201_0603Metric;;14.745.000;60.495.000;;;180.000.000;YES;25983
C300;1pF;C_0201_0603Metric;;49.285.000;18.495.000;;;180.000.000;YES;25983
C300;1pF;C_0201_0603Metric;;49.285.000;102.495.000;;;180.000.000;YES;25983
C300;1pF;C_0201_0603Metric;;83.825.000;60.495.000;;;180.000.000;YES;25983
C300;1pF;C_0201_0603Metric;;14.745.000;144.495.000;;;180.000.000;YES;25983
C300;1pF;C_0201_0603Metric;;83.825.000;144.495.000;;;180.000.000;YES;25983
C300;1pF;C_0201_0603Metric;;83.825.000;18.495.000;;;180.000.000;YES;25983
C300;1pF;C_0201_0603Metric;;49.285.000;60.495.000;;;180.000.000;YES;25983
C301;1nF;C_0201_0603Metric;;16.195.000;58.045.000;;;180.000.000;YES;26088
C301;1nF;C_0201_0603Metric;;50.735.000;100.045.000;;;180.000.000;YES;26088
C301;1nF;C_0201_0603Metric;;50.735.000;142.045.000;;;180.000.000;YES;26088
C301;1nF;C_0201_0603Metric;;16.195.000;16.045.000;;;180.000.000;YES;26088
C301;1nF;C_0201_0603Metric;;85.275.000;100.045.000;;;180.000.000;YES;26088
C301;1nF;C_0201_0603Metric;;50.735.000;58.045.000;;;180.000.000;YES;26088
C301;1nF;C_0201_0603Metric;;85.275.000;16.045.000;;;180.000.000;YES;26088
C301;1nF;C_0201_0603Metric;;16.195.000;142.045.000;;;180.000.000;YES;26088
C301;1nF;C_0201_0603Metric;;119.815.000;16.045.000;;;180.000.000;YES;26088
C301;1nF;C_0201_0603Metric;;50.735.000;16.045.000;;;180.000.000;YES;26088
C301;1nF;C_0201_0603Metric;;85.275.000;142.045.000;;;180.000.000;YES;26088
C301;1nF;C_0201_0603Metric;;119.815.000;142.045.000;;;180.000.000;YES;26088
C301;1nF;C_0201_0603Metric;;16.195.000;100.045.000;;;180.000.000;YES;26088
C301;1nF;C_0201_0603Metric;;119.815.000;58.045.000;;;180.000.000;YES;26088
C301;1nF;C_0201_0603Metric;;119.815.000;100.045.000;;;180.000.000;YES;26088
C301;1nF;C_0201_0603Metric;;85.275.000;58.045.000;;;180.000.000;YES;26088
C302;1pF;C_0201_0603Metric;;49.285.000;16.045.000;;;180.000.000;YES;25983
C302;1pF;C_0201_0603Metric;;14.745.000;142.045.000;;;180.000.000;YES;25983
C302;1pF;C_0201_0603Metric;;83.825.000;16.045.000;;;180.000.000;YES;25983
C302;1pF;C_0201_0603Metric;;14.745.000;58.045.000;;;180.000.000;YES;25983
C302;1pF;C_0201_0603Metric;;118.365.000;16.045.000;;;180.000.000;YES;25983
C302;1pF;C_0201_0603Metric;;49.285.000;100.045.000;;;180.000.000;YES;25983
C302;1pF;C_0201_0603Metric;;83.825.000;58.045.000;;;180.000.000;YES;25983
C302;1pF;C_0201_0603Metric;;118.365.000;142.045.000;;;180.000.000;YES;25983
C302;1pF;C_0201_0603Metric;;83.825.000;100.045.000;;;180.000.000;YES;25983
C302;1pF;C_0201_0603Metric;;118.365.000;100.045.000;;;180.000.000;YES;25983
C302;1pF;C_0201_0603Metric;;14.745.000;16.045.000;;;180.000.000;YES;25983
C302;1pF;C_0201_0603Metric;;118.365.000;58.045.000;;;180.000.000;YES;25983
C302;1pF;C_0201_0603Metric;;49.285.000;142.045.000;;;180.000.000;YES;25983
C302;1pF;C_0201_0603Metric;;14.745.000;100.045.000;;;180.000.000;YES;25983
C302;1pF;C_0201_0603Metric;;49.285.000;58.045.000;;;180.000.000;YES;25983
C302;1pF;C_0201_0603Metric;;83.825.000;142.045.000;;;180.000.000;YES;25983
C303;1nF;C_0201_0603Metric;;73.135.000;119.965.000;;;0.000000;YES;26088
C303;1nF;C_0201_0603Metric;;73.135.000;77.965.000;;;0.000000;YES;26088
C303;1nF;C_0201_0603Metric;;73.135.000;161.965.000;;;0.000000;YES;26088
C303;1nF;C_0201_0603Metric;;73.135.000;35.965.000;;;0.000000;YES;26088
C303;1nF;C_0201_0603Metric;;142.215.000;35.965.000;;;0.000000;YES;26088
C303;1nF;C_0201_0603Metric;;38.595.000;161.965.000;;;0.000000;YES;26088
C303;1nF;C_0201_0603Metric;;38.595.000;77.965.000;;;0.000000;YES;26088
C303;1nF;C_0201_0603Metric;;107.675.000;35.965.000;;;0.000000;YES;26088
C303;1nF;C_0201_0603Metric;;142.215.000;119.965.000;;;0.000000;YES;26088
C303;1nF;C_0201_0603Metric;;38.595.000;119.965.000;;;0.000000;YES;26088
C303;1nF;C_0201_0603Metric;;38.595.000;35.965.000;;;0.000000;YES;26088
C303;1nF;C_0201_0603Metric;;142.215.000;77.965.000;;;0.000000;YES;26088
C303;1nF;C_0201_0603Metric;;107.675.000;77.965.000;;;0.000000;YES;26088
C303;1nF;C_0201_0603Metric;;107.675.000;119.965.000;;;0.000000;YES;26088
C303;1nF;C_0201_0603Metric;;142.215.000;161.965.000;;;0.000000;YES;26088
C303;1nF;C_0201_0603Metric;;107.675.000;161.965.000;;;0.000000;YES;26088
C304;100nF;C_0201_0603Metric;;71.685.000;162.505.000;;;0.000000;YES;26069
C304;100nF;C_0201_0603Metric;;106.225.000;36.505.000;;;0.000000;YES;26069
C304;100nF;C_0201_0603Metric;;71.685.000;36.505.000;;;0.000000;YES;26069
C304;100nF;C_0201_0603Metric;;140.765.000;78.505.000;;;0.000000;YES;26069
C304;100nF;C_0201_0603Metric;;37.145.000;36.505.000;;;0.000000;YES;26069
C304;100nF;C_0201_0603Metric;;37.145.000;120.505.000;;;0.000000;YES;26069
C304;100nF;C_0201_0603Metric;;140.765.000;36.505.000;;;0.000000;YES;26069
C304;100nF;C_0201_0603Metric;;106.225.000;162.505.000;;;0.000000;YES;26069
C304;100nF;C_0201_0603Metric;;106.225.000;120.505.000;;;0.000000;YES;26069
C304;100nF;C_0201_0603Metric;;37.145.000;162.505.000;;;0.000000;YES;26069
C304;100nF;C_0201_0603Metric;;106.225.000;78.505.000;;;0.000000;YES;26069
C304;100nF;C_0201_0603Metric;;71.685.000;120.505.000;;;0.000000;YES;26069
C304;100nF;C_0201_0603Metric;;140.765.000;120.505.000;;;0.000000;YES;26069
C304;100nF;C_0201_0603Metric;;37.145.000;78.505.000;;;0.000000;YES;26069
C304;100nF;C_0201_0603Metric;;140.765.000;162.505.000;;;0.000000;YES;26069
C304;100nF;C_0201_0603Metric;;71.685.000;78.505.000;;;0.000000;YES;26069
C305;1pF;C_0201_0603Metric;;38.595.000;78.505.000;;;0.000000;YES;25983
C305;1pF;C_0201_0603Metric;;107.675.000;120.505.000;;;0.000000;YES;25983
C305;1pF;C_0201_0603Metric;;38.595.000;36.505.000;;;0.000000;YES;25983
C305;1pF;C_0201_0603Metric;;142.215.000;36.505.000;;;0.000000;YES;25983
C305;1pF;C_0201_0603Metric;;73.135.000;78.505.000;;;0.000000;YES;25983
C305;1pF;C_0201_0603Metric;;73.135.000;120.505.000;;;0.000000;YES;25983
C305;1pF;C_0201_0603Metric;;38.595.000;120.505.000;;;0.000000;YES;25983
C305;1pF;C_0201_0603Metric;;73.135.000;162.505.000;;;0.000000;YES;25983
C305;1pF;C_0201_0603Metric;;142.215.000;162.505.000;;;0.000000;YES;25983
C305;1pF;C_0201_0603Metric;;142.215.000;78.505.000;;;0.000000;YES;25983
C305;1pF;C_0201_0603Metric;;38.595.000;162.505.000;;;0.000000;YES;25983
C305;1pF;C_0201_0603Metric;;107.675.000;78.505.000;;;0.000000;YES;25983
C305;1pF;C_0201_0603Metric;;107.675.000;162.505.000;;;0.000000;YES;25983
C305;1pF;C_0201_0603Metric;;73.135.000;36.505.000;;;0.000000;YES;25983
C305;1pF;C_0201_0603Metric;;107.675.000;36.505.000;;;0.000000;YES;25983
C305;1pF;C_0201_0603Metric;;142.215.000;120.505.000;;;0.000000;YES;25983
C306;1nF;C_0201_0603Metric;;37.145.000;38.955.000;;;0.000000;YES;26088
C306;1nF;C_0201_0603Metric;;71.685.000;80.955.000;;;0.000000;YES;26088
C306;1nF;C_0201_0603Metric;;140.765.000;80.955.000;;;0.000000;YES;26088
C306;1nF;C_0201_0603Metric;;106.225.000;164.955.000;;;0.000000;YES;26088
C306;1nF;C_0201_0603Metric;;71.685.000;122.955.000;;;0.000000;YES;26088
C306;1nF;C_0201_0603Metric;;106.225.000;122.955.000;;;0.000000;YES;26088
C306;1nF;C_0201_0603Metric;;140.765.000;38.955.000;;;0.000000;YES;26088
C306;1nF;C_0201_0603Metric;;71.685.000;38.955.000;;;0.000000;YES;26088
C306;1nF;C_0201_0603Metric;;106.225.000;80.955.000;;;0.000000;YES;26088
C306;1nF;C_0201_0603Metric;;140.765.000;122.955.000;;;0.000000;YES;26088
C306;1nF;C_0201_0603Metric;;71.685.000;164.955.000;;;0.000000;YES;26088
C306;1nF;C_0201_0603Metric;;37.145.000;122.955.000;;;0.000000;YES;26088
C306;1nF;C_0201_0603Metric;;37.145.000;164.955.000;;;0.000000;YES;26088
C306;1nF;C_0201_0603Metric;;140.765.000;164.955.000;;;0.000000;YES;26088
C306;1nF;C_0201_0603Metric;;37.145.000;80.955.000;;;0.000000;YES;26088
C306;1nF;C_0201_0603Metric;;106.225.000;38.955.000;;;0.000000;YES;26088
C307;1pF;C_0201_0603Metric;;38.595.000;164.955.000;;;0.000000;YES;25983
C307;1pF;C_0201_0603Metric;;142.215.000;122.955.000;;;0.000000;YES;25983
C307;1pF;C_0201_0603Metric;;142.215.000;80.955.000;;;0.000000;YES;25983
C307;1pF;C_0201_0603Metric;;73.135.000;164.955.000;;;0.000000;YES;25983
C307;1pF;C_0201_0603Metric;;38.595.000;122.955.000;;;0.000000;YES;25983
C307;1pF;C_0201_0603Metric;;142.215.000;164.955.000;;;0.000000;YES;25983
C307;1pF;C_0201_0603Metric;;107.675.000;164.955.000;;;0.000000;YES;25983
C307;1pF;C_0201_0603Metric;;73.135.000;122.955.000;;;0.000000;YES;25983
C307;1pF;C_0201_0603Metric;;38.595.000;38.955.000;;;0.000000;YES;25983
C307;1pF;C_0201_0603Metric;;73.135.000;38.955.000;;;0.000000;YES;25983
C307;1pF;C_0201_0603Metric;;38.595.000;80.955.000;;;0.000000;YES;25983
C307;1pF;C_0201_0603Metric;;107.675.000;38.955.000;;;0.000000;YES;25983
C307;1pF;C_0201_0603Metric;;73.135.000;80.955.000;;;0.000000;YES;25983
C307;1pF;C_0201_0603Metric;;107.675.000;80.955.000;;;0.000000;YES;25983
C307;1pF;C_0201_0603Metric;;107.675.000;122.955.000;;;0.000000;YES;25983
C307;1pF;C_0201_0603Metric;;142.215.000;38.955.000;;;0.000000;YES;25983
C308;1nF;C_0201_0603Metric;;109.425.000;19.035.000;;;180.000.000;YES;26088
C308;1nF;C_0201_0603Metric;;143.965.000;145.035.000;;;180.000.000;YES;26088
C308;1nF;C_0201_0603Metric;;109.425.000;103.035.000;;;180.000.000;YES;26088
C308;1nF;C_0201_0603Metric;;74.885.000;103.035.000;;;180.000.000;YES;26088
C308;1nF;C_0201_0603Metric;;74.885.000;145.035.000;;;180.000.000;YES;26088
C308;1nF;C_0201_0603Metric;;143.965.000;19.035.000;;;180.000.000;YES;26088
C308;1nF;C_0201_0603Metric;;40.345.000;145.035.000;;;180.000.000;YES;26088
C308;1nF;C_0201_0603Metric;;40.345.000;103.035.000;;;180.000.000;YES;26088
C308;1nF;C_0201_0603Metric;;143.965.000;103.035.000;;;180.000.000;YES;26088
C308;1nF;C_0201_0603Metric;;40.345.000;61.035.000;;;180.000.000;YES;26088
C308;1nF;C_0201_0603Metric;;40.345.000;19.035.000;;;180.000.000;YES;26088
C308;1nF;C_0201_0603Metric;;109.425.000;145.035.000;;;180.000.000;YES;26088
C308;1nF;C_0201_0603Metric;;74.885.000;61.035.000;;;180.000.000;YES;26088
C308;1nF;C_0201_0603Metric;;74.885.000;19.035.000;;;180.000.000;YES;26088
C308;1nF;C_0201_0603Metric;;143.965.000;61.035.000;;;180.000.000;YES;26088
C308;1nF;C_0201_0603Metric;;109.425.000;61.035.000;;;180.000.000;YES;26088
C309;100nF;C_0201_0603Metric;;76.335.000;18.495.000;;;180.000.000;YES;26069
C309;100nF;C_0201_0603Metric;;145.415.000;60.495.000;;;180.000.000;YES;26069
C309;100nF;C_0201_0603Metric;;41.795.000;102.495.000;;;180.000.000;YES;26069
C309;100nF;C_0201_0603Metric;;145.415.000;144.495.000;;;180.000.000;YES;26069
C309;100nF;C_0201_0603Metric;;41.795.000;144.495.000;;;180.000.000;YES;26069
C309;100nF;C_0201_0603Metric;;110.875.000;18.495.000;;;180.000.000;YES;26069
C309;100nF;C_0201_0603Metric;;76.335.000;60.495.000;;;180.000.000;YES;26069
C309;100nF;C_0201_0603Metric;;110.875.000;60.495.000;;;180.000.000;YES;26069
C309;100nF;C_0201_0603Metric;;76.335.000;102.495.000;;;180.000.000;YES;26069
C309;100nF;C_0201_0603Metric;;110.875.000;144.495.000;;;180.000.000;YES;26069
C309;100nF;C_0201_0603Metric;;145.415.000;18.495.000;;;180.000.000;YES;26069
C309;100nF;C_0201_0603Metric;;110.875.000;102.495.000;;;180.000.000;YES;26069
C309;100nF;C_0201_0603Metric;;145.415.000;102.495.000;;;180.000.000;YES;26069
C309;100nF;C_0201_0603Metric;;76.335.000;144.495.000;;;180.000.000;YES;26069
C309;100nF;C_0201_0603Metric;;41.795.000;60.495.000;;;180.000.000;YES;26069
C309;100nF;C_0201_0603Metric;;41.795.000;18.495.000;;;180.000.000;YES;26069
C310;1pF;C_0201_0603Metric;;40.345.000;144.495.000;;;180.000.000;YES;25983
C310;1pF;C_0201_0603Metric;;74.885.000;18.495.000;;;180.000.000;YES;25983
C310;1pF;C_0201_0603Metric;;143.965.000;60.495.000;;;180.000.000;YES;25983
C310;1pF;C_0201_0603Metric;;109.425.000;60.495.000;;;180.000.000;YES;25983
C310;1pF;C_0201_0603Metric;;40.345.000;60.495.000;;;180.000.000;YES;25983
C310;1pF;C_0201_0603Metric;;74.885.000;60.495.000;;;180.000.000;YES;25983
C310;1pF;C_0201_0603Metric;;40.345.000;102.495.000;;;180.000.000;YES;25983
C310;1pF;C_0201_0603Metric;;109.425.000;102.495.000;;;180.000.000;YES;25983
C310;1pF;C_0201_0603Metric;;143.965.000;102.495.000;;;180.000.000;YES;25983
C310;1pF;C_0201_0603Metric;;143.965.000;18.495.000;;;180.000.000;YES;25983
C310;1pF;C_0201_0603Metric;;109.425.000;144.495.000;;;180.000.000;YES;25983
C310;1pF;C_0201_0603Metric;;40.345.000;18.495.000;;;180.000.000;YES;25983
C310;1pF;C_0201_0603Metric;;74.885.000;144.495.000;;;180.000.000;YES;25983
C310;1pF;C_0201_0603Metric;;74.885.000;102.495.000;;;180.000.000;YES;25983
C310;1pF;C_0201_0603Metric;;109.425.000;18.495.000;;;180.000.000;YES;25983
C310;1pF;C_0201_0603Metric;;143.965.000;144.495.000;;;180.000.000;YES;25983
C311;1nF;C_0201_0603Metric;;76.335.000;58.045.000;;;180.000.000;YES;26088
C311;1nF;C_0201_0603Metric;;110.875.000;142.045.000;;;180.000.000;YES;26088
C311;1nF;C_0201_0603Metric;;145.415.000;58.045.000;;;180.000.000;YES;26088
C311;1nF;C_0201_0603Metric;;110.875.000;16.045.000;;;180.000.000;YES;26088
C311;1nF;C_0201_0603Metric;;110.875.000;58.045.000;;;180.000.000;YES;26088
C311;1nF;C_0201_0603Metric;;76.335.000;142.045.000;;;180.000.000;YES;26088
C311;1nF;C_0201_0603Metric;;41.795.000;100.045.000;;;180.000.000;YES;26088
C311;1nF;C_0201_0603Metric;;76.335.000;100.045.000;;;180.000.000;YES;26088
C311;1nF;C_0201_0603Metric;;41.795.000;58.045.000;;;180.000.000;YES;26088
C311;1nF;C_0201_0603Metric;;41.795.000;16.045.000;;;180.000.000;YES;26088
C311;1nF;C_0201_0603Metric;;41.795.000;142.045.000;;;180.000.000;YES;26088
C311;1nF;C_0201_0603Metric;;76.335.000;16.045.000;;;180.000.000;YES;26088
C311;1nF;C_0201_0603Metric;;145.415.000;142.045.000;;;180.000.000;YES;26088
C311;1nF;C_0201_0603Metric;;145.415.000;100.045.000;;;180.000.000;YES;26088
C311;1nF;C_0201_0603Metric;;145.415.000;16.045.000;;;180.000.000;YES;26088
C311;1nF;C_0201_0603Metric;;110.875.000;100.045.000;;;180.000.000;YES;26088
C312;1pF;C_0201_0603Metric;;74.885.000;16.045.000;;;180.000.000;YES;25983
C312;1pF;C_0201_0603Metric;;143.965.000;16.045.000;;;180.000.000;YES;25983
C312;1pF;C_0201_0603Metric;;143.965.000;100.045.000;;;180.000.000;YES;25983
C312;1pF;C_0201_0603Metric;;109.425.000;100.045.000;;;180.000.000;YES;25983
C312;1pF;C_0201_0603Metric;;40.345.000;142.045.000;;;180.000.000;YES;25983
C312;1pF;C_0201_0603Metric;;109.425.000;142.045.000;;;180.000.000;YES;25983
C312;1pF;C_0201_0603Metric;;74.885.000;58.045.000;;;180.000.000;YES;25983
C312;1pF;C_0201_0603Metric;;74.885.000;100.045.000;;;180.000.000;YES;25983
C312;1pF;C_0201_0603Metric;;40.345.000;100.045.000;;;180.000.000;YES;25983
C312;1pF;C_0201_0603Metric;;109.425.000;16.045.000;;;180.000.000;YES;25983
C312;1pF;C_0201_0603Metric;;40.345.000;16.045.000;;;180.000.000;YES;25983
C312;1pF;C_0201_0603Metric;;74.885.000;142.045.000;;;180.000.000;YES;25983
C312;1pF;C_0201_0603Metric;;143.965.000;142.045.000;;;180.000.000;YES;25983
C312;1pF;C_0201_0603Metric;;40.345.000;58.045.000;;;180.000.000;YES;25983
C312;1pF;C_0201_0603Metric;;143.965.000;58.045.000;;;180.000.000;YES;25983
C312;1pF;C_0201_0603Metric;;109.425.000;58.045.000;;;180.000.000;YES;25983
C313;1nF;C_0201_0603Metric;;62.085.000;23.265.000;;;180.000.000;YES;26088
C313;1nF;C_0201_0603Metric;;62.085.000;65.265.000;;;180.000.000;YES;26088
C313;1nF;C_0201_0603Metric;;27.545.000;23.265.000;;;180.000.000;YES;26088
C313;1nF;C_0201_0603Metric;;27.545.000;65.265.000;;;180.000.000;YES;26088
C313;1nF;C_0201_0603Metric;;131.165.000;65.265.000;;;180.000.000;YES;26088
C313;1nF;C_0201_0603Metric;;131.165.000;149.265.000;;;180.000.000;YES;26088
C313;1nF;C_0201_0603Metric;;96.625.000;23.265.000;;;180.000.000;YES;26088
C313;1nF;C_0201_0603Metric;;27.545.000;149.265.000;;;180.000.000;YES;26088
C313;1nF;C_0201_0603Metric;;96.625.000;149.265.000;;;180.000.000;YES;26088
C313;1nF;C_0201_0603Metric;;62.085.000;107.265.000;;;180.000.000;YES;26088
C313;1nF;C_0201_0603Metric;;96.625.000;107.265.000;;;180.000.000;YES;26088
C313;1nF;C_0201_0603Metric;;131.165.000;107.265.000;;;180.000.000;YES;26088
C313;1nF;C_0201_0603Metric;;27.545.000;107.265.000;;;180.000.000;YES;26088
C313;1nF;C_0201_0603Metric;;62.085.000;149.265.000;;;180.000.000;YES;26088
C313;1nF;C_0201_0603Metric;;96.625.000;65.265.000;;;180.000.000;YES;26088
C313;1nF;C_0201_0603Metric;;131.165.000;23.265.000;;;180.000.000;YES;26088
C314;100nF;C_0201_0603Metric;;28.995.000;64.725.000;;;180.000.000;YES;26069
C314;100nF;C_0201_0603Metric;;132.615.000;22.725.000;;;180.000.000;YES;26069
C314;100nF;C_0201_0603Metric;;98.075.000;148.725.000;;;180.000.000;YES;26069
C314;100nF;C_0201_0603Metric;;132.615.000;148.725.000;;;180.000.000;YES;26069
C314;100nF;C_0201_0603Metric;;98.075.000;22.725.000;;;180.000.000;YES;26069
C314;100nF;C_0201_0603Metric;;132.615.000;106.725.000;;;180.000.000;YES;26069
C314;100nF;C_0201_0603Metric;;132.615.000;64.725.000;;;180.000.000;YES;26069
C314;100nF;C_0201_0603Metric;;63.535.000;64.725.000;;;180.000.000;YES;26069
C314;100nF;C_0201_0603Metric;;28.995.000;106.725.000;;;180.000.000;YES;26069
C314;100nF;C_0201_0603Metric;;98.075.000;106.725.000;;;180.000.000;YES;26069
C314;100nF;C_0201_0603Metric;;28.995.000;22.725.000;;;180.000.000;YES;26069
C314;100nF;C_0201_0603Metric;;28.995.000;148.725.000;;;180.000.000;YES;26069
C314;100nF;C_0201_0603Metric;;63.535.000;148.725.000;;;180.000.000;YES;26069
C314;100nF;C_0201_0603Metric;;98.075.000;64.725.000;;;180.000.000;YES;26069
C314;100nF;C_0201_0603Metric;;63.535.000;22.725.000;;;180.000.000;YES;26069
C314;100nF;C_0201_0603Metric;;63.535.000;106.725.000;;;180.000.000;YES;26069
C315;1pF;C_0201_0603Metric;;27.545.000;148.725.000;;;180.000.000;YES;25983
C315;1pF;C_0201_0603Metric;;27.545.000;64.725.000;;;180.000.000;YES;25983
C315;1pF;C_0201_0603Metric;;96.625.000;22.725.000;;;180.000.000;YES;25983
C315;1pF;C_0201_0603Metric;;62.085.000;148.725.000;;;180.000.000;YES;25983
C315;1pF;C_0201_0603Metric;;62.085.000;64.725.000;;;180.000.000;YES;25983
C315;1pF;C_0201_0603Metric;;27.545.000;22.725.000;;;180.000.000;YES;25983
C315;1pF;C_0201_0603Metric;;27.545.000;106.725.000;;;180.000.000;YES;25983
C315;1pF;C_0201_0603Metric;;96.625.000;148.725.000;;;180.000.000;YES;25983
C315;1pF;C_0201_0603Metric;;131.165.000;64.725.000;;;180.000.000;YES;25983
C315;1pF;C_0201_0603Metric;;96.625.000;64.725.000;;;180.000.000;YES;25983
C315;1pF;C_0201_0603Metric;;131.165.000;106.725.000;;;180.000.000;YES;25983
C315;1pF;C_0201_0603Metric;;131.165.000;22.725.000;;;180.000.000;YES;25983
C315;1pF;C_0201_0603Metric;;131.165.000;148.725.000;;;180.000.000;YES;25983
C315;1pF;C_0201_0603Metric;;96.625.000;106.725.000;;;180.000.000;YES;25983
C315;1pF;C_0201_0603Metric;;62.085.000;22.725.000;;;180.000.000;YES;25983
C315;1pF;C_0201_0603Metric;;62.085.000;106.725.000;;;180.000.000;YES;25983
C316;1nF;C_0201_0603Metric;;63.535.000;104.275.000;;;180.000.000;YES;26088
C316;1nF;C_0201_0603Metric;;63.535.000;146.275.000;;;180.000.000;YES;26088
C316;1nF;C_0201_0603Metric;;132.615.000;20.275.000;;;180.000.000;YES;26088
C316;1nF;C_0201_0603Metric;;98.075.000;62.275.000;;;180.000.000;YES;26088
C316;1nF;C_0201_0603Metric;;28.995.000;62.275.000;;;180.000.000;YES;26088
C316;1nF;C_0201_0603Metric;;98.075.000;20.275.000;;;180.000.000;YES;26088
C316;1nF;C_0201_0603Metric;;98.075.000;146.275.000;;;180.000.000;YES;26088
C316;1nF;C_0201_0603Metric;;63.535.000;62.275.000;;;180.000.000;YES;26088
C316;1nF;C_0201_0603Metric;;132.615.000;104.275.000;;;180.000.000;YES;26088
C316;1nF;C_0201_0603Metric;;28.995.000;104.275.000;;;180.000.000;YES;26088
C316;1nF;C_0201_0603Metric;;28.995.000;20.275.000;;;180.000.000;YES;26088
C316;1nF;C_0201_0603Metric;;63.535.000;20.275.000;;;180.000.000;YES;26088
C316;1nF;C_0201_0603Metric;;132.615.000;146.275.000;;;180.000.000;YES;26088
C316;1nF;C_0201_0603Metric;;28.995.000;146.275.000;;;180.000.000;YES;26088
C316;1nF;C_0201_0603Metric;;98.075.000;104.275.000;;;180.000.000;YES;26088
C316;1nF;C_0201_0603Metric;;132.615.000;62.275.000;;;180.000.000;YES;26088
C317;1pF;C_0201_0603Metric;;96.625.000;62.275.000;;;180.000.000;YES;25983
C317;1pF;C_0201_0603Metric;;27.545.000;62.275.000;;;180.000.000;YES;25983
C317;1pF;C_0201_0603Metric;;27.545.000;104.275.000;;;180.000.000;YES;25983
C317;1pF;C_0201_0603Metric;;131.165.000;146.275.000;;;180.000.000;YES;25983
C317;1pF;C_0201_0603Metric;;96.625.000;104.275.000;;;180.000.000;YES;25983
C317;1pF;C_0201_0603Metric;;62.085.000;62.275.000;;;180.000.000;YES;25983
C317;1pF;C_0201_0603Metric;;96.625.000;146.275.000;;;180.000.000;YES;25983
C317;1pF;C_0201_0603Metric;;131.165.000;104.275.000;;;180.000.000;YES;25983
C317;1pF;C_0201_0603Metric;;27.545.000;20.275.000;;;180.000.000;YES;25983
C317;1pF;C_0201_0603Metric;;131.165.000;20.275.000;;;180.000.000;YES;25983
C317;1pF;C_0201_0603Metric;;27.545.000;146.275.000;;;180.000.000;YES;25983
C317;1pF;C_0201_0603Metric;;62.085.000;146.275.000;;;180.000.000;YES;25983
C317;1pF;C_0201_0603Metric;;62.085.000;104.275.000;;;180.000.000;YES;25983
C317;1pF;C_0201_0603Metric;;131.165.000;62.275.000;;;180.000.000;YES;25983
C317;1pF;C_0201_0603Metric;;96.625.000;20.275.000;;;180.000.000;YES;25983
C317;1pF;C_0201_0603Metric;;62.085.000;20.275.000;;;180.000.000;YES;25983
C318;1nF;C_0201_0603Metric;;33.945.000;103.035.000;;;180.000.000;YES;26088
C318;1nF;C_0201_0603Metric;;137.565.000;19.035.000;;;180.000.000;YES;26088
C318;1nF;C_0201_0603Metric;;68.485.000;103.035.000;;;180.000.000;YES;26088
C318;1nF;C_0201_0603Metric;;68.485.000;61.035.000;;;180.000.000;YES;26088
C318;1nF;C_0201_0603Metric;;103.025.000;145.035.000;;;180.000.000;YES;26088
C318;1nF;C_0201_0603Metric;;103.025.000;61.035.000;;;180.000.000;YES;26088
C318;1nF;C_0201_0603Metric;;33.945.000;61.035.000;;;180.000.000;YES;26088
C318;1nF;C_0201_0603Metric;;33.945.000;19.035.000;;;180.000.000;YES;26088
C318;1nF;C_0201_0603Metric;;137.565.000;103.035.000;;;180.000.000;YES;26088
C318;1nF;C_0201_0603Metric;;137.565.000;145.035.000;;;180.000.000;YES;26088
C318;1nF;C_0201_0603Metric;;137.565.000;61.035.000;;;180.000.000;YES;26088
C318;1nF;C_0201_0603Metric;;68.485.000;19.035.000;;;180.000.000;YES;26088
C318;1nF;C_0201_0603Metric;;103.025.000;19.035.000;;;180.000.000;YES;26088
C318;1nF;C_0201_0603Metric;;103.025.000;103.035.000;;;180.000.000;YES;26088
C318;1nF;C_0201_0603Metric;;68.485.000;145.035.000;;;180.000.000;YES;26088
C318;1nF;C_0201_0603Metric;;33.945.000;145.035.000;;;180.000.000;YES;26088
C319;100nF;C_0201_0603Metric;;139.015.000;60.495.000;;;180.000.000;YES;26069
C319;100nF;C_0201_0603Metric;;139.015.000;144.495.000;;;180.000.000;YES;26069
C319;100nF;C_0201_0603Metric;;104.475.000;18.495.000;;;180.000.000;YES;26069
C319;100nF;C_0201_0603Metric;;104.475.000;102.495.000;;;180.000.000;YES;26069
C319;100nF;C_0201_0603Metric;;35.395.000;144.495.000;;;180.000.000;YES;26069
C319;100nF;C_0201_0603Metric;;104.475.000;144.495.000;;;180.000.000;YES;26069
C319;100nF;C_0201_0603Metric;;104.475.000;60.495.000;;;180.000.000;YES;26069
C319;100nF;C_0201_0603Metric;;35.395.000;102.495.000;;;180.000.000;YES;26069
C319;100nF;C_0201_0603Metric;;35.395.000;18.495.000;;;180.000.000;YES;26069
C319;100nF;C_0201_0603Metric;;69.935.000;18.495.000;;;180.000.000;YES;26069
C319;100nF;C_0201_0603Metric;;139.015.000;18.495.000;;;180.000.000;YES;26069
C319;100nF;C_0201_0603Metric;;69.935.000;60.495.000;;;180.000.000;YES;26069
C319;100nF;C_0201_0603Metric;;69.935.000;102.495.000;;;180.000.000;YES;26069
C319;100nF;C_0201_0603Metric;;139.015.000;102.495.000;;;180.000.000;YES;26069
C319;100nF;C_0201_0603Metric;;69.935.000;144.495.000;;;180.000.000;YES;26069
C319;100nF;C_0201_0603Metric;;35.395.000;60.495.000;;;180.000.000;YES;26069
C320;1pF;C_0201_0603Metric;;103.025.000;144.495.000;;;180.000.000;YES;25983
C320;1pF;C_0201_0603Metric;;33.945.000;18.495.000;;;180.000.000;YES;25983
C320;1pF;C_0201_0603Metric;;33.945.000;144.495.000;;;180.000.000;YES;25983
C320;1pF;C_0201_0603Metric;;103.025.000;102.495.000;;;180.000.000;YES;25983
C320;1pF;C_0201_0603Metric;;68.485.000;144.495.000;;;180.000.000;YES;25983
C320;1pF;C_0201_0603Metric;;137.565.000;144.495.000;;;180.000.000;YES;25983
C320;1pF;C_0201_0603Metric;;103.025.000;18.495.000;;;180.000.000;YES;25983
C320;1pF;C_0201_0603Metric;;137.565.000;18.495.000;;;180.000.000;YES;25983
C320;1pF;C_0201_0603Metric;;137.565.000;102.495.000;;;180.000.000;YES;25983
C320;1pF;C_0201_0603Metric;;33.945.000;60.495.000;;;180.000.000;YES;25983
C320;1pF;C_0201_0603Metric;;137.565.000;60.495.000;;;180.000.000;YES;25983
C320;1pF;C_0201_0603Metric;;68.485.000;18.495.000;;;180.000.000;YES;25983
C320;1pF;C_0201_0603Metric;;68.485.000;60.495.000;;;180.000.000;YES;25983
C320;1pF;C_0201_0603Metric;;103.025.000;60.495.000;;;180.000.000;YES;25983
C320;1pF;C_0201_0603Metric;;33.945.000;102.495.000;;;180.000.000;YES;25983
C320;1pF;C_0201_0603Metric;;68.485.000;102.495.000;;;180.000.000;YES;25983
C321;1nF;C_0201_0603Metric;;104.475.000;100.045.000;;;180.000.000;YES;26088
C321;1nF;C_0201_0603Metric;;104.475.000;58.045.000;;;180.000.000;YES;26088
C321;1nF;C_0201_0603Metric;;35.395.000;142.045.000;;;180.000.000;YES;26088
C321;1nF;C_0201_0603Metric;;139.015.000;58.045.000;;;180.000.000;YES;26088
C321;1nF;C_0201_0603Metric;;69.935.000;142.045.000;;;180.000.000;YES;26088
C321;1nF;C_0201_0603Metric;;69.935.000;16.045.000;;;180.000.000;YES;26088
C321;1nF;C_0201_0603Metric;;35.395.000;100.045.000;;;180.000.000;YES;26088
C321;1nF;C_0201_0603Metric;;69.935.000;58.045.000;;;180.000.000;YES;26088
C321;1nF;C_0201_0603Metric;;139.015.000;16.045.000;;;180.000.000;YES;26088
C321;1nF;C_0201_0603Metric;;104.475.000;142.045.000;;;180.000.000;YES;26088
C321;1nF;C_0201_0603Metric;;35.395.000;16.045.000;;;180.000.000;YES;26088
C321;1nF;C_0201_0603Metric;;139.015.000;100.045.000;;;180.000.000;YES;26088
C321;1nF;C_0201_0603Metric;;69.935.000;100.045.000;;;180.000.000;YES;26088
C321;1nF;C_0201_0603Metric;;139.015.000;142.045.000;;;180.000.000;YES;26088
C321;1nF;C_0201_0603Metric;;35.395.000;58.045.000;;;180.000.000;YES;26088
C321;1nF;C_0201_0603Metric;;104.475.000;16.045.000;;;180.000.000;YES;26088
C322;1pF;C_0201_0603Metric;;68.485.000;100.045.000;;;180.000.000;YES;25983
C322;1pF;C_0201_0603Metric;;103.025.000;16.045.000;;;180.000.000;YES;25983
C322;1pF;C_0201_0603Metric;;137.565.000;100.045.000;;;180.000.000;YES;25983
C322;1pF;C_0201_0603Metric;;33.945.000;16.045.000;;;180.000.000;YES;25983
C322;1pF;C_0201_0603Metric;;68.485.000;142.045.000;;;180.000.000;YES;25983
C322;1pF;C_0201_0603Metric;;103.025.000;58.045.000;;;180.000.000;YES;25983
C322;1pF;C_0201_0603Metric;;33.945.000;142.045.000;;;180.000.000;YES;25983
C322;1pF;C_0201_0603Metric;;137.565.000;142.045.000;;;180.000.000;YES;25983
C322;1pF;C_0201_0603Metric;;103.025.000;100.045.000;;;180.000.000;YES;25983
C322;1pF;C_0201_0603Metric;;33.945.000;100.045.000;;;180.000.000;YES;25983
C322;1pF;C_0201_0603Metric;;68.485.000;16.045.000;;;180.000.000;YES;25983
C322;1pF;C_0201_0603Metric;;137.565.000;58.045.000;;;180.000.000;YES;25983
C322;1pF;C_0201_0603Metric;;68.485.000;58.045.000;;;180.000.000;YES;25983
C322;1pF;C_0201_0603Metric;;103.025.000;142.045.000;;;180.000.000;YES;25983
C322;1pF;C_0201_0603Metric;;33.945.000;58.045.000;;;180.000.000;YES;25983
C322;1pF;C_0201_0603Metric;;137.565.000;16.045.000;;;180.000.000;YES;25983
FID4;Fiducial;Fiducial_0.5mm_Mask1mm;;117.060.000;14.337.100;;;180.000.000;YES;
FID4;Fiducial;Fiducial_0.5mm_Mask1mm;;47.980.000;56.337.100;;;180.000.000;YES;
FID4;Fiducial;Fiducial_0.5mm_Mask1mm;;82.520.000;98.337.100;;;180.000.000;YES;
FID4;Fiducial;Fiducial_0.5mm_Mask1mm;;47.980.000;140.337.100;;;180.000.000;YES;
FID4;Fiducial;Fiducial_0.5mm_Mask1mm;;117.060.000;98.337.100;;;180.000.000;YES;
FID4;Fiducial;Fiducial_0.5mm_Mask1mm;;117.060.000;56.337.100;;;180.000.000;YES;
FID4;Fiducial;Fiducial_0.5mm_Mask1mm;;13.440.000;140.337.100;;;180.000.000;YES;
FID4;Fiducial;Fiducial_0.5mm_Mask1mm;;117.060.000;140.337.100;;;180.000.000;YES;
FID4;Fiducial;Fiducial_0.5mm_Mask1mm;;13.440.000;56.337.100;;;180.000.000;YES;
FID4;Fiducial;Fiducial_0.5mm_Mask1mm;;82.520.000;56.337.100;;;180.000.000;YES;
FID4;Fiducial;Fiducial_0.5mm_Mask1mm;;47.980.000;14.337.100;;;180.000.000;YES;
FID4;Fiducial;Fiducial_0.5mm_Mask1mm;;47.980.000;98.337.100;;;180.000.000;YES;
FID4;Fiducial;Fiducial_0.5mm_Mask1mm;;82.520.000;140.337.100;;;180.000.000;YES;
FID4;Fiducial;Fiducial_0.5mm_Mask1mm;;82.520.000;14.337.100;;;180.000.000;YES;
FID4;Fiducial;Fiducial_0.5mm_Mask1mm;;13.440.000;14.337.100;;;180.000.000;YES;
FID4;Fiducial;Fiducial_0.5mm_Mask1mm;;13.440.000;98.337.100;;;180.000.000;YES;
FID5;Fiducial;Fiducial_0.5mm_Mask1mm;;112.780.000;14.127.100;;;180.000.000;YES;
FID5;Fiducial;Fiducial_0.5mm_Mask1mm;;112.780.000;56.127.100;;;180.000.000;YES;
FID5;Fiducial;Fiducial_0.5mm_Mask1mm;;43.700.000;56.127.100;;;180.000.000;YES;
FID5;Fiducial;Fiducial_0.5mm_Mask1mm;;78.240.000;56.127.100;;;180.000.000;YES;
FID5;Fiducial;Fiducial_0.5mm_Mask1mm;;78.240.000;140.127.100;;;180.000.000;YES;
FID5;Fiducial;Fiducial_0.5mm_Mask1mm;;147.320.000;14.127.100;;;180.000.000;YES;
FID5;Fiducial;Fiducial_0.5mm_Mask1mm;;43.700.000;140.127.100;;;180.000.000;YES;
FID5;Fiducial;Fiducial_0.5mm_Mask1mm;;112.780.000;140.127.100;;;180.000.000;YES;
FID5;Fiducial;Fiducial_0.5mm_Mask1mm;;147.320.000;98.127.100;;;180.000.000;YES;
FID5;Fiducial;Fiducial_0.5mm_Mask1mm;;147.320.000;140.127.100;;;180.000.000;YES;
FID5;Fiducial;Fiducial_0.5mm_Mask1mm;;112.780.000;98.127.100;;;180.000.000;YES;
FID5;Fiducial;Fiducial_0.5mm_Mask1mm;;43.700.000;98.127.100;;;180.000.000;YES;
FID5;Fiducial;Fiducial_0.5mm_Mask1mm;;78.240.000;14.127.100;;;180.000.000;YES;
FID5;Fiducial;Fiducial_0.5mm_Mask1mm;;43.700.000;14.127.100;;;180.000.000;YES;
FID5;Fiducial;Fiducial_0.5mm_Mask1mm;;147.320.000;56.127.100;;;180.000.000;YES;
FID5;Fiducial;Fiducial_0.5mm_Mask1mm;;78.240.000;98.127.100;;;180.000.000;YES;
FID6;Fiducial;Fiducial_0.5mm_Mask1mm;;112.040.000;124.787.100;;;180.000.000;YES;
FID6;Fiducial;Fiducial_0.5mm_Mask1mm;;112.040.000;40.787.100;;;180.000.000;YES;
FID6;Fiducial;Fiducial_0.5mm_Mask1mm;;42.960.000;82.787.100;;;180.000.000;YES;
FID6;Fiducial;Fiducial_0.5mm_Mask1mm;;77.500.000;40.787.100;;;180.000.000;YES;
FID6;Fiducial;Fiducial_0.5mm_Mask1mm;;42.960.000;40.787.100;;;180.000.000;YES;
FID6;Fiducial;Fiducial_0.5mm_Mask1mm;;42.960.000;166.787.100;;;180.000.000;YES;
FID6;Fiducial;Fiducial_0.5mm_Mask1mm;;112.040.000;82.787.100;;;180.000.000;YES;
FID6;Fiducial;Fiducial_0.5mm_Mask1mm;;146.580.000;166.787.100;;;180.000.000;YES;
FID6;Fiducial;Fiducial_0.5mm_Mask1mm;;112.040.000;166.787.100;;;180.000.000;YES;
FID6;Fiducial;Fiducial_0.5mm_Mask1mm;;42.960.000;124.787.100;;;180.000.000;YES;
FID6;Fiducial;Fiducial_0.5mm_Mask1mm;;146.580.000;40.787.100;;;180.000.000;YES;
FID6;Fiducial;Fiducial_0.5mm_Mask1mm;;77.500.000;82.787.100;;;180.000.000;YES;
FID6;Fiducial;Fiducial_0.5mm_Mask1mm;;146.580.000;82.787.100;;;180.000.000;YES;
FID6;Fiducial;Fiducial_0.5mm_Mask1mm;;77.500.000;124.787.100;;;180.000.000;YES;
FID6;Fiducial;Fiducial_0.5mm_Mask1mm;;77.500.000;166.787.100;;;180.000.000;YES;
FID6;Fiducial;Fiducial_0.5mm_Mask1mm;;146.580.000;124.787.100;;;180.000.000;YES;
J1;ERM6-30-01.5-L-DV-A-K-TR;SAMTEC_ERM6-30-01.5-L-DV-A-K-TR;;28.270.000;43.200.000;;;0.000000;YES;
J1;ERM6-30-01.5-L-DV-A-K-TR;SAMTEC_ERM6-30-01.5-L-DV-A-K-TR;;62.810.000;43.200.000;;;0.000000;YES;
J1;ERM6-30-01.5-L-DV-A-K-TR;SAMTEC_ERM6-30-01.5-L-DV-A-K-TR;;97.350.000;127.200.000;;;0.000000;YES;
J1;ERM6-30-01.5-L-DV-A-K-TR;SAMTEC_ERM6-30-01.5-L-DV-A-K-TR;;28.270.000;127.200.000;;;0.000000;YES;
J1;ERM6-30-01.5-L-DV-A-K-TR;SAMTEC_ERM6-30-01.5-L-DV-A-K-TR;;131.890.000;127.200.000;;;0.000000;YES;
J1;ERM6-30-01.5-L-DV-A-K-TR;SAMTEC_ERM6-30-01.5-L-DV-A-K-TR;;131.890.000;85.200.000;;;0.000000;YES;
J1;ERM6-30-01.5-L-DV-A-K-TR;SAMTEC_ERM6-30-01.5-L-DV-A-K-TR;;131.890.000;169.200.000;;;0.000000;YES;
J1;ERM6-30-01.5-L-DV-A-K-TR;SAMTEC_ERM6-30-01.5-L-DV-A-K-TR;;131.890.000;43.200.000;;;0.000000;YES;
J1;ERM6-30-01.5-L-DV-A-K-TR;SAMTEC_ERM6-30-01.5-L-DV-A-K-TR;;97.350.000;169.200.000;;;0.000000;YES;
J1;ERM6-30-01.5-L-DV-A-K-TR;SAMTEC_ERM6-30-01.5-L-DV-A-K-TR;;97.350.000;85.200.000;;;0.000000;YES;
J1;ERM6-30-01.5-L-DV-A-K-TR;SAMTEC_ERM6-30-01.5-L-DV-A-K-TR;;28.270.000;85.200.000;;;0.000000;YES;
J1;ERM6-30-01.5-L-DV-A-K-TR;SAMTEC_ERM6-30-01.5-L-DV-A-K-TR;;62.810.000;85.200.000;;;0.000000;YES;
J1;ERM6-30-01.5-L-DV-A-K-TR;SAMTEC_ERM6-30-01.5-L-DV-A-K-TR;;62.810.000;169.200.000;;;0.000000;YES;
J1;ERM6-30-01.5-L-DV-A-K-TR;SAMTEC_ERM6-30-01.5-L-DV-A-K-TR;;62.810.000;127.200.000;;;0.000000;YES;
J1;ERM6-30-01.5-L-DV-A-K-TR;SAMTEC_ERM6-30-01.5-L-DV-A-K-TR;;28.270.000;169.200.000;;;0.000000;YES;
J1;ERM6-30-01.5-L-DV-A-K-TR;SAMTEC_ERM6-30-01.5-L-DV-A-K-TR;;97.350.000;43.200.000;;;0.000000;YES;
J2;ERM6-30-01.5-L-DV-A-K-TR;SAMTEC_ERM6-30-01.5-L-DV-A-K-TR;;131.890.000;53.800.000;;;0.000000;YES;
J2;ERM6-30-01.5-L-DV-A-K-TR;SAMTEC_ERM6-30-01.5-L-DV-A-K-TR;;97.350.000;11.800.000;;;0.000000;YES;
J2;ERM6-30-01.5-L-DV-A-K-TR;SAMTEC_ERM6-30-01.5-L-DV-A-K-TR;;131.890.000;137.800.000;;;0.000000;YES;
J2;ERM6-30-01.5-L-DV-A-K-TR;SAMTEC_ERM6-30-01.5-L-DV-A-K-TR;;28.270.000;11.800.000;;;0.000000;YES;
J2;ERM6-30-01.5-L-DV-A-K-TR;SAMTEC_ERM6-30-01.5-L-DV-A-K-TR;;97.350.000;95.800.000;;;0.000000;YES;
J2;ERM6-30-01.5-L-DV-A-K-TR;SAMTEC_ERM6-30-01.5-L-DV-A-K-TR;;62.810.000;53.800.000;;;0.000000;YES;
J2;ERM6-30-01.5-L-DV-A-K-TR;SAMTEC_ERM6-30-01.5-L-DV-A-K-TR;;131.890.000;11.800.000;;;0.000000;YES;
J2;ERM6-30-01.5-L-DV-A-K-TR;SAMTEC_ERM6-30-01.5-L-DV-A-K-TR;;28.270.000;95.800.000;;;0.000000;YES;
J2;ERM6-30-01.5-L-DV-A-K-TR;SAMTEC_ERM6-30-01.5-L-DV-A-K-TR;;62.810.000;11.800.000;;;0.000000;YES;
J2;ERM6-30-01.5-L-DV-A-K-TR;SAMTEC_ERM6-30-01.5-L-DV-A-K-TR;;97.350.000;137.800.000;;;0.000000;YES;
J2;ERM6-30-01.5-L-DV-A-K-TR;SAMTEC_ERM6-30-01.5-L-DV-A-K-TR;;62.810.000;95.800.000;;;0.000000;YES;
J2;ERM6-30-01.5-L-DV-A-K-TR;SAMTEC_ERM6-30-01.5-L-DV-A-K-TR;;131.890.000;95.800.000;;;0.000000;YES;
J2;ERM6-30-01.5-L-DV-A-K-TR;SAMTEC_ERM6-30-01.5-L-DV-A-K-TR;;97.350.000;53.800.000;;;0.000000;YES;
J2;ERM6-30-01.5-L-DV-A-K-TR;SAMTEC_ERM6-30-01.5-L-DV-A-K-TR;;28.270.000;137.800.000;;;0.000000;YES;
J2;ERM6-30-01.5-L-DV-A-K-TR;SAMTEC_ERM6-30-01.5-L-DV-A-K-TR;;28.270.000;53.800.000;;;0.000000;YES;
J2;ERM6-30-01.5-L-DV-A-K-TR;SAMTEC_ERM6-30-01.5-L-DV-A-K-TR;;62.810.000;137.800.000;;;0.000000;YES;
R1;1k;R_0201_0603Metric;;43.557.100;65.337.900;;;270.000.000;YES;
R1;1k;R_0201_0603Metric;;78.097.100;23.337.900;;;270.000.000;YES;
R1;1k;R_0201_0603Metric;;78.097.100;149.337.900;;;270.000.000;YES;
R1;1k;R_0201_0603Metric;;112.637.100;107.337.900;;;270.000.000;YES;
R1;1k;R_0201_0603Metric;;43.557.100;23.337.900;;;270.000.000;YES;
R1;1k;R_0201_0603Metric;;112.637.100;149.337.900;;;270.000.000;YES;
R1;1k;R_0201_0603Metric;;147.177.100;107.337.900;;;270.000.000;YES;
R1;1k;R_0201_0603Metric;;147.177.100;65.337.900;;;270.000.000;YES;
R1;1k;R_0201_0603Metric;;78.097.100;65.337.900;;;270.000.000;YES;
R1;1k;R_0201_0603Metric;;78.097.100;107.337.900;;;270.000.000;YES;
R1;1k;R_0201_0603Metric;;43.557.100;149.337.900;;;270.000.000;YES;
R1;1k;R_0201_0603Metric;;147.177.100;23.337.900;;;270.000.000;YES;
R1;1k;R_0201_0603Metric;;112.637.100;23.337.900;;;270.000.000;YES;
R1;1k;R_0201_0603Metric;;147.177.100;149.337.900;;;270.000.000;YES;
R1;1k;R_0201_0603Metric;;112.637.100;65.337.900;;;270.000.000;YES;
R1;1k;R_0201_0603Metric;;43.557.100;107.337.900;;;270.000.000;YES;
R2;1k;R_0201_0603Metric;;12.987.100;75.070.000;;;90.000.000;YES;
R2;1k;R_0201_0603Metric;;47.527.100;33.070.000;;;90.000.000;YES;
R2;1k;R_0201_0603Metric;;82.067.100;75.070.000;;;90.000.000;YES;
R2;1k;R_0201_0603Metric;;82.067.100;33.070.000;;;90.000.000;YES;
R2;1k;R_0201_0603Metric;;47.527.100;159.070.000;;;90.000.000;YES;
R2;1k;R_0201_0603Metric;;116.607.100;117.070.000;;;90.000.000;YES;
R2;1k;R_0201_0603Metric;;12.987.100;33.070.000;;;90.000.000;YES;
R2;1k;R_0201_0603Metric;;82.067.100;117.070.000;;;90.000.000;YES;
R2;1k;R_0201_0603Metric;;116.607.100;75.070.000;;;90.000.000;YES;
R2;1k;R_0201_0603Metric;;12.987.100;159.070.000;;;90.000.000;YES;
R2;1k;R_0201_0603Metric;;47.527.100;117.070.000;;;90.000.000;YES;
R2;1k;R_0201_0603Metric;;116.607.100;33.070.000;;;90.000.000;YES;
R2;1k;R_0201_0603Metric;;82.067.100;159.070.000;;;90.000.000;YES;
R2;1k;R_0201_0603Metric;;116.607.100;159.070.000;;;90.000.000;YES;
R2;1k;R_0201_0603Metric;;12.987.100;117.070.000;;;90.000.000;YES;
R2;1k;R_0201_0603Metric;;47.527.100;75.070.000;;;90.000.000;YES;
R33;150;R_0201_0603Metric;;96.625.000;141.505.000;;;180.000.000;YES;25985
R33;150;R_0201_0603Metric;;27.545.000;15.505.000;;;180.000.000;YES;25985
R33;150;R_0201_0603Metric;;27.545.000;57.505.000;;;180.000.000;YES;25985
R33;150;R_0201_0603Metric;;131.165.000;15.505.000;;;180.000.000;YES;25985
R33;150;R_0201_0603Metric;;96.625.000;15.505.000;;;180.000.000;YES;25985
R33;150;R_0201_0603Metric;;96.625.000;57.505.000;;;180.000.000;YES;25985
R33;150;R_0201_0603Metric;;62.085.000;15.505.000;;;180.000.000;YES;25985
R33;150;R_0201_0603Metric;;62.085.000;57.505.000;;;180.000.000;YES;25985
R33;150;R_0201_0603Metric;;131.165.000;99.505.000;;;180.000.000;YES;25985
R33;150;R_0201_0603Metric;;62.085.000;141.505.000;;;180.000.000;YES;25985
R33;150;R_0201_0603Metric;;131.165.000;57.505.000;;;180.000.000;YES;25985
R33;150;R_0201_0603Metric;;131.165.000;141.505.000;;;180.000.000;YES;25985
R33;150;R_0201_0603Metric;;27.545.000;141.505.000;;;180.000.000;YES;25985
R33;150;R_0201_0603Metric;;96.625.000;99.505.000;;;180.000.000;YES;25985
R33;150;R_0201_0603Metric;;62.085.000;99.505.000;;;180.000.000;YES;25985
R33;150;R_0201_0603Metric;;27.545.000;99.505.000;;;180.000.000;YES;25985
R34;150;R_0201_0603Metric;;49.285.000;61.735.000;;;180.000.000;YES;25985
R34;150;R_0201_0603Metric;;83.825.000;61.735.000;;;180.000.000;YES;25985
R34;150;R_0201_0603Metric;;49.285.000;103.735.000;;;180.000.000;YES;25985
R34;150;R_0201_0603Metric;;83.825.000;19.735.000;;;180.000.000;YES;25985
R34;150;R_0201_0603Metric;;14.745.000;103.735.000;;;180.000.000;YES;25985
R34;150;R_0201_0603Metric;;49.285.000;145.735.000;;;180.000.000;YES;25985
R34;150;R_0201_0603Metric;;118.365.000;19.735.000;;;180.000.000;YES;25985
R34;150;R_0201_0603Metric;;118.365.000;103.735.000;;;180.000.000;YES;25985
R34;150;R_0201_0603Metric;;49.285.000;19.735.000;;;180.000.000;YES;25985
R34;150;R_0201_0603Metric;;118.365.000;61.735.000;;;180.000.000;YES;25985
R34;150;R_0201_0603Metric;;14.745.000;61.735.000;;;180.000.000;YES;25985
R34;150;R_0201_0603Metric;;83.825.000;103.735.000;;;180.000.000;YES;25985
R34;150;R_0201_0603Metric;;118.365.000;145.735.000;;;180.000.000;YES;25985
R34;150;R_0201_0603Metric;;14.745.000;19.735.000;;;180.000.000;YES;25985
R34;150;R_0201_0603Metric;;83.825.000;145.735.000;;;180.000.000;YES;25985
R34;150;R_0201_0603Metric;;14.745.000;145.735.000;;;180.000.000;YES;25985
R35;150;R_0201_0603Metric;;30.745.000;15.505.000;;;180.000.000;YES;25985
R35;150;R_0201_0603Metric;;134.365.000;99.505.000;;;180.000.000;YES;25985
R35;150;R_0201_0603Metric;;65.285.000;15.505.000;;;180.000.000;YES;25985
R35;150;R_0201_0603Metric;;65.285.000;57.505.000;;;180.000.000;YES;25985
R35;150;R_0201_0603Metric;;134.365.000;57.505.000;;;180.000.000;YES;25985
R35;150;R_0201_0603Metric;;99.825.000;99.505.000;;;180.000.000;YES;25985
R35;150;R_0201_0603Metric;;134.365.000;15.505.000;;;180.000.000;YES;25985
R35;150;R_0201_0603Metric;;99.825.000;15.505.000;;;180.000.000;YES;25985
R35;150;R_0201_0603Metric;;134.365.000;141.505.000;;;180.000.000;YES;25985
R35;150;R_0201_0603Metric;;99.825.000;57.505.000;;;180.000.000;YES;25985
R35;150;R_0201_0603Metric;;65.285.000;141.505.000;;;180.000.000;YES;25985
R35;150;R_0201_0603Metric;;30.745.000;141.505.000;;;180.000.000;YES;25985
R35;150;R_0201_0603Metric;;65.285.000;99.505.000;;;180.000.000;YES;25985
R35;150;R_0201_0603Metric;;99.825.000;141.505.000;;;180.000.000;YES;25985
R35;150;R_0201_0603Metric;;30.745.000;99.505.000;;;180.000.000;YES;25985
R35;150;R_0201_0603Metric;;30.745.000;57.505.000;;;180.000.000;YES;25985
R36;150;R_0201_0603Metric;;66.735.000;77.265.000;;;0.000000;YES;25985
R36;150;R_0201_0603Metric;;66.735.000;161.265.000;;;0.000000;YES;25985
R36;150;R_0201_0603Metric;;32.195.000;35.265.000;;;0.000000;YES;25985
R36;150;R_0201_0603Metric;;135.815.000;35.265.000;;;0.000000;YES;25985
R36;150;R_0201_0603Metric;;101.275.000;119.265.000;;;0.000000;YES;25985
R36;150;R_0201_0603Metric;;66.735.000;35.265.000;;;0.000000;YES;25985
R36;150;R_0201_0603Metric;;66.735.000;119.265.000;;;0.000000;YES;25985
R36;150;R_0201_0603Metric;;101.275.000;35.265.000;;;0.000000;YES;25985
R36;150;R_0201_0603Metric;;101.275.000;161.265.000;;;0.000000;YES;25985
R36;150;R_0201_0603Metric;;32.195.000;77.265.000;;;0.000000;YES;25985
R36;150;R_0201_0603Metric;;135.815.000;77.265.000;;;0.000000;YES;25985
R36;150;R_0201_0603Metric;;101.275.000;77.265.000;;;0.000000;YES;25985
R36;150;R_0201_0603Metric;;32.195.000;161.265.000;;;0.000000;YES;25985
R36;150;R_0201_0603Metric;;135.815.000;161.265.000;;;0.000000;YES;25985
R36;150;R_0201_0603Metric;;32.195.000;119.265.000;;;0.000000;YES;25985
R36;150;R_0201_0603Metric;;135.815.000;119.265.000;;;0.000000;YES;25985
R37;150;R_0201_0603Metric;;65.285.000;19.735.000;;;180.000.000;YES;25985
R37;150;R_0201_0603Metric;;134.365.000;103.735.000;;;180.000.000;YES;25985
R37;150;R_0201_0603Metric;;134.365.000;61.735.000;;;180.000.000;YES;25985
R37;150;R_0201_0603Metric;;30.745.000;103.735.000;;;180.000.000;YES;25985
R37;150;R_0201_0603Metric;;30.745.000;145.735.000;;;180.000.000;YES;25985
R37;150;R_0201_0603Metric;;134.365.000;19.735.000;;;180.000.000;YES;25985
R37;150;R_0201_0603Metric;;65.285.000;103.735.000;;;180.000.000;YES;25985
R37;150;R_0201_0603Metric;;30.745.000;19.735.000;;;180.000.000;YES;25985
R37;150;R_0201_0603Metric;;65.285.000;61.735.000;;;180.000.000;YES;25985
R37;150;R_0201_0603Metric;;30.745.000;61.735.000;;;180.000.000;YES;25985
R37;150;R_0201_0603Metric;;99.825.000;61.735.000;;;180.000.000;YES;25985
R37;150;R_0201_0603Metric;;99.825.000;145.735.000;;;180.000.000;YES;25985
R37;150;R_0201_0603Metric;;65.285.000;145.735.000;;;180.000.000;YES;25985
R37;150;R_0201_0603Metric;;99.825.000;103.735.000;;;180.000.000;YES;25985
R37;150;R_0201_0603Metric;;99.825.000;19.735.000;;;180.000.000;YES;25985
R37;150;R_0201_0603Metric;;134.365.000;145.735.000;;;180.000.000;YES;25985
R38;150;R_0201_0603Metric;;17.945.000;141.505.000;;;180.000.000;YES;25985
R38;150;R_0201_0603Metric;;121.565.000;15.505.000;;;180.000.000;YES;25985
R38;150;R_0201_0603Metric;;121.565.000;57.505.000;;;180.000.000;YES;25985
R38;150;R_0201_0603Metric;;17.945.000;99.505.000;;;180.000.000;YES;25985
R38;150;R_0201_0603Metric;;52.485.000;141.505.000;;;180.000.000;YES;25985
R38;150;R_0201_0603Metric;;87.025.000;99.505.000;;;180.000.000;YES;25985
R38;150;R_0201_0603Metric;;87.025.000;15.505.000;;;180.000.000;YES;25985
R38;150;R_0201_0603Metric;;87.025.000;57.505.000;;;180.000.000;YES;25985
R38;150;R_0201_0603Metric;;52.485.000;99.505.000;;;180.000.000;YES;25985
R38;150;R_0201_0603Metric;;121.565.000;99.505.000;;;180.000.000;YES;25985
R38;150;R_0201_0603Metric;;87.025.000;141.505.000;;;180.000.000;YES;25985
R38;150;R_0201_0603Metric;;121.565.000;141.505.000;;;180.000.000;YES;25985
R38;150;R_0201_0603Metric;;17.945.000;15.505.000;;;180.000.000;YES;25985
R38;150;R_0201_0603Metric;;52.485.000;57.505.000;;;180.000.000;YES;25985
R38;150;R_0201_0603Metric;;17.945.000;57.505.000;;;180.000.000;YES;25985
R38;150;R_0201_0603Metric;;52.485.000;15.505.000;;;180.000.000;YES;25985
R39;150;R_0201_0603Metric;;127.965.000;61.735.000;;;180.000.000;YES;25985
R39;150;R_0201_0603Metric;;127.965.000;145.735.000;;;180.000.000;YES;25985
R39;150;R_0201_0603Metric;;58.885.000;103.735.000;;;180.000.000;YES;25985
R39;150;R_0201_0603Metric;;24.345.000;145.735.000;;;180.000.000;YES;25985
R39;150;R_0201_0603Metric;;93.425.000;61.735.000;;;180.000.000;YES;25985
R39;150;R_0201_0603Metric;;93.425.000;19.735.000;;;180.000.000;YES;25985
R39;150;R_0201_0603Metric;;24.345.000;19.735.000;;;180.000.000;YES;25985
R39;150;R_0201_0603Metric;;127.965.000;103.735.000;;;180.000.000;YES;25985
R39;150;R_0201_0603Metric;;24.345.000;61.735.000;;;180.000.000;YES;25985
R39;150;R_0201_0603Metric;;127.965.000;19.735.000;;;180.000.000;YES;25985
R39;150;R_0201_0603Metric;;93.425.000;145.735.000;;;180.000.000;YES;25985
R39;150;R_0201_0603Metric;;58.885.000;145.735.000;;;180.000.000;YES;25985
R39;150;R_0201_0603Metric;;24.345.000;103.735.000;;;180.000.000;YES;25985
R39;150;R_0201_0603Metric;;93.425.000;103.735.000;;;180.000.000;YES;25985
R39;150;R_0201_0603Metric;;58.885.000;61.735.000;;;180.000.000;YES;25985
R39;150;R_0201_0603Metric;;58.885.000;19.735.000;;;180.000.000;YES;25985
R40;150;R_0201_0603Metric;;32.195.000;165.495.000;;;0.000000;YES;25985
R40;150;R_0201_0603Metric;;66.735.000;39.495.000;;;0.000000;YES;25985
R40;150;R_0201_0603Metric;;32.195.000;81.495.000;;;0.000000;YES;25985
R40;150;R_0201_0603Metric;;66.735.000;81.495.000;;;0.000000;YES;25985
R40;150;R_0201_0603Metric;;135.815.000;165.495.000;;;0.000000;YES;25985
R40;150;R_0201_0603Metric;;32.195.000;39.495.000;;;0.000000;YES;25985
R40;150;R_0201_0603Metric;;101.275.000;39.495.000;;;0.000000;YES;25985
R40;150;R_0201_0603Metric;;101.275.000;81.495.000;;;0.000000;YES;25985
R40;150;R_0201_0603Metric;;135.815.000;39.495.000;;;0.000000;YES;25985
R40;150;R_0201_0603Metric;;101.275.000;123.495.000;;;0.000000;YES;25985
R40;150;R_0201_0603Metric;;32.195.000;123.495.000;;;0.000000;YES;25985
R40;150;R_0201_0603Metric;;135.815.000;81.495.000;;;0.000000;YES;25985
R40;150;R_0201_0603Metric;;101.275.000;165.495.000;;;0.000000;YES;25985
R40;150;R_0201_0603Metric;;135.815.000;123.495.000;;;0.000000;YES;25985
R40;150;R_0201_0603Metric;;66.735.000;123.495.000;;;0.000000;YES;25985
R40;150;R_0201_0603Metric;;66.735.000;165.495.000;;;0.000000;YES;25985
R41;150;R_0201_0603Metric;;16.195.000;81.495.000;;;0.000000;YES;25985
R41;150;R_0201_0603Metric;;85.275.000;123.495.000;;;0.000000;YES;25985
R41;150;R_0201_0603Metric;;119.815.000;39.495.000;;;0.000000;YES;25985
R41;150;R_0201_0603Metric;;85.275.000;39.495.000;;;0.000000;YES;25985
R41;150;R_0201_0603Metric;;50.735.000;165.495.000;;;0.000000;YES;25985
R41;150;R_0201_0603Metric;;119.815.000;81.495.000;;;0.000000;YES;25985
R41;150;R_0201_0603Metric;;16.195.000;39.495.000;;;0.000000;YES;25985
R41;150;R_0201_0603Metric;;16.195.000;123.495.000;;;0.000000;YES;25985
R41;150;R_0201_0603Metric;;50.735.000;39.495.000;;;0.000000;YES;25985
R41;150;R_0201_0603Metric;;50.735.000;123.495.000;;;0.000000;YES;25985
R41;150;R_0201_0603Metric;;16.195.000;165.495.000;;;0.000000;YES;25985
R41;150;R_0201_0603Metric;;119.815.000;123.495.000;;;0.000000;YES;25985
R41;150;R_0201_0603Metric;;85.275.000;81.495.000;;;0.000000;YES;25985
R41;150;R_0201_0603Metric;;119.815.000;165.495.000;;;0.000000;YES;25985
R41;150;R_0201_0603Metric;;50.735.000;81.495.000;;;0.000000;YES;25985
R41;150;R_0201_0603Metric;;85.275.000;165.495.000;;;0.000000;YES;25985
R42;150;R_0201_0603Metric;;137.565.000;19.735.000;;;180.000.000;YES;25985
R42;150;R_0201_0603Metric;;137.565.000;61.735.000;;;180.000.000;YES;25985
R42;150;R_0201_0603Metric;;103.025.000;19.735.000;;;180.000.000;YES;25985
R42;150;R_0201_0603Metric;;103.025.000;103.735.000;;;180.000.000;YES;25985
R42;150;R_0201_0603Metric;;68.485.000;19.735.000;;;180.000.000;YES;25985
R42;150;R_0201_0603Metric;;137.565.000;145.735.000;;;180.000.000;YES;25985
R42;150;R_0201_0603Metric;;137.565.000;103.735.000;;;180.000.000;YES;25985
R42;150;R_0201_0603Metric;;33.945.000;103.735.000;;;180.000.000;YES;25985
R42;150;R_0201_0603Metric;;33.945.000;145.735.000;;;180.000.000;YES;25985
R42;150;R_0201_0603Metric;;68.485.000;103.735.000;;;180.000.000;YES;25985
R42;150;R_0201_0603Metric;;33.945.000;19.735.000;;;180.000.000;YES;25985
R42;150;R_0201_0603Metric;;68.485.000;145.735.000;;;180.000.000;YES;25985
R42;150;R_0201_0603Metric;;68.485.000;61.735.000;;;180.000.000;YES;25985
R42;150;R_0201_0603Metric;;33.945.000;61.735.000;;;180.000.000;YES;25985
R42;150;R_0201_0603Metric;;103.025.000;61.735.000;;;180.000.000;YES;25985
R42;150;R_0201_0603Metric;;103.025.000;145.735.000;;;180.000.000;YES;25985
R43;150;R_0201_0603Metric;;98.075.000;119.265.000;;;0.000000;YES;25985
R43;150;R_0201_0603Metric;;63.535.000;35.265.000;;;0.000000;YES;25985
R43;150;R_0201_0603Metric;;98.075.000;161.265.000;;;0.000000;YES;25985
R43;150;R_0201_0603Metric;;63.535.000;119.265.000;;;0.000000;YES;25985
R43;150;R_0201_0603Metric;;132.615.000;35.265.000;;;0.000000;YES;25985
R43;150;R_0201_0603Metric;;132.615.000;77.265.000;;;0.000000;YES;25985
R43;150;R_0201_0603Metric;;63.535.000;77.265.000;;;0.000000;YES;25985
R43;150;R_0201_0603Metric;;132.615.000;119.265.000;;;0.000000;YES;25985
R43;150;R_0201_0603Metric;;28.995.000;35.265.000;;;0.000000;YES;25985
R43;150;R_0201_0603Metric;;28.995.000;119.265.000;;;0.000000;YES;25985
R43;150;R_0201_0603Metric;;132.615.000;161.265.000;;;0.000000;YES;25985
R43;150;R_0201_0603Metric;;98.075.000;77.265.000;;;0.000000;YES;25985
R43;150;R_0201_0603Metric;;28.995.000;77.265.000;;;0.000000;YES;25985
R43;150;R_0201_0603Metric;;98.075.000;35.265.000;;;0.000000;YES;25985
R43;150;R_0201_0603Metric;;63.535.000;161.265.000;;;0.000000;YES;25985
R43;150;R_0201_0603Metric;;28.995.000;161.265.000;;;0.000000;YES;25985
R44;150;R_0201_0603Metric;;76.335.000;119.265.000;;;0.000000;YES;25985
R44;150;R_0201_0603Metric;;41.795.000;77.265.000;;;0.000000;YES;25985
R44;150;R_0201_0603Metric;;110.875.000;35.265.000;;;0.000000;YES;25985
R44;150;R_0201_0603Metric;;110.875.000;119.265.000;;;0.000000;YES;25985
R44;150;R_0201_0603Metric;;145.415.000;119.265.000;;;0.000000;YES;25985
R44;150;R_0201_0603Metric;;145.415.000;35.265.000;;;0.000000;YES;25985
R44;150;R_0201_0603Metric;;41.795.000;119.265.000;;;0.000000;YES;25985
R44;150;R_0201_0603Metric;;76.335.000;77.265.000;;;0.000000;YES;25985
R44;150;R_0201_0603Metric;;41.795.000;161.265.000;;;0.000000;YES;25985
R44;150;R_0201_0603Metric;;110.875.000;77.265.000;;;0.000000;YES;25985
R44;150;R_0201_0603Metric;;145.415.000;161.265.000;;;0.000000;YES;25985
R44;150;R_0201_0603Metric;;145.415.000;77.265.000;;;0.000000;YES;25985
R44;150;R_0201_0603Metric;;76.335.000;35.265.000;;;0.000000;YES;25985
R44;150;R_0201_0603Metric;;110.875.000;161.265.000;;;0.000000;YES;25985
R44;150;R_0201_0603Metric;;41.795.000;35.265.000;;;0.000000;YES;25985
R44;150;R_0201_0603Metric;;76.335.000;161.265.000;;;0.000000;YES;25985
R45;150;R_0201_0603Metric;;124.765.000;19.735.000;;;180.000.000;YES;25985
R45;150;R_0201_0603Metric;;90.225.000;145.735.000;;;180.000.000;YES;25985
R45;150;R_0201_0603Metric;;124.765.000;61.735.000;;;180.000.000;YES;25985
R45;150;R_0201_0603Metric;;55.685.000;19.735.000;;;180.000.000;YES;25985
R45;150;R_0201_0603Metric;;55.685.000;145.735.000;;;180.000.000;YES;25985
R45;150;R_0201_0603Metric;;124.765.000;145.735.000;;;180.000.000;YES;25985
R45;150;R_0201_0603Metric;;21.145.000;145.735.000;;;180.000.000;YES;25985
R45;150;R_0201_0603Metric;;90.225.000;19.735.000;;;180.000.000;YES;25985
R45;150;R_0201_0603Metric;;90.225.000;61.735.000;;;180.000.000;YES;25985
R45;150;R_0201_0603Metric;;21.145.000;103.735.000;;;180.000.000;YES;25985
R45;150;R_0201_0603Metric;;21.145.000;61.735.000;;;180.000.000;YES;25985
R45;150;R_0201_0603Metric;;55.685.000;61.735.000;;;180.000.000;YES;25985
R45;150;R_0201_0603Metric;;21.145.000;19.735.000;;;180.000.000;YES;25985
R45;150;R_0201_0603Metric;;55.685.000;103.735.000;;;180.000.000;YES;25985
R45;150;R_0201_0603Metric;;124.765.000;103.735.000;;;180.000.000;YES;25985
R45;150;R_0201_0603Metric;;90.225.000;103.735.000;;;180.000.000;YES;25985
R46;150;R_0201_0603Metric;;94.875.000;165.495.000;;;0.000000;YES;25985
R46;150;R_0201_0603Metric;;94.875.000;81.495.000;;;0.000000;YES;25985
R46;150;R_0201_0603Metric;;25.795.000;81.495.000;;;0.000000;YES;25985
R46;150;R_0201_0603Metric;;25.795.000;123.495.000;;;0.000000;YES;25985
R46;150;R_0201_0603Metric;;129.415.000;81.495.000;;;0.000000;YES;25985
R46;150;R_0201_0603Metric;;60.335.000;165.495.000;;;0.000000;YES;25985
R46;150;R_0201_0603Metric;;129.415.000;39.495.000;;;0.000000;YES;25985
R46;150;R_0201_0603Metric;;60.335.000;81.495.000;;;0.000000;YES;25985
R46;150;R_0201_0603Metric;;25.795.000;165.495.000;;;0.000000;YES;25985
R46;150;R_0201_0603Metric;;25.795.000;39.495.000;;;0.000000;YES;25985
R46;150;R_0201_0603Metric;;60.335.000;39.495.000;;;0.000000;YES;25985
R46;150;R_0201_0603Metric;;94.875.000;39.495.000;;;0.000000;YES;25985
R46;150;R_0201_0603Metric;;129.415.000;165.495.000;;;0.000000;YES;25985
R46;150;R_0201_0603Metric;;60.335.000;123.495.000;;;0.000000;YES;25985
R46;150;R_0201_0603Metric;;129.415.000;123.495.000;;;0.000000;YES;25985
R46;150;R_0201_0603Metric;;94.875.000;123.495.000;;;0.000000;YES;25985
R47;150;R_0201_0603Metric;;69.935.000;161.265.000;;;0.000000;YES;25985
R47;150;R_0201_0603Metric;;69.935.000;35.265.000;;;0.000000;YES;25985
R47;150;R_0201_0603Metric;;104.475.000;119.265.000;;;0.000000;YES;25985
R47;150;R_0201_0603Metric;;35.395.000;35.265.000;;;0.000000;YES;25985
R47;150;R_0201_0603Metric;;104.475.000;35.265.000;;;0.000000;YES;25985
R47;150;R_0201_0603Metric;;139.015.000;77.265.000;;;0.000000;YES;25985
R47;150;R_0201_0603Metric;;139.015.000;119.265.000;;;0.000000;YES;25985
R47;150;R_0201_0603Metric;;35.395.000;119.265.000;;;0.000000;YES;25985
R47;150;R_0201_0603Metric;;35.395.000;161.265.000;;;0.000000;YES;25985
R47;150;R_0201_0603Metric;;35.395.000;77.265.000;;;0.000000;YES;25985
R47;150;R_0201_0603Metric;;104.475.000;161.265.000;;;0.000000;YES;25985
R47;150;R_0201_0603Metric;;139.015.000;161.265.000;;;0.000000;YES;25985
R47;150;R_0201_0603Metric;;69.935.000;119.265.000;;;0.000000;YES;25985
R47;150;R_0201_0603Metric;;139.015.000;35.265.000;;;0.000000;YES;25985
R47;150;R_0201_0603Metric;;69.935.000;77.265.000;;;0.000000;YES;25985
R47;150;R_0201_0603Metric;;104.475.000;77.265.000;;;0.000000;YES;25985
R48;150;R_0201_0603Metric;;25.795.000;77.265.000;;;0.000000;YES;25985
R48;150;R_0201_0603Metric;;25.795.000;119.265.000;;;0.000000;YES;25985
R48;150;R_0201_0603Metric;;94.875.000;77.265.000;;;0.000000;YES;25985
R48;150;R_0201_0603Metric;;25.795.000;35.265.000;;;0.000000;YES;25985
R48;150;R_0201_0603Metric;;129.415.000;35.265.000;;;0.000000;YES;25985
R48;150;R_0201_0603Metric;;25.795.000;161.265.000;;;0.000000;YES;25985
R48;150;R_0201_0603Metric;;129.415.000;119.265.000;;;0.000000;YES;25985
R48;150;R_0201_0603Metric;;94.875.000;119.265.000;;;0.000000;YES;25985
R48;150;R_0201_0603Metric;;94.875.000;35.265.000;;;0.000000;YES;25985
R48;150;R_0201_0603Metric;;94.875.000;161.265.000;;;0.000000;YES;25985
R48;150;R_0201_0603Metric;;60.335.000;77.265.000;;;0.000000;YES;25985
R48;150;R_0201_0603Metric;;60.335.000;161.265.000;;;0.000000;YES;25985
R48;150;R_0201_0603Metric;;129.415.000;77.265.000;;;0.000000;YES;25985
R48;150;R_0201_0603Metric;;60.335.000;35.265.000;;;0.000000;YES;25985
R48;150;R_0201_0603Metric;;60.335.000;119.265.000;;;0.000000;YES;25985
R48;150;R_0201_0603Metric;;129.415.000;161.265.000;;;0.000000;YES;25985
R49;150;R_0201_0603Metric;;76.335.000;123.495.000;;;0.000000;YES;25985
R49;150;R_0201_0603Metric;;145.415.000;123.495.000;;;0.000000;YES;25985
R49;150;R_0201_0603Metric;;110.875.000;165.495.000;;;0.000000;YES;25985
R49;150;R_0201_0603Metric;;76.335.000;39.495.000;;;0.000000;YES;25985
R49;150;R_0201_0603Metric;;110.875.000;39.495.000;;;0.000000;YES;25985
R49;150;R_0201_0603Metric;;145.415.000;39.495.000;;;0.000000;YES;25985
R49;150;R_0201_0603Metric;;41.795.000;123.495.000;;;0.000000;YES;25985
R49;150;R_0201_0603Metric;;110.875.000;81.495.000;;;0.000000;YES;25985
R49;150;R_0201_0603Metric;;41.795.000;39.495.000;;;0.000000;YES;25985
R49;150;R_0201_0603Metric;;41.795.000;81.495.000;;;0.000000;YES;25985
R49;150;R_0201_0603Metric;;145.415.000;165.495.000;;;0.000000;YES;25985
R49;150;R_0201_0603Metric;;110.875.000;123.495.000;;;0.000000;YES;25985
R49;150;R_0201_0603Metric;;76.335.000;165.495.000;;;0.000000;YES;25985
R49;150;R_0201_0603Metric;;145.415.000;81.495.000;;;0.000000;YES;25985
R49;150;R_0201_0603Metric;;41.795.000;165.495.000;;;0.000000;YES;25985
R49;150;R_0201_0603Metric;;76.335.000;81.495.000;;;0.000000;YES;25985
R50;150;R_0201_0603Metric;;50.735.000;77.265.000;;;0.000000;YES;25985
R50;150;R_0201_0603Metric;;16.195.000;35.265.000;;;0.000000;YES;25985
R50;150;R_0201_0603Metric;;16.195.000;77.265.000;;;0.000000;YES;25985
R50;150;R_0201_0603Metric;;119.815.000;161.265.000;;;0.000000;YES;25985
R50;150;R_0201_0603Metric;;119.815.000;35.265.000;;;0.000000;YES;25985
R50;150;R_0201_0603Metric;;50.735.000;119.265.000;;;0.000000;YES;25985
R50;150;R_0201_0603Metric;;50.735.000;161.265.000;;;0.000000;YES;25985
R50;150;R_0201_0603Metric;;16.195.000;119.265.000;;;0.000000;YES;25985
R50;150;R_0201_0603Metric;;119.815.000;77.265.000;;;0.000000;YES;25985
R50;150;R_0201_0603Metric;;85.275.000;35.265.000;;;0.000000;YES;25985
R50;150;R_0201_0603Metric;;85.275.000;119.265.000;;;0.000000;YES;25985
R50;150;R_0201_0603Metric;;16.195.000;161.265.000;;;0.000000;YES;25985
R50;150;R_0201_0603Metric;;85.275.000;77.265.000;;;0.000000;YES;25985
R50;150;R_0201_0603Metric;;85.275.000;161.265.000;;;0.000000;YES;25985
R50;150;R_0201_0603Metric;;50.735.000;35.265.000;;;0.000000;YES;25985
R50;150;R_0201_0603Metric;;119.815.000;119.265.000;;;0.000000;YES;25985
R51;150;R_0201_0603Metric;;55.685.000;15.505.000;;;180.000.000;YES;25985
R51;150;R_0201_0603Metric;;21.145.000;99.505.000;;;180.000.000;YES;25985
R51;150;R_0201_0603Metric;;21.145.000;141.505.000;;;180.000.000;YES;25985
R51;150;R_0201_0603Metric;;90.225.000;15.505.000;;;180.000.000;YES;25985
R51;150;R_0201_0603Metric;;55.685.000;99.505.000;;;180.000.000;YES;25985
R51;150;R_0201_0603Metric;;124.765.000;57.505.000;;;180.000.000;YES;25985
R51;150;R_0201_0603Metric;;55.685.000;141.505.000;;;180.000.000;YES;25985
R51;150;R_0201_0603Metric;;90.225.000;99.505.000;;;180.000.000;YES;25985
R51;150;R_0201_0603Metric;;124.765.000;15.505.000;;;180.000.000;YES;25985
R51;150;R_0201_0603Metric;;124.765.000;141.505.000;;;180.000.000;YES;25985
R51;150;R_0201_0603Metric;;90.225.000;141.505.000;;;180.000.000;YES;25985
R51;150;R_0201_0603Metric;;124.765.000;99.505.000;;;180.000.000;YES;25985
R51;150;R_0201_0603Metric;;90.225.000;57.505.000;;;180.000.000;YES;25985
R51;150;R_0201_0603Metric;;21.145.000;57.505.000;;;180.000.000;YES;25985
R51;150;R_0201_0603Metric;;21.145.000;15.505.000;;;180.000.000;YES;25985
R51;150;R_0201_0603Metric;;55.685.000;57.505.000;;;180.000.000;YES;25985
R52;150;R_0201_0603Metric;;57.135.000;161.265.000;;;0.000000;YES;25985
R52;150;R_0201_0603Metric;;91.675.000;35.265.000;;;0.000000;YES;25985
R52;150;R_0201_0603Metric;;22.595.000;35.265.000;;;0.000000;YES;25985
R52;150;R_0201_0603Metric;;22.595.000;119.265.000;;;0.000000;YES;25985
R52;150;R_0201_0603Metric;;57.135.000;119.265.000;;;0.000000;YES;25985
R52;150;R_0201_0603Metric;;22.595.000;77.265.000;;;0.000000;YES;25985
R52;150;R_0201_0603Metric;;126.215.000;35.265.000;;;0.000000;YES;25985
R52;150;R_0201_0603Metric;;91.675.000;119.265.000;;;0.000000;YES;25985
R52;150;R_0201_0603Metric;;126.215.000;77.265.000;;;0.000000;YES;25985
R52;150;R_0201_0603Metric;;91.675.000;77.265.000;;;0.000000;YES;25985
R52;150;R_0201_0603Metric;;57.135.000;77.265.000;;;0.000000;YES;25985
R52;150;R_0201_0603Metric;;57.135.000;35.265.000;;;0.000000;YES;25985
R52;150;R_0201_0603Metric;;126.215.000;119.265.000;;;0.000000;YES;25985
R52;150;R_0201_0603Metric;;126.215.000;161.265.000;;;0.000000;YES;25985
R52;150;R_0201_0603Metric;;91.675.000;161.265.000;;;0.000000;YES;25985
R52;150;R_0201_0603Metric;;22.595.000;161.265.000;;;0.000000;YES;25985
R53;150;R_0201_0603Metric;;19.395.000;35.265.000;;;0.000000;YES;25985
R53;150;R_0201_0603Metric;;123.015.000;119.265.000;;;0.000000;YES;25985
R53;150;R_0201_0603Metric;;88.475.000;77.265.000;;;0.000000;YES;25985
R53;150;R_0201_0603Metric;;19.395.000;77.265.000;;;0.000000;YES;25985
R53;150;R_0201_0603Metric;;123.015.000;161.265.000;;;0.000000;YES;25985
R53;150;R_0201_0603Metric;;53.935.000;77.265.000;;;0.000000;YES;25985
R53;150;R_0201_0603Metric;;19.395.000;119.265.000;;;0.000000;YES;25985
R53;150;R_0201_0603Metric;;53.935.000;119.265.000;;;0.000000;YES;25985
R53;150;R_0201_0603Metric;;88.475.000;35.265.000;;;0.000000;YES;25985
R53;150;R_0201_0603Metric;;123.015.000;35.265.000;;;0.000000;YES;25985
R53;150;R_0201_0603Metric;;88.475.000;161.265.000;;;0.000000;YES;25985
R53;150;R_0201_0603Metric;;53.935.000;35.265.000;;;0.000000;YES;25985
R53;150;R_0201_0603Metric;;123.015.000;77.265.000;;;0.000000;YES;25985
R53;150;R_0201_0603Metric;;88.475.000;119.265.000;;;0.000000;YES;25985
R53;150;R_0201_0603Metric;;19.395.000;161.265.000;;;0.000000;YES;25985
R53;150;R_0201_0603Metric;;53.935.000;161.265.000;;;0.000000;YES;25985
R54;150;R_0201_0603Metric;;93.425.000;141.505.000;;;180.000.000;YES;25985
R54;150;R_0201_0603Metric;;93.425.000;15.505.000;;;180.000.000;YES;25985
R54;150;R_0201_0603Metric;;24.345.000;99.505.000;;;180.000.000;YES;25985
R54;150;R_0201_0603Metric;;58.885.000;141.505.000;;;180.000.000;YES;25985
R54;150;R_0201_0603Metric;;127.965.000;99.505.000;;;180.000.000;YES;25985
R54;150;R_0201_0603Metric;;58.885.000;57.505.000;;;180.000.000;YES;25985
R54;150;R_0201_0603Metric;;24.345.000;57.505.000;;;180.000.000;YES;25985
R54;150;R_0201_0603Metric;;127.965.000;57.505.000;;;180.000.000;YES;25985
R54;150;R_0201_0603Metric;;93.425.000;57.505.000;;;180.000.000;YES;25985
R54;150;R_0201_0603Metric;;127.965.000;15.505.000;;;180.000.000;YES;25985
R54;150;R_0201_0603Metric;;58.885.000;15.505.000;;;180.000.000;YES;25985
R54;150;R_0201_0603Metric;;127.965.000;141.505.000;;;180.000.000;YES;25985
R54;150;R_0201_0603Metric;;93.425.000;99.505.000;;;180.000.000;YES;25985
R54;150;R_0201_0603Metric;;58.885.000;99.505.000;;;180.000.000;YES;25985
R54;150;R_0201_0603Metric;;24.345.000;15.505.000;;;180.000.000;YES;25985
R54;150;R_0201_0603Metric;;24.345.000;141.505.000;;;180.000.000;YES;25985
R55;150;R_0201_0603Metric;;22.595.000;39.495.000;;;0.000000;YES;25985
R55;150;R_0201_0603Metric;;91.675.000;81.495.000;;;0.000000;YES;25985
R55;150;R_0201_0603Metric;;22.595.000;81.495.000;;;0.000000;YES;25985
R55;150;R_0201_0603Metric;;126.215.000;81.495.000;;;0.000000;YES;25985
R55;150;R_0201_0603Metric;;126.215.000;39.495.000;;;0.000000;YES;25985
R55;150;R_0201_0603Metric;;91.675.000;165.495.000;;;0.000000;YES;25985
R55;150;R_0201_0603Metric;;22.595.000;123.495.000;;;0.000000;YES;25985
R55;150;R_0201_0603Metric;;57.135.000;81.495.000;;;0.000000;YES;25985
R55;150;R_0201_0603Metric;;57.135.000;165.495.000;;;0.000000;YES;25985
R55;150;R_0201_0603Metric;;22.595.000;165.495.000;;;0.000000;YES;25985
R55;150;R_0201_0603Metric;;126.215.000;123.495.000;;;0.000000;YES;25985
R55;150;R_0201_0603Metric;;91.675.000;123.495.000;;;0.000000;YES;25985
R55;150;R_0201_0603Metric;;126.215.000;165.495.000;;;0.000000;YES;25985
R55;150;R_0201_0603Metric;;91.675.000;39.495.000;;;0.000000;YES;25985
R55;150;R_0201_0603Metric;;57.135.000;39.495.000;;;0.000000;YES;25985
R55;150;R_0201_0603Metric;;57.135.000;123.495.000;;;0.000000;YES;25985
R56;150;R_0201_0603Metric;;37.145.000;103.735.000;;;180.000.000;YES;25985
R56;150;R_0201_0603Metric;;106.225.000;61.735.000;;;180.000.000;YES;25985
R56;150;R_0201_0603Metric;;37.145.000;145.735.000;;;180.000.000;YES;25985
R56;150;R_0201_0603Metric;;37.145.000;61.735.000;;;180.000.000;YES;25985
R56;150;R_0201_0603Metric;;37.145.000;19.735.000;;;180.000.000;YES;25985
R56;150;R_0201_0603Metric;;71.685.000;19.735.000;;;180.000.000;YES;25985
R56;150;R_0201_0603Metric;;71.685.000;145.735.000;;;180.000.000;YES;25985
R56;150;R_0201_0603Metric;;140.765.000;145.735.000;;;180.000.000;YES;25985
R56;150;R_0201_0603Metric;;106.225.000;103.735.000;;;180.000.000;YES;25985
R56;150;R_0201_0603Metric;;71.685.000;61.735.000;;;180.000.000;YES;25985
R56;150;R_0201_0603Metric;;71.685.000;103.735.000;;;180.000.000;YES;25985
R56;150;R_0201_0603Metric;;140.765.000;61.735.000;;;180.000.000;YES;25985
R56;150;R_0201_0603Metric;;106.225.000;145.735.000;;;180.000.000;YES;25985
R56;150;R_0201_0603Metric;;140.765.000;103.735.000;;;180.000.000;YES;25985
R56;150;R_0201_0603Metric;;140.765.000;19.735.000;;;180.000.000;YES;25985
R56;150;R_0201_0603Metric;;106.225.000;19.735.000;;;180.000.000;YES;25985
R57;150;R_0201_0603Metric;;74.885.000;61.735.000;;;180.000.000;YES;25985
R57;150;R_0201_0603Metric;;109.425.000;103.735.000;;;180.000.000;YES;25985
R57;150;R_0201_0603Metric;;143.965.000;103.735.000;;;180.000.000;YES;25985
R57;150;R_0201_0603Metric;;74.885.000;19.735.000;;;180.000.000;YES;25985
R57;150;R_0201_0603Metric;;109.425.000;145.735.000;;;180.000.000;YES;25985
R57;150;R_0201_0603Metric;;109.425.000;61.735.000;;;180.000.000;YES;25985
R57;150;R_0201_0603Metric;;143.965.000;61.735.000;;;180.000.000;YES;25985
R57;150;R_0201_0603Metric;;74.885.000;103.735.000;;;180.000.000;YES;25985
R57;150;R_0201_0603Metric;;40.345.000;19.735.000;;;180.000.000;YES;25985
R57;150;R_0201_0603Metric;;40.345.000;103.735.000;;;180.000.000;YES;25985
R57;150;R_0201_0603Metric;;40.345.000;61.735.000;;;180.000.000;YES;25985
R57;150;R_0201_0603Metric;;40.345.000;145.735.000;;;180.000.000;YES;25985
R57;150;R_0201_0603Metric;;109.425.000;19.735.000;;;180.000.000;YES;25985
R57;150;R_0201_0603Metric;;74.885.000;145.735.000;;;180.000.000;YES;25985
R57;150;R_0201_0603Metric;;143.965.000;145.735.000;;;180.000.000;YES;25985
R57;150;R_0201_0603Metric;;143.965.000;19.735.000;;;180.000.000;YES;25985
R58;150;R_0201_0603Metric;;52.485.000;61.735.000;;;180.000.000;YES;25985
R58;150;R_0201_0603Metric;;121.565.000;103.735.000;;;180.000.000;YES;25985
R58;150;R_0201_0603Metric;;121.565.000;145.735.000;;;180.000.000;YES;25985
R58;150;R_0201_0603Metric;;17.945.000;19.735.000;;;180.000.000;YES;25985
R58;150;R_0201_0603Metric;;121.565.000;61.735.000;;;180.000.000;YES;25985
R58;150;R_0201_0603Metric;;121.565.000;19.735.000;;;180.000.000;YES;25985
R58;150;R_0201_0603Metric;;17.945.000;145.735.000;;;180.000.000;YES;25985
R58;150;R_0201_0603Metric;;52.485.000;145.735.000;;;180.000.000;YES;25985
R58;150;R_0201_0603Metric;;87.025.000;103.735.000;;;180.000.000;YES;25985
R58;150;R_0201_0603Metric;;87.025.000;19.735.000;;;180.000.000;YES;25985
R58;150;R_0201_0603Metric;;87.025.000;145.735.000;;;180.000.000;YES;25985
R58;150;R_0201_0603Metric;;52.485.000;19.735.000;;;180.000.000;YES;25985
R58;150;R_0201_0603Metric;;87.025.000;61.735.000;;;180.000.000;YES;25985
R58;150;R_0201_0603Metric;;52.485.000;103.735.000;;;180.000.000;YES;25985
R58;150;R_0201_0603Metric;;17.945.000;103.735.000;;;180.000.000;YES;25985
R58;150;R_0201_0603Metric;;17.945.000;61.735.000;;;180.000.000;YES;25985
R59;150;R_0201_0603Metric;;35.395.000;123.495.000;;;0.000000;YES;25985
R59;150;R_0201_0603Metric;;104.475.000;39.495.000;;;0.000000;YES;25985
R59;150;R_0201_0603Metric;;139.015.000;123.495.000;;;0.000000;YES;25985
R59;150;R_0201_0603Metric;;139.015.000;81.495.000;;;0.000000;YES;25985
R59;150;R_0201_0603Metric;;69.935.000;81.495.000;;;0.000000;YES;25985
R59;150;R_0201_0603Metric;;69.935.000;123.495.000;;;0.000000;YES;25985
R59;150;R_0201_0603Metric;;104.475.000;123.495.000;;;0.000000;YES;25985
R59;150;R_0201_0603Metric;;139.015.000;39.495.000;;;0.000000;YES;25985
R59;150;R_0201_0603Metric;;69.935.000;39.495.000;;;0.000000;YES;25985
R59;150;R_0201_0603Metric;;69.935.000;165.495.000;;;0.000000;YES;25985
R59;150;R_0201_0603Metric;;35.395.000;165.495.000;;;0.000000;YES;25985
R59;150;R_0201_0603Metric;;35.395.000;39.495.000;;;0.000000;YES;25985
R59;150;R_0201_0603Metric;;35.395.000;81.495.000;;;0.000000;YES;25985
R59;150;R_0201_0603Metric;;139.015.000;165.495.000;;;0.000000;YES;25985
R59;150;R_0201_0603Metric;;104.475.000;165.495.000;;;0.000000;YES;25985
R59;150;R_0201_0603Metric;;104.475.000;81.495.000;;;0.000000;YES;25985
R60;150;R_0201_0603Metric;;28.995.000;81.495.000;;;0.000000;YES;25985
R60;150;R_0201_0603Metric;;63.535.000;123.495.000;;;0.000000;YES;25985
R60;150;R_0201_0603Metric;;132.615.000;165.495.000;;;0.000000;YES;25985
R60;150;R_0201_0603Metric;;98.075.000;81.495.000;;;0.000000;YES;25985
R60;150;R_0201_0603Metric;;28.995.000;39.495.000;;;0.000000;YES;25985
R60;150;R_0201_0603Metric;;98.075.000;39.495.000;;;0.000000;YES;25985
R60;150;R_0201_0603Metric;;132.615.000;39.495.000;;;0.000000;YES;25985
R60;150;R_0201_0603Metric;;132.615.000;81.495.000;;;0.000000;YES;25985
R60;150;R_0201_0603Metric;;132.615.000;123.495.000;;;0.000000;YES;25985
R60;150;R_0201_0603Metric;;63.535.000;81.495.000;;;0.000000;YES;25985
R60;150;R_0201_0603Metric;;98.075.000;165.495.000;;;0.000000;YES;25985
R60;150;R_0201_0603Metric;;63.535.000;39.495.000;;;0.000000;YES;25985
R60;150;R_0201_0603Metric;;63.535.000;165.495.000;;;0.000000;YES;25985
R60;150;R_0201_0603Metric;;28.995.000;165.495.000;;;0.000000;YES;25985
R60;150;R_0201_0603Metric;;28.995.000;123.495.000;;;0.000000;YES;25985
R60;150;R_0201_0603Metric;;98.075.000;123.495.000;;;0.000000;YES;25985
R61;150;R_0201_0603Metric;;142.215.000;161.265.000;;;0.000000;YES;25985
R61;150;R_0201_0603Metric;;107.675.000;161.265.000;;;0.000000;YES;25985
R61;150;R_0201_0603Metric;;38.595.000;77.265.000;;;0.000000;YES;25985
R61;150;R_0201_0603Metric;;142.215.000;35.265.000;;;0.000000;YES;25985
R61;150;R_0201_0603Metric;;107.675.000;35.265.000;;;0.000000;YES;25985
R61;150;R_0201_0603Metric;;73.135.000;35.265.000;;;0.000000;YES;25985
R61;150;R_0201_0603Metric;;38.595.000;119.265.000;;;0.000000;YES;25985
R61;150;R_0201_0603Metric;;73.135.000;119.265.000;;;0.000000;YES;25985
R61;150;R_0201_0603Metric;;107.675.000;119.265.000;;;0.000000;YES;25985
R61;150;R_0201_0603Metric;;38.595.000;35.265.000;;;0.000000;YES;25985
R61;150;R_0201_0603Metric;;73.135.000;161.265.000;;;0.000000;YES;25985
R61;150;R_0201_0603Metric;;142.215.000;119.265.000;;;0.000000;YES;25985
R61;150;R_0201_0603Metric;;73.135.000;77.265.000;;;0.000000;YES;25985
R61;150;R_0201_0603Metric;;142.215.000;77.265.000;;;0.000000;YES;25985
R61;150;R_0201_0603Metric;;107.675.000;77.265.000;;;0.000000;YES;25985
R61;150;R_0201_0603Metric;;38.595.000;161.265.000;;;0.000000;YES;25985
R62;150;R_0201_0603Metric;;71.685.000;15.505.000;;;180.000.000;YES;25985
R62;150;R_0201_0603Metric;;37.145.000;57.505.000;;;180.000.000;YES;25985
R62;150;R_0201_0603Metric;;37.145.000;141.505.000;;;180.000.000;YES;25985
R62;150;R_0201_0603Metric;;37.145.000;99.505.000;;;180.000.000;YES;25985
R62;150;R_0201_0603Metric;;140.765.000;99.505.000;;;180.000.000;YES;25985
R62;150;R_0201_0603Metric;;106.225.000;99.505.000;;;180.000.000;YES;25985
R62;150;R_0201_0603Metric;;140.765.000;15.505.000;;;180.000.000;YES;25985
R62;150;R_0201_0603Metric;;71.685.000;99.505.000;;;180.000.000;YES;25985
R62;150;R_0201_0603Metric;;106.225.000;141.505.000;;;180.000.000;YES;25985
R62;150;R_0201_0603Metric;;106.225.000;57.505.000;;;180.000.000;YES;25985
R62;150;R_0201_0603Metric;;140.765.000;57.505.000;;;180.000.000;YES;25985
R62;150;R_0201_0603Metric;;37.145.000;15.505.000;;;180.000.000;YES;25985
R62;150;R_0201_0603Metric;;71.685.000;57.505.000;;;180.000.000;YES;25985
R62;150;R_0201_0603Metric;;71.685.000;141.505.000;;;180.000.000;YES;25985
R62;150;R_0201_0603Metric;;106.225.000;15.505.000;;;180.000.000;YES;25985
R62;150;R_0201_0603Metric;;140.765.000;141.505.000;;;180.000.000;YES;25985
R63;150;R_0201_0603Metric;;123.015.000;81.495.000;;;0.000000;YES;25985
R63;150;R_0201_0603Metric;;123.015.000;39.495.000;;;0.000000;YES;25985
R63;150;R_0201_0603Metric;;123.015.000;165.495.000;;;0.000000;YES;25985
R63;150;R_0201_0603Metric;;88.475.000;123.495.000;;;0.000000;YES;25985
R63;150;R_0201_0603Metric;;19.395.000;39.495.000;;;0.000000;YES;25985
R63;150;R_0201_0603Metric;;19.395.000;165.495.000;;;0.000000;YES;25985
R63;150;R_0201_0603Metric;;123.015.000;123.495.000;;;0.000000;YES;25985
R63;150;R_0201_0603Metric;;53.935.000;165.495.000;;;0.000000;YES;25985
R63;150;R_0201_0603Metric;;88.475.000;39.495.000;;;0.000000;YES;25985
R63;150;R_0201_0603Metric;;53.935.000;81.495.000;;;0.000000;YES;25985
R63;150;R_0201_0603Metric;;88.475.000;165.495.000;;;0.000000;YES;25985
R63;150;R_0201_0603Metric;;53.935.000;123.495.000;;;0.000000;YES;25985
R63;150;R_0201_0603Metric;;53.935.000;39.495.000;;;0.000000;YES;25985
R63;150;R_0201_0603Metric;;88.475.000;81.495.000;;;0.000000;YES;25985
R63;150;R_0201_0603Metric;;19.395.000;81.495.000;;;0.000000;YES;25985
R63;150;R_0201_0603Metric;;19.395.000;123.495.000;;;0.000000;YES;25985
R64;150;R_0201_0603Metric;;118.365.000;99.505.000;;;180.000.000;YES;25985
R64;150;R_0201_0603Metric;;14.745.000;57.505.000;;;180.000.000;YES;25985
R64;150;R_0201_0603Metric;;118.365.000;15.505.000;;;180.000.000;YES;25985
R64;150;R_0201_0603Metric;;49.285.000;57.505.000;;;180.000.000;YES;25985
R64;150;R_0201_0603Metric;;14.745.000;99.505.000;;;180.000.000;YES;25985
R64;150;R_0201_0603Metric;;49.285.000;99.505.000;;;180.000.000;YES;25985
R64;150;R_0201_0603Metric;;14.745.000;141.505.000;;;180.000.000;YES;25985
R64;150;R_0201_0603Metric;;118.365.000;57.505.000;;;180.000.000;YES;25985
R64;150;R_0201_0603Metric;;14.745.000;15.505.000;;;180.000.000;YES;25985
R64;150;R_0201_0603Metric;;49.285.000;141.505.000;;;180.000.000;YES;25985
R64;150;R_0201_0603Metric;;83.825.000;141.505.000;;;180.000.000;YES;25985
R64;150;R_0201_0603Metric;;83.825.000;99.505.000;;;180.000.000;YES;25985
R64;150;R_0201_0603Metric;;49.285.000;15.505.000;;;180.000.000;YES;25985
R64;150;R_0201_0603Metric;;83.825.000;57.505.000;;;180.000.000;YES;25985
R64;150;R_0201_0603Metric;;83.825.000;15.505.000;;;180.000.000;YES;25985
R64;150;R_0201_0603Metric;;118.365.000;141.505.000;;;180.000.000;YES;25985
R65;150;R_0201_0603Metric;;73.135.000;165.495.000;;;0.000000;YES;25985
R65;150;R_0201_0603Metric;;38.595.000;123.495.000;;;0.000000;YES;25985
R65;150;R_0201_0603Metric;;142.215.000;39.495.000;;;0.000000;YES;25985
R65;150;R_0201_0603Metric;;38.595.000;81.495.000;;;0.000000;YES;25985
R65;150;R_0201_0603Metric;;107.675.000;123.495.000;;;0.000000;YES;25985
R65;150;R_0201_0603Metric;;107.675.000;81.495.000;;;0.000000;YES;25985
R65;150;R_0201_0603Metric;;38.595.000;39.495.000;;;0.000000;YES;25985
R65;150;R_0201_0603Metric;;142.215.000;123.495.000;;;0.000000;YES;25985
R65;150;R_0201_0603Metric;;107.675.000;165.495.000;;;0.000000;YES;25985
R65;150;R_0201_0603Metric;;73.135.000;81.495.000;;;0.000000;YES;25985
R65;150;R_0201_0603Metric;;73.135.000;123.495.000;;;0.000000;YES;25985
R65;150;R_0201_0603Metric;;38.595.000;165.495.000;;;0.000000;YES;25985
R65;150;R_0201_0603Metric;;142.215.000;81.495.000;;;0.000000;YES;25985
R65;150;R_0201_0603Metric;;142.215.000;165.495.000;;;0.000000;YES;25985
R65;150;R_0201_0603Metric;;107.675.000;39.495.000;;;0.000000;YES;25985
R65;150;R_0201_0603Metric;;73.135.000;39.495.000;;;0.000000;YES;25985
R66;150;R_0201_0603Metric;;40.345.000;57.505.000;;;180.000.000;YES;25985
R66;150;R_0201_0603Metric;;143.965.000;57.505.000;;;180.000.000;YES;25985
R66;150;R_0201_0603Metric;;143.965.000;15.505.000;;;180.000.000;YES;25985
R66;150;R_0201_0603Metric;;109.425.000;99.505.000;;;180.000.000;YES;25985
R66;150;R_0201_0603Metric;;74.885.000;57.505.000;;;180.000.000;YES;25985
R66;150;R_0201_0603Metric;;74.885.000;99.505.000;;;180.000.000;YES;25985
R66;150;R_0201_0603Metric;;40.345.000;15.505.000;;;180.000.000;YES;25985
R66;150;R_0201_0603Metric;;74.885.000;141.505.000;;;180.000.000;YES;25985
R66;150;R_0201_0603Metric;;109.425.000;15.505.000;;;180.000.000;YES;25985
R66;150;R_0201_0603Metric;;109.425.000;141.505.000;;;180.000.000;YES;25985
R66;150;R_0201_0603Metric;;40.345.000;99.505.000;;;180.000.000;YES;25985
R66;150;R_0201_0603Metric;;74.885.000;15.505.000;;;180.000.000;YES;25985
R66;150;R_0201_0603Metric;;143.965.000;99.505.000;;;180.000.000;YES;25985
R66;150;R_0201_0603Metric;;109.425.000;57.505.000;;;180.000.000;YES;25985
R66;150;R_0201_0603Metric;;40.345.000;141.505.000;;;180.000.000;YES;25985
R66;150;R_0201_0603Metric;;143.965.000;141.505.000;;;180.000.000;YES;25985
R67;150;R_0201_0603Metric;;27.545.000;19.735.000;;;180.000.000;YES;25985
R67;150;R_0201_0603Metric;;62.085.000;61.735.000;;;180.000.000;YES;25985
R67;150;R_0201_0603Metric;;131.165.000;103.735.000;;;180.000.000;YES;25985
R67;150;R_0201_0603Metric;;27.545.000;103.735.000;;;180.000.000;YES;25985
R67;150;R_0201_0603Metric;;131.165.000;61.735.000;;;180.000.000;YES;25985
R67;150;R_0201_0603Metric;;96.625.000;61.735.000;;;180.000.000;YES;25985
R67;150;R_0201_0603Metric;;131.165.000;145.735.000;;;180.000.000;YES;25985
R67;150;R_0201_0603Metric;;62.085.000;145.735.000;;;180.000.000;YES;25985
R67;150;R_0201_0603Metric;;62.085.000;103.735.000;;;180.000.000;YES;25985
R67;150;R_0201_0603Metric;;96.625.000;103.735.000;;;180.000.000;YES;25985
R67;150;R_0201_0603Metric;;131.165.000;19.735.000;;;180.000.000;YES;25985
R67;150;R_0201_0603Metric;;27.545.000;145.735.000;;;180.000.000;YES;25985
R67;150;R_0201_0603Metric;;27.545.000;61.735.000;;;180.000.000;YES;25985
R67;150;R_0201_0603Metric;;96.625.000;19.735.000;;;180.000.000;YES;25985
R67;150;R_0201_0603Metric;;96.625.000;145.735.000;;;180.000.000;YES;25985
R67;150;R_0201_0603Metric;;62.085.000;19.735.000;;;180.000.000;YES;25985
R68;150;R_0201_0603Metric;;68.485.000;15.505.000;;;180.000.000;YES;25985
R68;150;R_0201_0603Metric;;103.025.000;15.505.000;;;180.000.000;YES;25985
R68;150;R_0201_0603Metric;;68.485.000;99.505.000;;;180.000.000;YES;25985
R68;150;R_0201_0603Metric;;137.565.000;57.505.000;;;180.000.000;YES;25985
R68;150;R_0201_0603Metric;;68.485.000;141.505.000;;;180.000.000;YES;25985
R68;150;R_0201_0603Metric;;103.025.000;57.505.000;;;180.000.000;YES;25985
R68;150;R_0201_0603Metric;;137.565.000;99.505.000;;;180.000.000;YES;25985
R68;150;R_0201_0603Metric;;137.565.000;141.505.000;;;180.000.000;YES;25985
R68;150;R_0201_0603Metric;;137.565.000;15.505.000;;;180.000.000;YES;25985
R68;150;R_0201_0603Metric;;68.485.000;57.505.000;;;180.000.000;YES;25985
R68;150;R_0201_0603Metric;;103.025.000;99.505.000;;;180.000.000;YES;25985
R68;150;R_0201_0603Metric;;33.945.000;99.505.000;;;180.000.000;YES;25985
R68;150;R_0201_0603Metric;;33.945.000;141.505.000;;;180.000.000;YES;25985
R68;150;R_0201_0603Metric;;33.945.000;57.505.000;;;180.000.000;YES;25985
R68;150;R_0201_0603Metric;;103.025.000;141.505.000;;;180.000.000;YES;25985
R68;150;R_0201_0603Metric;;33.945.000;15.505.000;;;180.000.000;YES;25985
U31;BGA2803;SOT-363_SC-70-6_BGA2803;;62.810.000;17.270.000;;;180.000.000;YES;25584
U31;BGA2803;SOT-363_SC-70-6_BGA2803;;97.350.000;101.270.000;;;180.000.000;YES;25584
U31;BGA2803;SOT-363_SC-70-6_BGA2803;;62.810.000;59.270.000;;;180.000.000;YES;25584
U31;BGA2803;SOT-363_SC-70-6_BGA2803;;28.270.000;143.270.000;;;180.000.000;YES;25584
U31;BGA2803;SOT-363_SC-70-6_BGA2803;;62.810.000;143.270.000;;;180.000.000;YES;25584
U31;BGA2803;SOT-363_SC-70-6_BGA2803;;97.350.000;17.270.000;;;180.000.000;YES;25584
U31;BGA2803;SOT-363_SC-70-6_BGA2803;;97.350.000;59.270.000;;;180.000.000;YES;25584
U31;BGA2803;SOT-363_SC-70-6_BGA2803;;131.890.000;101.270.000;;;180.000.000;YES;25584
U31;BGA2803;SOT-363_SC-70-6_BGA2803;;97.350.000;143.270.000;;;180.000.000;YES;25584
U31;BGA2803;SOT-363_SC-70-6_BGA2803;;62.810.000;101.270.000;;;180.000.000;YES;25584
U31;BGA2803;SOT-363_SC-70-6_BGA2803;;28.270.000;59.270.000;;;180.000.000;YES;25584
U31;BGA2803;SOT-363_SC-70-6_BGA2803;;131.890.000;17.270.000;;;180.000.000;YES;25584
U31;BGA2803;SOT-363_SC-70-6_BGA2803;;131.890.000;143.270.000;;;180.000.000;YES;25584
U31;BGA2803;SOT-363_SC-70-6_BGA2803;;131.890.000;59.270.000;;;180.000.000;YES;25584
U31;BGA2803;SOT-363_SC-70-6_BGA2803;;28.270.000;17.270.000;;;180.000.000;YES;25584
U31;BGA2803;SOT-363_SC-70-6_BGA2803;;28.270.000;101.270.000;;;180.000.000;YES;25584
U32;BGA2803;SOT-363_SC-70-6_BGA2803;;119.090.000;63.500.000;;;180.000.000;YES;25584
U32;BGA2803;SOT-363_SC-70-6_BGA2803;;15.470.000;63.500.000;;;180.000.000;YES;25584
U32;BGA2803;SOT-363_SC-70-6_BGA2803;;84.550.000;105.500.000;;;180.000.000;YES;25584
U32;BGA2803;SOT-363_SC-70-6_BGA2803;;119.090.000;147.500.000;;;180.000.000;YES;25584
U32;BGA2803;SOT-363_SC-70-6_BGA2803;;50.010.000;63.500.000;;;180.000.000;YES;25584
U32;BGA2803;SOT-363_SC-70-6_BGA2803;;50.010.000;21.500.000;;;180.000.000;YES;25584
U32;BGA2803;SOT-363_SC-70-6_BGA2803;;15.470.000;105.500.000;;;180.000.000;YES;25584
U32;BGA2803;SOT-363_SC-70-6_BGA2803;;119.090.000;105.500.000;;;180.000.000;YES;25584
U32;BGA2803;SOT-363_SC-70-6_BGA2803;;119.090.000;21.500.000;;;180.000.000;YES;25584
U32;BGA2803;SOT-363_SC-70-6_BGA2803;;84.550.000;147.500.000;;;180.000.000;YES;25584
U32;BGA2803;SOT-363_SC-70-6_BGA2803;;50.010.000;147.500.000;;;180.000.000;YES;25584
U32;BGA2803;SOT-363_SC-70-6_BGA2803;;15.470.000;147.500.000;;;180.000.000;YES;25584
U32;BGA2803;SOT-363_SC-70-6_BGA2803;;84.550.000;21.500.000;;;180.000.000;YES;25584
U32;BGA2803;SOT-363_SC-70-6_BGA2803;;50.010.000;105.500.000;;;180.000.000;YES;25584
U32;BGA2803;SOT-363_SC-70-6_BGA2803;;15.470.000;21.500.000;;;180.000.000;YES;25584
U32;BGA2803;SOT-363_SC-70-6_BGA2803;;84.550.000;63.500.000;;;180.000.000;YES;25584
U33;BGA2803;SOT-363_SC-70-6_BGA2803;;135.090.000;17.270.000;;;180.000.000;YES;25584
U33;BGA2803;SOT-363_SC-70-6_BGA2803;;100.550.000;101.270.000;;;180.000.000;YES;25584
U33;BGA2803;SOT-363_SC-70-6_BGA2803;;31.470.000;17.270.000;;;180.000.000;YES;25584
U33;BGA2803;SOT-363_SC-70-6_BGA2803;;66.010.000;59.270.000;;;180.000.000;YES;25584
U33;BGA2803;SOT-363_SC-70-6_BGA2803;;135.090.000;59.270.000;;;180.000.000;YES;25584
U33;BGA2803;SOT-363_SC-70-6_BGA2803;;135.090.000;143.270.000;;;180.000.000;YES;25584
U33;BGA2803;SOT-363_SC-70-6_BGA2803;;100.550.000;17.270.000;;;180.000.000;YES;25584
U33;BGA2803;SOT-363_SC-70-6_BGA2803;;135.090.000;101.270.000;;;180.000.000;YES;25584
U33;BGA2803;SOT-363_SC-70-6_BGA2803;;100.550.000;143.270.000;;;180.000.000;YES;25584
U33;BGA2803;SOT-363_SC-70-6_BGA2803;;31.470.000;101.270.000;;;180.000.000;YES;25584
U33;BGA2803;SOT-363_SC-70-6_BGA2803;;31.470.000;59.270.000;;;180.000.000;YES;25584
U33;BGA2803;SOT-363_SC-70-6_BGA2803;;66.010.000;143.270.000;;;180.000.000;YES;25584
U33;BGA2803;SOT-363_SC-70-6_BGA2803;;66.010.000;17.270.000;;;180.000.000;YES;25584
U33;BGA2803;SOT-363_SC-70-6_BGA2803;;66.010.000;101.270.000;;;180.000.000;YES;25584
U33;BGA2803;SOT-363_SC-70-6_BGA2803;;100.550.000;59.270.000;;;180.000.000;YES;25584
U33;BGA2803;SOT-363_SC-70-6_BGA2803;;31.470.000;143.270.000;;;180.000.000;YES;25584
U34;BGA2803;SOT-363_SC-70-6_BGA2803;;135.090.000;33.500.000;;;0.000000;YES;25584
U34;BGA2803;SOT-363_SC-70-6_BGA2803;;66.010.000;117.500.000;;;0.000000;YES;25584
U34;BGA2803;SOT-363_SC-70-6_BGA2803;;135.090.000;117.500.000;;;0.000000;YES;25584
U34;BGA2803;SOT-363_SC-70-6_BGA2803;;31.470.000;75.500.000;;;0.000000;YES;25584
U34;BGA2803;SOT-363_SC-70-6_BGA2803;;100.550.000;159.500.000;;;0.000000;YES;25584
U34;BGA2803;SOT-363_SC-70-6_BGA2803;;100.550.000;117.500.000;;;0.000000;YES;25584
U34;BGA2803;SOT-363_SC-70-6_BGA2803;;100.550.000;75.500.000;;;0.000000;YES;25584
U34;BGA2803;SOT-363_SC-70-6_BGA2803;;66.010.000;33.500.000;;;0.000000;YES;25584
U34;BGA2803;SOT-363_SC-70-6_BGA2803;;135.090.000;159.500.000;;;0.000000;YES;25584
U34;BGA2803;SOT-363_SC-70-6_BGA2803;;31.470.000;159.500.000;;;0.000000;YES;25584
U34;BGA2803;SOT-363_SC-70-6_BGA2803;;31.470.000;33.500.000;;;0.000000;YES;25584
U34;BGA2803;SOT-363_SC-70-6_BGA2803;;100.550.000;33.500.000;;;0.000000;YES;25584
U34;BGA2803;SOT-363_SC-70-6_BGA2803;;31.470.000;117.500.000;;;0.000000;YES;25584
U34;BGA2803;SOT-363_SC-70-6_BGA2803;;66.010.000;75.500.000;;;0.000000;YES;25584
U34;BGA2803;SOT-363_SC-70-6_BGA2803;;66.010.000;159.500.000;;;0.000000;YES;25584
U34;BGA2803;SOT-363_SC-70-6_BGA2803;;135.090.000;75.500.000;;;0.000000;YES;25584
U35;BGA2803;SOT-363_SC-70-6_BGA2803;;135.090.000;105.500.000;;;180.000.000;YES;25584
U35;BGA2803;SOT-363_SC-70-6_BGA2803;;100.550.000;21.500.000;;;180.000.000;YES;25584
U35;BGA2803;SOT-363_SC-70-6_BGA2803;;66.010.000;147.500.000;;;180.000.000;YES;25584
U35;BGA2803;SOT-363_SC-70-6_BGA2803;;31.470.000;105.500.000;;;180.000.000;YES;25584
U35;BGA2803;SOT-363_SC-70-6_BGA2803;;66.010.000;105.500.000;;;180.000.000;YES;25584
U35;BGA2803;SOT-363_SC-70-6_BGA2803;;100.550.000;63.500.000;;;180.000.000;YES;25584
U35;BGA2803;SOT-363_SC-70-6_BGA2803;;135.090.000;63.500.000;;;180.000.000;YES;25584
U35;BGA2803;SOT-363_SC-70-6_BGA2803;;66.010.000;63.500.000;;;180.000.000;YES;25584
U35;BGA2803;SOT-363_SC-70-6_BGA2803;;100.550.000;147.500.000;;;180.000.000;YES;25584
U35;BGA2803;SOT-363_SC-70-6_BGA2803;;31.470.000;21.500.000;;;180.000.000;YES;25584
U35;BGA2803;SOT-363_SC-70-6_BGA2803;;66.010.000;21.500.000;;;180.000.000;YES;25584
U35;BGA2803;SOT-363_SC-70-6_BGA2803;;31.470.000;147.500.000;;;180.000.000;YES;25584
U35;BGA2803;SOT-363_SC-70-6_BGA2803;;100.550.000;105.500.000;;;180.000.000;YES;25584
U35;BGA2803;SOT-363_SC-70-6_BGA2803;;31.470.000;63.500.000;;;180.000.000;YES;25584
U35;BGA2803;SOT-363_SC-70-6_BGA2803;;135.090.000;147.500.000;;;180.000.000;YES;25584
U35;BGA2803;SOT-363_SC-70-6_BGA2803;;135.090.000;21.500.000;;;180.000.000;YES;25584
U36;BGA2803;SOT-363_SC-70-6_BGA2803;;53.210.000;17.270.000;;;180.000.000;YES;25584
U36;BGA2803;SOT-363_SC-70-6_BGA2803;;53.210.000;143.270.000;;;180.000.000;YES;25584
U36;BGA2803;SOT-363_SC-70-6_BGA2803;;18.670.000;59.270.000;;;180.000.000;YES;25584
U36;BGA2803;SOT-363_SC-70-6_BGA2803;;87.750.000;101.270.000;;;180.000.000;YES;25584
U36;BGA2803;SOT-363_SC-70-6_BGA2803;;122.290.000;59.270.000;;;180.000.000;YES;25584
U36;BGA2803;SOT-363_SC-70-6_BGA2803;;122.290.000;17.270.000;;;180.000.000;YES;25584
U36;BGA2803;SOT-363_SC-70-6_BGA2803;;53.210.000;101.270.000;;;180.000.000;YES;25584
U36;BGA2803;SOT-363_SC-70-6_BGA2803;;122.290.000;143.270.000;;;180.000.000;YES;25584
U36;BGA2803;SOT-363_SC-70-6_BGA2803;;87.750.000;59.270.000;;;180.000.000;YES;25584
U36;BGA2803;SOT-363_SC-70-6_BGA2803;;18.670.000;101.270.000;;;180.000.000;YES;25584
U36;BGA2803;SOT-363_SC-70-6_BGA2803;;53.210.000;59.270.000;;;180.000.000;YES;25584
U36;BGA2803;SOT-363_SC-70-6_BGA2803;;18.670.000;17.270.000;;;180.000.000;YES;25584
U36;BGA2803;SOT-363_SC-70-6_BGA2803;;87.750.000;143.270.000;;;180.000.000;YES;25584
U36;BGA2803;SOT-363_SC-70-6_BGA2803;;87.750.000;17.270.000;;;180.000.000;YES;25584
U36;BGA2803;SOT-363_SC-70-6_BGA2803;;18.670.000;143.270.000;;;180.000.000;YES;25584
U36;BGA2803;SOT-363_SC-70-6_BGA2803;;122.290.000;101.270.000;;;180.000.000;YES;25584
U37;BGA2803;SOT-363_SC-70-6_BGA2803;;128.690.000;147.500.000;;;180.000.000;YES;25584
U37;BGA2803;SOT-363_SC-70-6_BGA2803;;25.070.000;21.500.000;;;180.000.000;YES;25584
U37;BGA2803;SOT-363_SC-70-6_BGA2803;;128.690.000;63.500.000;;;180.000.000;YES;25584
U37;BGA2803;SOT-363_SC-70-6_BGA2803;;94.150.000;21.500.000;;;180.000.000;YES;25584
U37;BGA2803;SOT-363_SC-70-6_BGA2803;;128.690.000;21.500.000;;;180.000.000;YES;25584
U37;BGA2803;SOT-363_SC-70-6_BGA2803;;94.150.000;147.500.000;;;180.000.000;YES;25584
U37;BGA2803;SOT-363_SC-70-6_BGA2803;;59.610.000;21.500.000;;;180.000.000;YES;25584
U37;BGA2803;SOT-363_SC-70-6_BGA2803;;59.610.000;105.500.000;;;180.000.000;YES;25584
U37;BGA2803;SOT-363_SC-70-6_BGA2803;;25.070.000;63.500.000;;;180.000.000;YES;25584
U37;BGA2803;SOT-363_SC-70-6_BGA2803;;59.610.000;147.500.000;;;180.000.000;YES;25584
U37;BGA2803;SOT-363_SC-70-6_BGA2803;;59.610.000;63.500.000;;;180.000.000;YES;25584
U37;BGA2803;SOT-363_SC-70-6_BGA2803;;25.070.000;105.500.000;;;180.000.000;YES;25584
U37;BGA2803;SOT-363_SC-70-6_BGA2803;;94.150.000;63.500.000;;;180.000.000;YES;25584
U37;BGA2803;SOT-363_SC-70-6_BGA2803;;94.150.000;105.500.000;;;180.000.000;YES;25584
U37;BGA2803;SOT-363_SC-70-6_BGA2803;;25.070.000;147.500.000;;;180.000.000;YES;25584
U37;BGA2803;SOT-363_SC-70-6_BGA2803;;128.690.000;105.500.000;;;180.000.000;YES;25584
U38;BGA2803;SOT-363_SC-70-6_BGA2803;;31.470.000;37.730.000;;;0.000000;YES;25584
U38;BGA2803;SOT-363_SC-70-6_BGA2803;;100.550.000;121.730.000;;;0.000000;YES;25584
U38;BGA2803;SOT-363_SC-70-6_BGA2803;;31.470.000;163.730.000;;;0.000000;YES;25584
U38;BGA2803;SOT-363_SC-70-6_BGA2803;;66.010.000;163.730.000;;;0.000000;YES;25584
U38;BGA2803;SOT-363_SC-70-6_BGA2803;;31.470.000;79.730.000;;;0.000000;YES;25584
U38;BGA2803;SOT-363_SC-70-6_BGA2803;;135.090.000;79.730.000;;;0.000000;YES;25584
U38;BGA2803;SOT-363_SC-70-6_BGA2803;;135.090.000;163.730.000;;;0.000000;YES;25584
U38;BGA2803;SOT-363_SC-70-6_BGA2803;;66.010.000;121.730.000;;;0.000000;YES;25584
U38;BGA2803;SOT-363_SC-70-6_BGA2803;;135.090.000;37.730.000;;;0.000000;YES;25584
U38;BGA2803;SOT-363_SC-70-6_BGA2803;;135.090.000;121.730.000;;;0.000000;YES;25584
U38;BGA2803;SOT-363_SC-70-6_BGA2803;;100.550.000;79.730.000;;;0.000000;YES;25584
U38;BGA2803;SOT-363_SC-70-6_BGA2803;;100.550.000;163.730.000;;;0.000000;YES;25584
U38;BGA2803;SOT-363_SC-70-6_BGA2803;;66.010.000;37.730.000;;;0.000000;YES;25584
U38;BGA2803;SOT-363_SC-70-6_BGA2803;;66.010.000;79.730.000;;;0.000000;YES;25584
U38;BGA2803;SOT-363_SC-70-6_BGA2803;;31.470.000;121.730.000;;;0.000000;YES;25584
U38;BGA2803;SOT-363_SC-70-6_BGA2803;;100.550.000;37.730.000;;;0.000000;YES;25584
U39;BGA2803;SOT-363_SC-70-6_BGA2803;;15.470.000;121.730.000;;;0.000000;YES;25584
U39;BGA2803;SOT-363_SC-70-6_BGA2803;;119.090.000;163.730.000;;;0.000000;YES;25584
U39;BGA2803;SOT-363_SC-70-6_BGA2803;;50.010.000;79.730.000;;;0.000000;YES;25584
U39;BGA2803;SOT-363_SC-70-6_BGA2803;;119.090.000;37.730.000;;;0.000000;YES;25584
U39;BGA2803;SOT-363_SC-70-6_BGA2803;;15.470.000;79.730.000;;;0.000000;YES;25584
U39;BGA2803;SOT-363_SC-70-6_BGA2803;;84.550.000;163.730.000;;;0.000000;YES;25584
U39;BGA2803;SOT-363_SC-70-6_BGA2803;;84.550.000;121.730.000;;;0.000000;YES;25584
U39;BGA2803;SOT-363_SC-70-6_BGA2803;;84.550.000;79.730.000;;;0.000000;YES;25584
U39;BGA2803;SOT-363_SC-70-6_BGA2803;;119.090.000;121.730.000;;;0.000000;YES;25584
U39;BGA2803;SOT-363_SC-70-6_BGA2803;;15.470.000;163.730.000;;;0.000000;YES;25584
U39;BGA2803;SOT-363_SC-70-6_BGA2803;;15.470.000;37.730.000;;;0.000000;YES;25584
U39;BGA2803;SOT-363_SC-70-6_BGA2803;;84.550.000;37.730.000;;;0.000000;YES;25584
U39;BGA2803;SOT-363_SC-70-6_BGA2803;;119.090.000;79.730.000;;;0.000000;YES;25584
U39;BGA2803;SOT-363_SC-70-6_BGA2803;;50.010.000;163.730.000;;;0.000000;YES;25584
U39;BGA2803;SOT-363_SC-70-6_BGA2803;;50.010.000;121.730.000;;;0.000000;YES;25584
U39;BGA2803;SOT-363_SC-70-6_BGA2803;;50.010.000;37.730.000;;;0.000000;YES;25584
U40;BGA2803;SOT-363_SC-70-6_BGA2803;;103.750.000;105.500.000;;;180.000.000;YES;25584
U40;BGA2803;SOT-363_SC-70-6_BGA2803;;34.670.000;21.500.000;;;180.000.000;YES;25584
U40;BGA2803;SOT-363_SC-70-6_BGA2803;;103.750.000;63.500.000;;;180.000.000;YES;25584
U40;BGA2803;SOT-363_SC-70-6_BGA2803;;34.670.000;105.500.000;;;180.000.000;YES;25584
U40;BGA2803;SOT-363_SC-70-6_BGA2803;;103.750.000;21.500.000;;;180.000.000;YES;25584
U40;BGA2803;SOT-363_SC-70-6_BGA2803;;69.210.000;21.500.000;;;180.000.000;YES;25584
U40;BGA2803;SOT-363_SC-70-6_BGA2803;;138.290.000;63.500.000;;;180.000.000;YES;25584
U40;BGA2803;SOT-363_SC-70-6_BGA2803;;138.290.000;147.500.000;;;180.000.000;YES;25584
U40;BGA2803;SOT-363_SC-70-6_BGA2803;;34.670.000;63.500.000;;;180.000.000;YES;25584
U40;BGA2803;SOT-363_SC-70-6_BGA2803;;69.210.000;63.500.000;;;180.000.000;YES;25584
U40;BGA2803;SOT-363_SC-70-6_BGA2803;;103.750.000;147.500.000;;;180.000.000;YES;25584
U40;BGA2803;SOT-363_SC-70-6_BGA2803;;138.290.000;21.500.000;;;180.000.000;YES;25584
U40;BGA2803;SOT-363_SC-70-6_BGA2803;;34.670.000;147.500.000;;;180.000.000;YES;25584
U40;BGA2803;SOT-363_SC-70-6_BGA2803;;138.290.000;105.500.000;;;180.000.000;YES;25584
U40;BGA2803;SOT-363_SC-70-6_BGA2803;;69.210.000;147.500.000;;;180.000.000;YES;25584
U40;BGA2803;SOT-363_SC-70-6_BGA2803;;69.210.000;105.500.000;;;180.000.000;YES;25584
U41;BGA2803;SOT-363_SC-70-6_BGA2803;;97.350.000;75.500.000;;;0.000000;YES;25584
U41;BGA2803;SOT-363_SC-70-6_BGA2803;;62.810.000;117.500.000;;;0.000000;YES;25584
U41;BGA2803;SOT-363_SC-70-6_BGA2803;;62.810.000;33.500.000;;;0.000000;YES;25584
U41;BGA2803;SOT-363_SC-70-6_BGA2803;;62.810.000;159.500.000;;;0.000000;YES;25584
U41;BGA2803;SOT-363_SC-70-6_BGA2803;;131.890.000;159.500.000;;;0.000000;YES;25584
U41;BGA2803;SOT-363_SC-70-6_BGA2803;;131.890.000;33.500.000;;;0.000000;YES;25584
U41;BGA2803;SOT-363_SC-70-6_BGA2803;;28.270.000;33.500.000;;;0.000000;YES;25584
U41;BGA2803;SOT-363_SC-70-6_BGA2803;;28.270.000;75.500.000;;;0.000000;YES;25584
U41;BGA2803;SOT-363_SC-70-6_BGA2803;;97.350.000;159.500.000;;;0.000000;YES;25584
U41;BGA2803;SOT-363_SC-70-6_BGA2803;;97.350.000;117.500.000;;;0.000000;YES;25584
U41;BGA2803;SOT-363_SC-70-6_BGA2803;;97.350.000;33.500.000;;;0.000000;YES;25584
U41;BGA2803;SOT-363_SC-70-6_BGA2803;;62.810.000;75.500.000;;;0.000000;YES;25584
U41;BGA2803;SOT-363_SC-70-6_BGA2803;;131.890.000;75.500.000;;;0.000000;YES;25584
U41;BGA2803;SOT-363_SC-70-6_BGA2803;;131.890.000;117.500.000;;;0.000000;YES;25584
U41;BGA2803;SOT-363_SC-70-6_BGA2803;;28.270.000;117.500.000;;;0.000000;YES;25584
U41;BGA2803;SOT-363_SC-70-6_BGA2803;;28.270.000;159.500.000;;;0.000000;YES;25584
U42;BGA2803;SOT-363_SC-70-6_BGA2803;;41.070.000;117.500.000;;;0.000000;YES;25584
U42;BGA2803;SOT-363_SC-70-6_BGA2803;;144.690.000;33.500.000;;;0.000000;YES;25584
U42;BGA2803;SOT-363_SC-70-6_BGA2803;;41.070.000;33.500.000;;;0.000000;YES;25584
U42;BGA2803;SOT-363_SC-70-6_BGA2803;;110.150.000;117.500.000;;;0.000000;YES;25584
U42;BGA2803;SOT-363_SC-70-6_BGA2803;;41.070.000;159.500.000;;;0.000000;YES;25584
U42;BGA2803;SOT-363_SC-70-6_BGA2803;;144.690.000;75.500.000;;;0.000000;YES;25584
U42;BGA2803;SOT-363_SC-70-6_BGA2803;;41.070.000;75.500.000;;;0.000000;YES;25584
U42;BGA2803;SOT-363_SC-70-6_BGA2803;;75.610.000;33.500.000;;;0.000000;YES;25584
U42;BGA2803;SOT-363_SC-70-6_BGA2803;;110.150.000;33.500.000;;;0.000000;YES;25584
U42;BGA2803;SOT-363_SC-70-6_BGA2803;;75.610.000;75.500.000;;;0.000000;YES;25584
U42;BGA2803;SOT-363_SC-70-6_BGA2803;;75.610.000;117.500.000;;;0.000000;YES;25584
U42;BGA2803;SOT-363_SC-70-6_BGA2803;;110.150.000;159.500.000;;;0.000000;YES;25584
U42;BGA2803;SOT-363_SC-70-6_BGA2803;;144.690.000;117.500.000;;;0.000000;YES;25584
U42;BGA2803;SOT-363_SC-70-6_BGA2803;;110.150.000;75.500.000;;;0.000000;YES;25584
U42;BGA2803;SOT-363_SC-70-6_BGA2803;;144.690.000;159.500.000;;;0.000000;YES;25584
U42;BGA2803;SOT-363_SC-70-6_BGA2803;;75.610.000;159.500.000;;;0.000000;YES;25584
U43;BGA2803;SOT-363_SC-70-6_BGA2803;;56.410.000;105.500.000;;;180.000.000;YES;25584
U43;BGA2803;SOT-363_SC-70-6_BGA2803;;21.870.000;105.500.000;;;180.000.000;YES;25584
U43;BGA2803;SOT-363_SC-70-6_BGA2803;;56.410.000;147.500.000;;;180.000.000;YES;25584
U43;BGA2803;SOT-363_SC-70-6_BGA2803;;90.950.000;105.500.000;;;180.000.000;YES;25584
U43;BGA2803;SOT-363_SC-70-6_BGA2803;;56.410.000;63.500.000;;;180.000.000;YES;25584
U43;BGA2803;SOT-363_SC-70-6_BGA2803;;21.870.000;147.500.000;;;180.000.000;YES;25584
U43;BGA2803;SOT-363_SC-70-6_BGA2803;;21.870.000;21.500.000;;;180.000.000;YES;25584
U43;BGA2803;SOT-363_SC-70-6_BGA2803;;90.950.000;21.500.000;;;180.000.000;YES;25584
U43;BGA2803;SOT-363_SC-70-6_BGA2803;;125.490.000;21.500.000;;;180.000.000;YES;25584
U43;BGA2803;SOT-363_SC-70-6_BGA2803;;90.950.000;63.500.000;;;180.000.000;YES;25584
U43;BGA2803;SOT-363_SC-70-6_BGA2803;;56.410.000;21.500.000;;;180.000.000;YES;25584
U43;BGA2803;SOT-363_SC-70-6_BGA2803;;125.490.000;63.500.000;;;180.000.000;YES;25584
U43;BGA2803;SOT-363_SC-70-6_BGA2803;;21.870.000;63.500.000;;;180.000.000;YES;25584
U43;BGA2803;SOT-363_SC-70-6_BGA2803;;125.490.000;147.500.000;;;180.000.000;YES;25584
U43;BGA2803;SOT-363_SC-70-6_BGA2803;;125.490.000;105.500.000;;;180.000.000;YES;25584
U43;BGA2803;SOT-363_SC-70-6_BGA2803;;90.950.000;147.500.000;;;180.000.000;YES;25584
U44;BGA2803;SOT-363_SC-70-6_BGA2803;;94.150.000;37.730.000;;;0.000000;YES;25584
U44;BGA2803;SOT-363_SC-70-6_BGA2803;;128.690.000;163.730.000;;;0.000000;YES;25584
U44;BGA2803;SOT-363_SC-70-6_BGA2803;;94.150.000;79.730.000;;;0.000000;YES;25584
U44;BGA2803;SOT-363_SC-70-6_BGA2803;;59.610.000;37.730.000;;;0.000000;YES;25584
U44;BGA2803;SOT-363_SC-70-6_BGA2803;;94.150.000;163.730.000;;;0.000000;YES;25584
U44;BGA2803;SOT-363_SC-70-6_BGA2803;;25.070.000;163.730.000;;;0.000000;YES;25584
U44;BGA2803;SOT-363_SC-70-6_BGA2803;;59.610.000;163.730.000;;;0.000000;YES;25584
U44;BGA2803;SOT-363_SC-70-6_BGA2803;;25.070.000;121.730.000;;;0.000000;YES;25584
U44;BGA2803;SOT-363_SC-70-6_BGA2803;;94.150.000;121.730.000;;;0.000000;YES;25584
U44;BGA2803;SOT-363_SC-70-6_BGA2803;;59.610.000;121.730.000;;;0.000000;YES;25584
U44;BGA2803;SOT-363_SC-70-6_BGA2803;;128.690.000;121.730.000;;;0.000000;YES;25584
U44;BGA2803;SOT-363_SC-70-6_BGA2803;;25.070.000;37.730.000;;;0.000000;YES;25584
U44;BGA2803;SOT-363_SC-70-6_BGA2803;;128.690.000;79.730.000;;;0.000000;YES;25584
U44;BGA2803;SOT-363_SC-70-6_BGA2803;;59.610.000;79.730.000;;;0.000000;YES;25584
U44;BGA2803;SOT-363_SC-70-6_BGA2803;;25.070.000;79.730.000;;;0.000000;YES;25584
U44;BGA2803;SOT-363_SC-70-6_BGA2803;;128.690.000;37.730.000;;;0.000000;YES;25584
U45;BGA2803;SOT-363_SC-70-6_BGA2803;;138.290.000;75.500.000;;;0.000000;YES;25584
U45;BGA2803;SOT-363_SC-70-6_BGA2803;;34.670.000;75.500.000;;;0.000000;YES;25584
U45;BGA2803;SOT-363_SC-70-6_BGA2803;;34.670.000;117.500.000;;;0.000000;YES;25584
U45;BGA2803;SOT-363_SC-70-6_BGA2803;;138.290.000;159.500.000;;;0.000000;YES;25584
U45;BGA2803;SOT-363_SC-70-6_BGA2803;;138.290.000;33.500.000;;;0.000000;YES;25584
U45;BGA2803;SOT-363_SC-70-6_BGA2803;;34.670.000;33.500.000;;;0.000000;YES;25584
U45;BGA2803;SOT-363_SC-70-6_BGA2803;;34.670.000;159.500.000;;;0.000000;YES;25584
U45;BGA2803;SOT-363_SC-70-6_BGA2803;;103.750.000;117.500.000;;;0.000000;YES;25584
U45;BGA2803;SOT-363_SC-70-6_BGA2803;;103.750.000;159.500.000;;;0.000000;YES;25584
U45;BGA2803;SOT-363_SC-70-6_BGA2803;;69.210.000;75.500.000;;;0.000000;YES;25584
U45;BGA2803;SOT-363_SC-70-6_BGA2803;;69.210.000;33.500.000;;;0.000000;YES;25584
U45;BGA2803;SOT-363_SC-70-6_BGA2803;;138.290.000;117.500.000;;;0.000000;YES;25584
U45;BGA2803;SOT-363_SC-70-6_BGA2803;;69.210.000;159.500.000;;;0.000000;YES;25584
U45;BGA2803;SOT-363_SC-70-6_BGA2803;;69.210.000;117.500.000;;;0.000000;YES;25584
U45;BGA2803;SOT-363_SC-70-6_BGA2803;;103.750.000;75.500.000;;;0.000000;YES;25584
U45;BGA2803;SOT-363_SC-70-6_BGA2803;;103.750.000;33.500.000;;;0.000000;YES;25584
U46;BGA2803;SOT-363_SC-70-6_BGA2803;;94.150.000;33.500.000;;;0.000000;YES;25584
U46;BGA2803;SOT-363_SC-70-6_BGA2803;;59.610.000;75.500.000;;;0.000000;YES;25584
U46;BGA2803;SOT-363_SC-70-6_BGA2803;;25.070.000;159.500.000;;;0.000000;YES;25584
U46;BGA2803;SOT-363_SC-70-6_BGA2803;;59.610.000;33.500.000;;;0.000000;YES;25584
U46;BGA2803;SOT-363_SC-70-6_BGA2803;;94.150.000;75.500.000;;;0.000000;YES;25584
U46;BGA2803;SOT-363_SC-70-6_BGA2803;;128.690.000;75.500.000;;;0.000000;YES;25584
U46;BGA2803;SOT-363_SC-70-6_BGA2803;;128.690.000;33.500.000;;;0.000000;YES;25584
U46;BGA2803;SOT-363_SC-70-6_BGA2803;;25.070.000;75.500.000;;;0.000000;YES;25584
U46;BGA2803;SOT-363_SC-70-6_BGA2803;;25.070.000;117.500.000;;;0.000000;YES;25584
U46;BGA2803;SOT-363_SC-70-6_BGA2803;;59.610.000;117.500.000;;;0.000000;YES;25584
U46;BGA2803;SOT-363_SC-70-6_BGA2803;;25.070.000;33.500.000;;;0.000000;YES;25584
U46;BGA2803;SOT-363_SC-70-6_BGA2803;;59.610.000;159.500.000;;;0.000000;YES;25584
U46;BGA2803;SOT-363_SC-70-6_BGA2803;;94.150.000;117.500.000;;;0.000000;YES;25584
U46;BGA2803;SOT-363_SC-70-6_BGA2803;;128.690.000;159.500.000;;;0.000000;YES;25584
U46;BGA2803;SOT-363_SC-70-6_BGA2803;;128.690.000;117.500.000;;;0.000000;YES;25584
U46;BGA2803;SOT-363_SC-70-6_BGA2803;;94.150.000;159.500.000;;;0.000000;YES;25584
U47;BGA2803;SOT-363_SC-70-6_BGA2803;;144.690.000;121.730.000;;;0.000000;YES;25584
U47;BGA2803;SOT-363_SC-70-6_BGA2803;;110.150.000;37.730.000;;;0.000000;YES;25584
U47;BGA2803;SOT-363_SC-70-6_BGA2803;;75.610.000;37.730.000;;;0.000000;YES;25584
U47;BGA2803;SOT-363_SC-70-6_BGA2803;;41.070.000;121.730.000;;;0.000000;YES;25584
U47;BGA2803;SOT-363_SC-70-6_BGA2803;;75.610.000;121.730.000;;;0.000000;YES;25584
U47;BGA2803;SOT-363_SC-70-6_BGA2803;;75.610.000;163.730.000;;;0.000000;YES;25584
U47;BGA2803;SOT-363_SC-70-6_BGA2803;;75.610.000;79.730.000;;;0.000000;YES;25584
U47;BGA2803;SOT-363_SC-70-6_BGA2803;;144.690.000;37.730.000;;;0.000000;YES;25584
U47;BGA2803;SOT-363_SC-70-6_BGA2803;;144.690.000;79.730.000;;;0.000000;YES;25584
U47;BGA2803;SOT-363_SC-70-6_BGA2803;;110.150.000;163.730.000;;;0.000000;YES;25584
U47;BGA2803;SOT-363_SC-70-6_BGA2803;;41.070.000;163.730.000;;;0.000000;YES;25584
U47;BGA2803;SOT-363_SC-70-6_BGA2803;;110.150.000;79.730.000;;;0.000000;YES;25584
U47;BGA2803;SOT-363_SC-70-6_BGA2803;;144.690.000;163.730.000;;;0.000000;YES;25584
U47;BGA2803;SOT-363_SC-70-6_BGA2803;;41.070.000;37.730.000;;;0.000000;YES;25584
U47;BGA2803;SOT-363_SC-70-6_BGA2803;;41.070.000;79.730.000;;;0.000000;YES;25584
U47;BGA2803;SOT-363_SC-70-6_BGA2803;;110.150.000;121.730.000;;;0.000000;YES;25584
U48;BGA2803;SOT-363_SC-70-6_BGA2803;;84.550.000;159.500.000;;;0.000000;YES;25584
U48;BGA2803;SOT-363_SC-70-6_BGA2803;;50.010.000;117.500.000;;;0.000000;YES;25584
U48;BGA2803;SOT-363_SC-70-6_BGA2803;;50.010.000;75.500.000;;;0.000000;YES;25584
U48;BGA2803;SOT-363_SC-70-6_BGA2803;;119.090.000;33.500.000;;;0.000000;YES;25584
U48;BGA2803;SOT-363_SC-70-6_BGA2803;;84.550.000;75.500.000;;;0.000000;YES;25584
U48;BGA2803;SOT-363_SC-70-6_BGA2803;;84.550.000;117.500.000;;;0.000000;YES;25584
U48;BGA2803;SOT-363_SC-70-6_BGA2803;;15.470.000;33.500.000;;;0.000000;YES;25584
U48;BGA2803;SOT-363_SC-70-6_BGA2803;;119.090.000;117.500.000;;;0.000000;YES;25584
U48;BGA2803;SOT-363_SC-70-6_BGA2803;;15.470.000;117.500.000;;;0.000000;YES;25584
U48;BGA2803;SOT-363_SC-70-6_BGA2803;;119.090.000;159.500.000;;;0.000000;YES;25584
U48;BGA2803;SOT-363_SC-70-6_BGA2803;;50.010.000;159.500.000;;;0.000000;YES;25584
U48;BGA2803;SOT-363_SC-70-6_BGA2803;;15.470.000;75.500.000;;;0.000000;YES;25584
U48;BGA2803;SOT-363_SC-70-6_BGA2803;;84.550.000;33.500.000;;;0.000000;YES;25584
U48;BGA2803;SOT-363_SC-70-6_BGA2803;;15.470.000;159.500.000;;;0.000000;YES;25584
U48;BGA2803;SOT-363_SC-70-6_BGA2803;;119.090.000;75.500.000;;;0.000000;YES;25584
U48;BGA2803;SOT-363_SC-70-6_BGA2803;;50.010.000;33.500.000;;;0.000000;YES;25584
U49;BGA2803;SOT-363_SC-70-6_BGA2803;;125.490.000;17.270.000;;;180.000.000;YES;25584
U49;BGA2803;SOT-363_SC-70-6_BGA2803;;21.870.000;101.270.000;;;180.000.000;YES;25584
U49;BGA2803;SOT-363_SC-70-6_BGA2803;;125.490.000;59.270.000;;;180.000.000;YES;25584
U49;BGA2803;SOT-363_SC-70-6_BGA2803;;125.490.000;101.270.000;;;180.000.000;YES;25584
U49;BGA2803;SOT-363_SC-70-6_BGA2803;;90.950.000;17.270.000;;;180.000.000;YES;25584
U49;BGA2803;SOT-363_SC-70-6_BGA2803;;56.410.000;59.270.000;;;180.000.000;YES;25584
U49;BGA2803;SOT-363_SC-70-6_BGA2803;;56.410.000;17.270.000;;;180.000.000;YES;25584
U49;BGA2803;SOT-363_SC-70-6_BGA2803;;90.950.000;143.270.000;;;180.000.000;YES;25584
U49;BGA2803;SOT-363_SC-70-6_BGA2803;;90.950.000;59.270.000;;;180.000.000;YES;25584
U49;BGA2803;SOT-363_SC-70-6_BGA2803;;90.950.000;101.270.000;;;180.000.000;YES;25584
U49;BGA2803;SOT-363_SC-70-6_BGA2803;;21.870.000;17.270.000;;;180.000.000;YES;25584
U49;BGA2803;SOT-363_SC-70-6_BGA2803;;21.870.000;143.270.000;;;180.000.000;YES;25584
U49;BGA2803;SOT-363_SC-70-6_BGA2803;;21.870.000;59.270.000;;;180.000.000;YES;25584
U49;BGA2803;SOT-363_SC-70-6_BGA2803;;56.410.000;143.270.000;;;180.000.000;YES;25584
U49;BGA2803;SOT-363_SC-70-6_BGA2803;;125.490.000;143.270.000;;;180.000.000;YES;25584
U49;BGA2803;SOT-363_SC-70-6_BGA2803;;56.410.000;101.270.000;;;180.000.000;YES;25584
U50;BGA2803;SOT-363_SC-70-6_BGA2803;;125.490.000;33.500.000;;;0.000000;YES;25584
U50;BGA2803;SOT-363_SC-70-6_BGA2803;;125.490.000;159.500.000;;;0.000000;YES;25584
U50;BGA2803;SOT-363_SC-70-6_BGA2803;;56.410.000;75.500.000;;;0.000000;YES;25584
U50;BGA2803;SOT-363_SC-70-6_BGA2803;;56.410.000;159.500.000;;;0.000000;YES;25584
U50;BGA2803;SOT-363_SC-70-6_BGA2803;;21.870.000;159.500.000;;;0.000000;YES;25584
U50;BGA2803;SOT-363_SC-70-6_BGA2803;;125.490.000;117.500.000;;;0.000000;YES;25584
U50;BGA2803;SOT-363_SC-70-6_BGA2803;;21.870.000;33.500.000;;;0.000000;YES;25584
U50;BGA2803;SOT-363_SC-70-6_BGA2803;;90.950.000;75.500.000;;;0.000000;YES;25584
U50;BGA2803;SOT-363_SC-70-6_BGA2803;;21.870.000;117.500.000;;;0.000000;YES;25584
U50;BGA2803;SOT-363_SC-70-6_BGA2803;;56.410.000;117.500.000;;;0.000000;YES;25584
U50;BGA2803;SOT-363_SC-70-6_BGA2803;;90.950.000;117.500.000;;;0.000000;YES;25584
U50;BGA2803;SOT-363_SC-70-6_BGA2803;;56.410.000;33.500.000;;;0.000000;YES;25584
U50;BGA2803;SOT-363_SC-70-6_BGA2803;;90.950.000;33.500.000;;;0.000000;YES;25584
U50;BGA2803;SOT-363_SC-70-6_BGA2803;;21.870.000;75.500.000;;;0.000000;YES;25584
U50;BGA2803;SOT-363_SC-70-6_BGA2803;;125.490.000;75.500.000;;;0.000000;YES;25584
U50;BGA2803;SOT-363_SC-70-6_BGA2803;;90.950.000;159.500.000;;;0.000000;YES;25584
U51;BGA2803;SOT-363_SC-70-6_BGA2803;;122.290.000;75.500.000;;;0.000000;YES;25584
U51;BGA2803;SOT-363_SC-70-6_BGA2803;;18.670.000;159.500.000;;;0.000000;YES;25584
U51;BGA2803;SOT-363_SC-70-6_BGA2803;;53.210.000;33.500.000;;;0.000000;YES;25584
U51;BGA2803;SOT-363_SC-70-6_BGA2803;;122.290.000;159.500.000;;;0.000000;YES;25584
U51;BGA2803;SOT-363_SC-70-6_BGA2803;;87.750.000;159.500.000;;;0.000000;YES;25584
U51;BGA2803;SOT-363_SC-70-6_BGA2803;;87.750.000;117.500.000;;;0.000000;YES;25584
U51;BGA2803;SOT-363_SC-70-6_BGA2803;;18.670.000;33.500.000;;;0.000000;YES;25584
U51;BGA2803;SOT-363_SC-70-6_BGA2803;;18.670.000;75.500.000;;;0.000000;YES;25584
U51;BGA2803;SOT-363_SC-70-6_BGA2803;;122.290.000;33.500.000;;;0.000000;YES;25584
U51;BGA2803;SOT-363_SC-70-6_BGA2803;;18.670.000;117.500.000;;;0.000000;YES;25584
U51;BGA2803;SOT-363_SC-70-6_BGA2803;;87.750.000;33.500.000;;;0.000000;YES;25584
U51;BGA2803;SOT-363_SC-70-6_BGA2803;;53.210.000;75.500.000;;;0.000000;YES;25584
U51;BGA2803;SOT-363_SC-70-6_BGA2803;;122.290.000;117.500.000;;;0.000000;YES;25584
U51;BGA2803;SOT-363_SC-70-6_BGA2803;;53.210.000;159.500.000;;;0.000000;YES;25584
U51;BGA2803;SOT-363_SC-70-6_BGA2803;;53.210.000;117.500.000;;;0.000000;YES;25584
U51;BGA2803;SOT-363_SC-70-6_BGA2803;;87.750.000;75.500.000;;;0.000000;YES;25584
U52;BGA2803;SOT-363_SC-70-6_BGA2803;;25.070.000;17.270.000;;;180.000.000;YES;25584
U52;BGA2803;SOT-363_SC-70-6_BGA2803;;25.070.000;143.270.000;;;180.000.000;YES;25584
U52;BGA2803;SOT-363_SC-70-6_BGA2803;;59.610.000;101.270.000;;;180.000.000;YES;25584
U52;BGA2803;SOT-363_SC-70-6_BGA2803;;94.150.000;143.270.000;;;180.000.000;YES;25584
U52;BGA2803;SOT-363_SC-70-6_BGA2803;;59.610.000;59.270.000;;;180.000.000;YES;25584
U52;BGA2803;SOT-363_SC-70-6_BGA2803;;25.070.000;101.270.000;;;180.000.000;YES;25584
U52;BGA2803;SOT-363_SC-70-6_BGA2803;;25.070.000;59.270.000;;;180.000.000;YES;25584
U52;BGA2803;SOT-363_SC-70-6_BGA2803;;128.690.000;143.270.000;;;180.000.000;YES;25584
U52;BGA2803;SOT-363_SC-70-6_BGA2803;;128.690.000;17.270.000;;;180.000.000;YES;25584
U52;BGA2803;SOT-363_SC-70-6_BGA2803;;94.150.000;59.270.000;;;180.000.000;YES;25584
U52;BGA2803;SOT-363_SC-70-6_BGA2803;;94.150.000;17.270.000;;;180.000.000;YES;25584
U52;BGA2803;SOT-363_SC-70-6_BGA2803;;59.610.000;143.270.000;;;180.000.000;YES;25584
U52;BGA2803;SOT-363_SC-70-6_BGA2803;;94.150.000;101.270.000;;;180.000.000;YES;25584
U52;BGA2803;SOT-363_SC-70-6_BGA2803;;128.690.000;59.270.000;;;180.000.000;YES;25584
U52;BGA2803;SOT-363_SC-70-6_BGA2803;;59.610.000;17.270.000;;;180.000.000;YES;25584
U52;BGA2803;SOT-363_SC-70-6_BGA2803;;128.690.000;101.270.000;;;180.000.000;YES;25584
U53;BGA2803;SOT-363_SC-70-6_BGA2803;;56.410.000;121.730.000;;;0.000000;YES;25584
U53;BGA2803;SOT-363_SC-70-6_BGA2803;;125.490.000;121.730.000;;;0.000000;YES;25584
U53;BGA2803;SOT-363_SC-70-6_BGA2803;;125.490.000;37.730.000;;;0.000000;YES;25584
U53;BGA2803;SOT-363_SC-70-6_BGA2803;;125.490.000;163.730.000;;;0.000000;YES;25584
U53;BGA2803;SOT-363_SC-70-6_BGA2803;;90.950.000;163.730.000;;;0.000000;YES;25584
U53;BGA2803;SOT-363_SC-70-6_BGA2803;;21.870.000;121.730.000;;;0.000000;YES;25584
U53;BGA2803;SOT-363_SC-70-6_BGA2803;;90.950.000;121.730.000;;;0.000000;YES;25584
U53;BGA2803;SOT-363_SC-70-6_BGA2803;;90.950.000;79.730.000;;;0.000000;YES;25584
U53;BGA2803;SOT-363_SC-70-6_BGA2803;;90.950.000;37.730.000;;;0.000000;YES;25584
U53;BGA2803;SOT-363_SC-70-6_BGA2803;;56.410.000;37.730.000;;;0.000000;YES;25584
U53;BGA2803;SOT-363_SC-70-6_BGA2803;;56.410.000;79.730.000;;;0.000000;YES;25584
U53;BGA2803;SOT-363_SC-70-6_BGA2803;;125.490.000;79.730.000;;;0.000000;YES;25584
U53;BGA2803;SOT-363_SC-70-6_BGA2803;;21.870.000;79.730.000;;;0.000000;YES;25584
U53;BGA2803;SOT-363_SC-70-6_BGA2803;;21.870.000;163.730.000;;;0.000000;YES;25584
U53;BGA2803;SOT-363_SC-70-6_BGA2803;;21.870.000;37.730.000;;;0.000000;YES;25584
U53;BGA2803;SOT-363_SC-70-6_BGA2803;;56.410.000;163.730.000;;;0.000000;YES;25584
U54;BGA2803;SOT-363_SC-70-6_BGA2803;;141.490.000;63.500.000;;;180.000.000;YES;25584
U54;BGA2803;SOT-363_SC-70-6_BGA2803;;106.950.000;105.500.000;;;180.000.000;YES;25584
U54;BGA2803;SOT-363_SC-70-6_BGA2803;;37.870.000;147.500.000;;;180.000.000;YES;25584
U54;BGA2803;SOT-363_SC-70-6_BGA2803;;141.490.000;21.500.000;;;180.000.000;YES;25584
U54;BGA2803;SOT-363_SC-70-6_BGA2803;;37.870.000;105.500.000;;;180.000.000;YES;25584
U54;BGA2803;SOT-363_SC-70-6_BGA2803;;141.490.000;105.500.000;;;180.000.000;YES;25584
U54;BGA2803;SOT-363_SC-70-6_BGA2803;;72.410.000;63.500.000;;;180.000.000;YES;25584
U54;BGA2803;SOT-363_SC-70-6_BGA2803;;141.490.000;147.500.000;;;180.000.000;YES;25584
U54;BGA2803;SOT-363_SC-70-6_BGA2803;;106.950.000;21.500.000;;;180.000.000;YES;25584
U54;BGA2803;SOT-363_SC-70-6_BGA2803;;72.410.000;21.500.000;;;180.000.000;YES;25584
U54;BGA2803;SOT-363_SC-70-6_BGA2803;;106.950.000;147.500.000;;;180.000.000;YES;25584
U54;BGA2803;SOT-363_SC-70-6_BGA2803;;106.950.000;63.500.000;;;180.000.000;YES;25584
U54;BGA2803;SOT-363_SC-70-6_BGA2803;;37.870.000;21.500.000;;;180.000.000;YES;25584
U54;BGA2803;SOT-363_SC-70-6_BGA2803;;72.410.000;147.500.000;;;180.000.000;YES;25584
U54;BGA2803;SOT-363_SC-70-6_BGA2803;;72.410.000;105.500.000;;;180.000.000;YES;25584
U54;BGA2803;SOT-363_SC-70-6_BGA2803;;37.870.000;63.500.000;;;180.000.000;YES;25584
U55;BGA2803;SOT-363_SC-70-6_BGA2803;;110.150.000;105.500.000;;;180.000.000;YES;25584
U55;BGA2803;SOT-363_SC-70-6_BGA2803;;75.610.000;147.500.000;;;180.000.000;YES;25584
U55;BGA2803;SOT-363_SC-70-6_BGA2803;;144.690.000;147.500.000;;;180.000.000;YES;25584
U55;BGA2803;SOT-363_SC-70-6_BGA2803;;41.070.000;105.500.000;;;180.000.000;YES;25584
U55;BGA2803;SOT-363_SC-70-6_BGA2803;;41.070.000;63.500.000;;;180.000.000;YES;25584
U55;BGA2803;SOT-363_SC-70-6_BGA2803;;144.690.000;63.500.000;;;180.000.000;YES;25584
U55;BGA2803;SOT-363_SC-70-6_BGA2803;;75.610.000;105.500.000;;;180.000.000;YES;25584
U55;BGA2803;SOT-363_SC-70-6_BGA2803;;110.150.000;21.500.000;;;180.000.000;YES;25584
U55;BGA2803;SOT-363_SC-70-6_BGA2803;;110.150.000;147.500.000;;;180.000.000;YES;25584
U55;BGA2803;SOT-363_SC-70-6_BGA2803;;41.070.000;21.500.000;;;180.000.000;YES;25584
U55;BGA2803;SOT-363_SC-70-6_BGA2803;;75.610.000;63.500.000;;;180.000.000;YES;25584
U55;BGA2803;SOT-363_SC-70-6_BGA2803;;144.690.000;105.500.000;;;180.000.000;YES;25584
U55;BGA2803;SOT-363_SC-70-6_BGA2803;;110.150.000;63.500.000;;;180.000.000;YES;25584
U55;BGA2803;SOT-363_SC-70-6_BGA2803;;41.070.000;147.500.000;;;180.000.000;YES;25584
U55;BGA2803;SOT-363_SC-70-6_BGA2803;;144.690.000;21.500.000;;;180.000.000;YES;25584
U55;BGA2803;SOT-363_SC-70-6_BGA2803;;75.610.000;21.500.000;;;180.000.000;YES;25584
U56;BGA2803;SOT-363_SC-70-6_BGA2803;;87.750.000;21.500.000;;;180.000.000;YES;25584
U56;BGA2803;SOT-363_SC-70-6_BGA2803;;18.670.000;147.500.000;;;180.000.000;YES;25584
U56;BGA2803;SOT-363_SC-70-6_BGA2803;;53.210.000;105.500.000;;;180.000.000;YES;25584
U56;BGA2803;SOT-363_SC-70-6_BGA2803;;53.210.000;63.500.000;;;180.000.000;YES;25584
U56;BGA2803;SOT-363_SC-70-6_BGA2803;;87.750.000;105.500.000;;;180.000.000;YES;25584
U56;BGA2803;SOT-363_SC-70-6_BGA2803;;53.210.000;21.500.000;;;180.000.000;YES;25584
U56;BGA2803;SOT-363_SC-70-6_BGA2803;;122.290.000;21.500.000;;;180.000.000;YES;25584
U56;BGA2803;SOT-363_SC-70-6_BGA2803;;18.670.000;105.500.000;;;180.000.000;YES;25584
U56;BGA2803;SOT-363_SC-70-6_BGA2803;;122.290.000;63.500.000;;;180.000.000;YES;25584
U56;BGA2803;SOT-363_SC-70-6_BGA2803;;87.750.000;147.500.000;;;180.000.000;YES;25584
U56;BGA2803;SOT-363_SC-70-6_BGA2803;;18.670.000;63.500.000;;;180.000.000;YES;25584
U56;BGA2803;SOT-363_SC-70-6_BGA2803;;18.670.000;21.500.000;;;180.000.000;YES;25584
U56;BGA2803;SOT-363_SC-70-6_BGA2803;;53.210.000;147.500.000;;;180.000.000;YES;25584
U56;BGA2803;SOT-363_SC-70-6_BGA2803;;87.750.000;63.500.000;;;180.000.000;YES;25584
U56;BGA2803;SOT-363_SC-70-6_BGA2803;;122.290.000;147.500.000;;;180.000.000;YES;25584
U56;BGA2803;SOT-363_SC-70-6_BGA2803;;122.290.000;105.500.000;;;180.000.000;YES;25584
U57;BGA2803;SOT-363_SC-70-6_BGA2803;;103.750.000;163.730.000;;;0.000000;YES;25584
U57;BGA2803;SOT-363_SC-70-6_BGA2803;;103.750.000;79.730.000;;;0.000000;YES;25584
U57;BGA2803;SOT-363_SC-70-6_BGA2803;;69.210.000;79.730.000;;;0.000000;YES;25584
U57;BGA2803;SOT-363_SC-70-6_BGA2803;;69.210.000;37.730.000;;;0.000000;YES;25584
U57;BGA2803;SOT-363_SC-70-6_BGA2803;;138.290.000;37.730.000;;;0.000000;YES;25584
U57;BGA2803;SOT-363_SC-70-6_BGA2803;;34.670.000;163.730.000;;;0.000000;YES;25584
U57;BGA2803;SOT-363_SC-70-6_BGA2803;;34.670.000;121.730.000;;;0.000000;YES;25584
U57;BGA2803;SOT-363_SC-70-6_BGA2803;;138.290.000;79.730.000;;;0.000000;YES;25584
U57;BGA2803;SOT-363_SC-70-6_BGA2803;;69.210.000;121.730.000;;;0.000000;YES;25584
U57;BGA2803;SOT-363_SC-70-6_BGA2803;;69.210.000;163.730.000;;;0.000000;YES;25584
U57;BGA2803;SOT-363_SC-70-6_BGA2803;;138.290.000;121.730.000;;;0.000000;YES;25584
U57;BGA2803;SOT-363_SC-70-6_BGA2803;;103.750.000;37.730.000;;;0.000000;YES;25584
U57;BGA2803;SOT-363_SC-70-6_BGA2803;;103.750.000;121.730.000;;;0.000000;YES;25584
U57;BGA2803;SOT-363_SC-70-6_BGA2803;;138.290.000;163.730.000;;;0.000000;YES;25584
U57;BGA2803;SOT-363_SC-70-6_BGA2803;;34.670.000;37.730.000;;;0.000000;YES;25584
U57;BGA2803;SOT-363_SC-70-6_BGA2803;;34.670.000;79.730.000;;;0.000000;YES;25584
U58;BGA2803;SOT-363_SC-70-6_BGA2803;;131.890.000;163.730.000;;;0.000000;YES;25584
U58;BGA2803;SOT-363_SC-70-6_BGA2803;;131.890.000;79.730.000;;;0.000000;YES;25584
U58;BGA2803;SOT-363_SC-70-6_BGA2803;;97.350.000;79.730.000;;;0.000000;YES;25584
U58;BGA2803;SOT-363_SC-70-6_BGA2803;;28.270.000;121.730.000;;;0.000000;YES;25584
U58;BGA2803;SOT-363_SC-70-6_BGA2803;;62.810.000;37.730.000;;;0.000000;YES;25584
U58;BGA2803;SOT-363_SC-70-6_BGA2803;;62.810.000;121.730.000;;;0.000000;YES;25584
U58;BGA2803;SOT-363_SC-70-6_BGA2803;;131.890.000;37.730.000;;;0.000000;YES;25584
U58;BGA2803;SOT-363_SC-70-6_BGA2803;;97.350.000;37.730.000;;;0.000000;YES;25584
U58;BGA2803;SOT-363_SC-70-6_BGA2803;;131.890.000;121.730.000;;;0.000000;YES;25584
U58;BGA2803;SOT-363_SC-70-6_BGA2803;;62.810.000;79.730.000;;;0.000000;YES;25584
U58;BGA2803;SOT-363_SC-70-6_BGA2803;;28.270.000;79.730.000;;;0.000000;YES;25584
U58;BGA2803;SOT-363_SC-70-6_BGA2803;;62.810.000;163.730.000;;;0.000000;YES;25584
U58;BGA2803;SOT-363_SC-70-6_BGA2803;;28.270.000;163.730.000;;;0.000000;YES;25584
U58;BGA2803;SOT-363_SC-70-6_BGA2803;;97.350.000;163.730.000;;;0.000000;YES;25584
U58;BGA2803;SOT-363_SC-70-6_BGA2803;;28.270.000;37.730.000;;;0.000000;YES;25584
U58;BGA2803;SOT-363_SC-70-6_BGA2803;;97.350.000;121.730.000;;;0.000000;YES;25584
U59;BGA2803;SOT-363_SC-70-6_BGA2803;;141.490.000;159.500.000;;;0.000000;YES;25584
U59;BGA2803;SOT-363_SC-70-6_BGA2803;;37.870.000;117.500.000;;;0.000000;YES;25584
U59;BGA2803;SOT-363_SC-70-6_BGA2803;;106.950.000;159.500.000;;;0.000000;YES;25584
U59;BGA2803;SOT-363_SC-70-6_BGA2803;;37.870.000;75.500.000;;;0.000000;YES;25584
U59;BGA2803;SOT-363_SC-70-6_BGA2803;;37.870.000;33.500.000;;;0.000000;YES;25584
U59;BGA2803;SOT-363_SC-70-6_BGA2803;;141.490.000;33.500.000;;;0.000000;YES;25584
U59;BGA2803;SOT-363_SC-70-6_BGA2803;;72.410.000;159.500.000;;;0.000000;YES;25584
U59;BGA2803;SOT-363_SC-70-6_BGA2803;;72.410.000;75.500.000;;;0.000000;YES;25584
U59;BGA2803;SOT-363_SC-70-6_BGA2803;;72.410.000;33.500.000;;;0.000000;YES;25584
U59;BGA2803;SOT-363_SC-70-6_BGA2803;;106.950.000;75.500.000;;;0.000000;YES;25584
U59;BGA2803;SOT-363_SC-70-6_BGA2803;;141.490.000;117.500.000;;;0.000000;YES;25584
U59;BGA2803;SOT-363_SC-70-6_BGA2803;;37.870.000;159.500.000;;;0.000000;YES;25584
U59;BGA2803;SOT-363_SC-70-6_BGA2803;;106.950.000;117.500.000;;;0.000000;YES;25584
U59;BGA2803;SOT-363_SC-70-6_BGA2803;;106.950.000;33.500.000;;;0.000000;YES;25584
U59;BGA2803;SOT-363_SC-70-6_BGA2803;;72.410.000;117.500.000;;;0.000000;YES;25584
U59;BGA2803;SOT-363_SC-70-6_BGA2803;;141.490.000;75.500.000;;;0.000000;YES;25584
U60;BGA2803;SOT-363_SC-70-6_BGA2803;;37.870.000;17.270.000;;;180.000.000;YES;25584
U60;BGA2803;SOT-363_SC-70-6_BGA2803;;141.490.000;59.270.000;;;180.000.000;YES;25584
U60;BGA2803;SOT-363_SC-70-6_BGA2803;;72.410.000;59.270.000;;;180.000.000;YES;25584
U60;BGA2803;SOT-363_SC-70-6_BGA2803;;141.490.000;101.270.000;;;180.000.000;YES;25584
U60;BGA2803;SOT-363_SC-70-6_BGA2803;;106.950.000;17.270.000;;;180.000.000;YES;25584
U60;BGA2803;SOT-363_SC-70-6_BGA2803;;72.410.000;17.270.000;;;180.000.000;YES;25584
U60;BGA2803;SOT-363_SC-70-6_BGA2803;;106.950.000;143.270.000;;;180.000.000;YES;25584
U60;BGA2803;SOT-363_SC-70-6_BGA2803;;37.870.000;101.270.000;;;180.000.000;YES;25584
U60;BGA2803;SOT-363_SC-70-6_BGA2803;;37.870.000;143.270.000;;;180.000.000;YES;25584
U60;BGA2803;SOT-363_SC-70-6_BGA2803;;141.490.000;143.270.000;;;180.000.000;YES;25584
U60;BGA2803;SOT-363_SC-70-6_BGA2803;;72.410.000;143.270.000;;;180.000.000;YES;25584
U60;BGA2803;SOT-363_SC-70-6_BGA2803;;141.490.000;17.270.000;;;180.000.000;YES;25584
U60;BGA2803;SOT-363_SC-70-6_BGA2803;;106.950.000;59.270.000;;;180.000.000;YES;25584
U60;BGA2803;SOT-363_SC-70-6_BGA2803;;106.950.000;101.270.000;;;180.000.000;YES;25584
U60;BGA2803;SOT-363_SC-70-6_BGA2803;;72.410.000;101.270.000;;;180.000.000;YES;25584
U60;BGA2803;SOT-363_SC-70-6_BGA2803;;37.870.000;59.270.000;;;180.000.000;YES;25584
U61;BGA2803;SOT-363_SC-70-6_BGA2803;;87.750.000;79.730.000;;;0.000000;YES;25584
U61;BGA2803;SOT-363_SC-70-6_BGA2803;;122.290.000;79.730.000;;;0.000000;YES;25584
U61;BGA2803;SOT-363_SC-70-6_BGA2803;;122.290.000;37.730.000;;;0.000000;YES;25584
U61;BGA2803;SOT-363_SC-70-6_BGA2803;;122.290.000;163.730.000;;;0.000000;YES;25584
U61;BGA2803;SOT-363_SC-70-6_BGA2803;;87.750.000;163.730.000;;;0.000000;YES;25584
U61;BGA2803;SOT-363_SC-70-6_BGA2803;;53.210.000;121.730.000;;;0.000000;YES;25584
U61;BGA2803;SOT-363_SC-70-6_BGA2803;;18.670.000;37.730.000;;;0.000000;YES;25584
U61;BGA2803;SOT-363_SC-70-6_BGA2803;;122.290.000;121.730.000;;;0.000000;YES;25584
U61;BGA2803;SOT-363_SC-70-6_BGA2803;;18.670.000;163.730.000;;;0.000000;YES;25584
U61;BGA2803;SOT-363_SC-70-6_BGA2803;;53.210.000;163.730.000;;;0.000000;YES;25584
U61;BGA2803;SOT-363_SC-70-6_BGA2803;;53.210.000;79.730.000;;;0.000000;YES;25584
U61;BGA2803;SOT-363_SC-70-6_BGA2803;;18.670.000;79.730.000;;;0.000000;YES;25584
U61;BGA2803;SOT-363_SC-70-6_BGA2803;;18.670.000;121.730.000;;;0.000000;YES;25584
U61;BGA2803;SOT-363_SC-70-6_BGA2803;;87.750.000;37.730.000;;;0.000000;YES;25584
U61;BGA2803;SOT-363_SC-70-6_BGA2803;;53.210.000;37.730.000;;;0.000000;YES;25584
U61;BGA2803;SOT-363_SC-70-6_BGA2803;;87.750.000;121.730.000;;;0.000000;YES;25584
U62;BGA2803;SOT-363_SC-70-6_BGA2803;;15.470.000;59.270.000;;;180.000.000;YES;25584
U62;BGA2803;SOT-363_SC-70-6_BGA2803;;15.470.000;101.270.000;;;180.000.000;YES;25584
U62;BGA2803;SOT-363_SC-70-6_BGA2803;;84.550.000;143.270.000;;;180.000.000;YES;25584
U62;BGA2803;SOT-363_SC-70-6_BGA2803;;84.550.000;17.270.000;;;180.000.000;YES;25584
U62;BGA2803;SOT-363_SC-70-6_BGA2803;;15.470.000;143.270.000;;;180.000.000;YES;25584
U62;BGA2803;SOT-363_SC-70-6_BGA2803;;84.550.000;101.270.000;;;180.000.000;YES;25584
U62;BGA2803;SOT-363_SC-70-6_BGA2803;;50.010.000;17.270.000;;;180.000.000;YES;25584
U62;BGA2803;SOT-363_SC-70-6_BGA2803;;119.090.000;59.270.000;;;180.000.000;YES;25584
U62;BGA2803;SOT-363_SC-70-6_BGA2803;;119.090.000;17.270.000;;;180.000.000;YES;25584
U62;BGA2803;SOT-363_SC-70-6_BGA2803;;50.010.000;59.270.000;;;180.000.000;YES;25584
U62;BGA2803;SOT-363_SC-70-6_BGA2803;;84.550.000;59.270.000;;;180.000.000;YES;25584
U62;BGA2803;SOT-363_SC-70-6_BGA2803;;50.010.000;143.270.000;;;180.000.000;YES;25584
U62;BGA2803;SOT-363_SC-70-6_BGA2803;;119.090.000;143.270.000;;;180.000.000;YES;25584
U62;BGA2803;SOT-363_SC-70-6_BGA2803;;50.010.000;101.270.000;;;180.000.000;YES;25584
U62;BGA2803;SOT-363_SC-70-6_BGA2803;;119.090.000;101.270.000;;;180.000.000;YES;25584
U62;BGA2803;SOT-363_SC-70-6_BGA2803;;15.470.000;17.270.000;;;180.000.000;YES;25584
U63;BGA2803;SOT-363_SC-70-6_BGA2803;;37.870.000;163.730.000;;;0.000000;YES;25584
U63;BGA2803;SOT-363_SC-70-6_BGA2803;;106.950.000;37.730.000;;;0.000000;YES;25584
U63;BGA2803;SOT-363_SC-70-6_BGA2803;;141.490.000;37.730.000;;;0.000000;YES;25584
U63;BGA2803;SOT-363_SC-70-6_BGA2803;;72.410.000;163.730.000;;;0.000000;YES;25584
U63;BGA2803;SOT-363_SC-70-6_BGA2803;;106.950.000;121.730.000;;;0.000000;YES;25584
U63;BGA2803;SOT-363_SC-70-6_BGA2803;;141.490.000;121.730.000;;;0.000000;YES;25584
U63;BGA2803;SOT-363_SC-70-6_BGA2803;;37.870.000;121.730.000;;;0.000000;YES;25584
U63;BGA2803;SOT-363_SC-70-6_BGA2803;;141.490.000;163.730.000;;;0.000000;YES;25584
U63;BGA2803;SOT-363_SC-70-6_BGA2803;;37.870.000;37.730.000;;;0.000000;YES;25584
U63;BGA2803;SOT-363_SC-70-6_BGA2803;;37.870.000;79.730.000;;;0.000000;YES;25584
U63;BGA2803;SOT-363_SC-70-6_BGA2803;;72.410.000;121.730.000;;;0.000000;YES;25584
U63;BGA2803;SOT-363_SC-70-6_BGA2803;;106.950.000;79.730.000;;;0.000000;YES;25584
U63;BGA2803;SOT-363_SC-70-6_BGA2803;;106.950.000;163.730.000;;;0.000000;YES;25584
U63;BGA2803;SOT-363_SC-70-6_BGA2803;;141.490.000;79.730.000;;;0.000000;YES;25584
U63;BGA2803;SOT-363_SC-70-6_BGA2803;;72.410.000;37.730.000;;;0.000000;YES;25584
U63;BGA2803;SOT-363_SC-70-6_BGA2803;;72.410.000;79.730.000;;;0.000000;YES;25584
U64;BGA2803;SOT-363_SC-70-6_BGA2803;;144.690.000;59.270.000;;;180.000.000;YES;25584
U64;BGA2803;SOT-363_SC-70-6_BGA2803;;110.150.000;101.270.000;;;180.000.000;YES;25584
U64;BGA2803;SOT-363_SC-70-6_BGA2803;;41.070.000;17.270.000;;;180.000.000;YES;25584
U64;BGA2803;SOT-363_SC-70-6_BGA2803;;110.150.000;59.270.000;;;180.000.000;YES;25584
U64;BGA2803;SOT-363_SC-70-6_BGA2803;;41.070.000;59.270.000;;;180.000.000;YES;25584
U64;BGA2803;SOT-363_SC-70-6_BGA2803;;144.690.000;143.270.000;;;180.000.000;YES;25584
U64;BGA2803;SOT-363_SC-70-6_BGA2803;;75.610.000;59.270.000;;;180.000.000;YES;25584
U64;BGA2803;SOT-363_SC-70-6_BGA2803;;75.610.000;101.270.000;;;180.000.000;YES;25584
U64;BGA2803;SOT-363_SC-70-6_BGA2803;;144.690.000;17.270.000;;;180.000.000;YES;25584
U64;BGA2803;SOT-363_SC-70-6_BGA2803;;41.070.000;101.270.000;;;180.000.000;YES;25584
U64;BGA2803;SOT-363_SC-70-6_BGA2803;;41.070.000;143.270.000;;;180.000.000;YES;25584
U64;BGA2803;SOT-363_SC-70-6_BGA2803;;110.150.000;17.270.000;;;180.000.000;YES;25584
U64;BGA2803;SOT-363_SC-70-6_BGA2803;;110.150.000;143.270.000;;;180.000.000;YES;25584
U64;BGA2803;SOT-363_SC-70-6_BGA2803;;75.610.000;17.270.000;;;180.000.000;YES;25584
U64;BGA2803;SOT-363_SC-70-6_BGA2803;;75.610.000;143.270.000;;;180.000.000;YES;25584
U64;BGA2803;SOT-363_SC-70-6_BGA2803;;144.690.000;101.270.000;;;180.000.000;YES;25584
U65;BGA2803;SOT-363_SC-70-6_BGA2803;;28.270.000;21.500.000;;;180.000.000;YES;25584
U65;BGA2803;SOT-363_SC-70-6_BGA2803;;131.890.000;105.500.000;;;180.000.000;YES;25584
U65;BGA2803;SOT-363_SC-70-6_BGA2803;;28.270.000;105.500.000;;;180.000.000;YES;25584
U65;BGA2803;SOT-363_SC-70-6_BGA2803;;62.810.000;147.500.000;;;180.000.000;YES;25584
U65;BGA2803;SOT-363_SC-70-6_BGA2803;;62.810.000;21.500.000;;;180.000.000;YES;25584
U65;BGA2803;SOT-363_SC-70-6_BGA2803;;62.810.000;105.500.000;;;180.000.000;YES;25584
U65;BGA2803;SOT-363_SC-70-6_BGA2803;;97.350.000;21.500.000;;;180.000.000;YES;25584
U65;BGA2803;SOT-363_SC-70-6_BGA2803;;131.890.000;21.500.000;;;180.000.000;YES;25584
U65;BGA2803;SOT-363_SC-70-6_BGA2803;;62.810.000;63.500.000;;;180.000.000;YES;25584
U65;BGA2803;SOT-363_SC-70-6_BGA2803;;97.350.000;105.500.000;;;180.000.000;YES;25584
U65;BGA2803;SOT-363_SC-70-6_BGA2803;;131.890.000;147.500.000;;;180.000.000;YES;25584
U65;BGA2803;SOT-363_SC-70-6_BGA2803;;97.350.000;63.500.000;;;180.000.000;YES;25584
U65;BGA2803;SOT-363_SC-70-6_BGA2803;;131.890.000;63.500.000;;;180.000.000;YES;25584
U65;BGA2803;SOT-363_SC-70-6_BGA2803;;28.270.000;147.500.000;;;180.000.000;YES;25584
U65;BGA2803;SOT-363_SC-70-6_BGA2803;;97.350.000;147.500.000;;;180.000.000;YES;25584
U65;BGA2803;SOT-363_SC-70-6_BGA2803;;28.270.000;63.500.000;;;180.000.000;YES;25584
U66;BGA2803;SOT-363_SC-70-6_BGA2803;;69.210.000;101.270.000;;;180.000.000;YES;25584
U66;BGA2803;SOT-363_SC-70-6_BGA2803;;103.750.000;101.270.000;;;180.000.000;YES;25584
U66;BGA2803;SOT-363_SC-70-6_BGA2803;;138.290.000;143.270.000;;;180.000.000;YES;25584
U66;BGA2803;SOT-363_SC-70-6_BGA2803;;103.750.000;17.270.000;;;180.000.000;YES;25584
U66;BGA2803;SOT-363_SC-70-6_BGA2803;;103.750.000;59.270.000;;;180.000.000;YES;25584
U66;BGA2803;SOT-363_SC-70-6_BGA2803;;69.210.000;143.270.000;;;180.000.000;YES;25584
U66;BGA2803;SOT-363_SC-70-6_BGA2803;;34.670.000;59.270.000;;;180.000.000;YES;25584
U66;BGA2803;SOT-363_SC-70-6_BGA2803;;34.670.000;143.270.000;;;180.000.000;YES;25584
U66;BGA2803;SOT-363_SC-70-6_BGA2803;;34.670.000;17.270.000;;;180.000.000;YES;25584
U66;BGA2803;SOT-363_SC-70-6_BGA2803;;69.210.000;17.270.000;;;180.000.000;YES;25584
U66;BGA2803;SOT-363_SC-70-6_BGA2803;;138.290.000;59.270.000;;;180.000.000;YES;25584
U66;BGA2803;SOT-363_SC-70-6_BGA2803;;103.750.000;143.270.000;;;180.000.000;YES;25584
U66;BGA2803;SOT-363_SC-70-6_BGA2803;;138.290.000;101.270.000;;;180.000.000;YES;25584
U66;BGA2803;SOT-363_SC-70-6_BGA2803;;69.210.000;59.270.000;;;180.000.000;YES;25584
U66;BGA2803;SOT-363_SC-70-6_BGA2803;;138.290.000;17.270.000;;;180.000.000;YES;25584
U66;BGA2803;SOT-363_SC-70-6_BGA2803;;34.670.000;101.270.000;;;180.000.000;YES;25584
C1;10nF/100V;C_0603_1608Metric;;43.557.100;23.337.900;;;270.000.000;NO;
C1;10nF/100V;C_0603_1608Metric;;43.557.100;107.337.900;;;270.000.000;NO;
C1;10nF/100V;C_0603_1608Metric;;78.097.100;149.337.900;;;270.000.000;NO;
C1;10nF/100V;C_0603_1608Metric;;78.097.100;107.337.900;;;270.000.000;NO;
C1;10nF/100V;C_0603_1608Metric;;112.637.100;149.337.900;;;270.000.000;NO;
C1;10nF/100V;C_0603_1608Metric;;112.637.100;65.337.900;;;270.000.000;NO;
C1;10nF/100V;C_0603_1608Metric;;147.177.100;23.337.900;;;270.000.000;NO;
C1;10nF/100V;C_0603_1608Metric;;78.097.100;65.337.900;;;270.000.000;NO;
C1;10nF/100V;C_0603_1608Metric;;147.177.100;149.337.900;;;270.000.000;NO;
C1;10nF/100V;C_0603_1608Metric;;147.177.100;65.337.900;;;270.000.000;NO;
C1;10nF/100V;C_0603_1608Metric;;43.557.100;149.337.900;;;270.000.000;NO;
C1;10nF/100V;C_0603_1608Metric;;147.177.100;107.337.900;;;270.000.000;NO;
C1;10nF/100V;C_0603_1608Metric;;43.557.100;65.337.900;;;270.000.000;NO;
C1;10nF/100V;C_0603_1608Metric;;112.637.100;107.337.900;;;270.000.000;NO;
C1;10nF/100V;C_0603_1608Metric;;78.097.100;23.337.900;;;270.000.000;NO;
C1;10nF/100V;C_0603_1608Metric;;112.637.100;23.337.900;;;270.000.000;NO;
C2;10nF/100V;C_0603_1608Metric;;12.987.100;33.070.000;;;90.000.000;NO;
C2;10nF/100V;C_0603_1608Metric;;12.987.100;159.070.000;;;90.000.000;NO;
C2;10nF/100V;C_0603_1608Metric;;82.067.100;159.070.000;;;90.000.000;NO;
C2;10nF/100V;C_0603_1608Metric;;47.527.100;117.070.000;;;90.000.000;NO;
C2;10nF/100V;C_0603_1608Metric;;47.527.100;159.070.000;;;90.000.000;NO;
C2;10nF/100V;C_0603_1608Metric;;82.067.100;117.070.000;;;90.000.000;NO;
C2;10nF/100V;C_0603_1608Metric;;47.527.100;33.070.000;;;90.000.000;NO;
C2;10nF/100V;C_0603_1608Metric;;82.067.100;75.070.000;;;90.000.000;NO;
C2;10nF/100V;C_0603_1608Metric;;12.987.100;75.070.000;;;90.000.000;NO;
C2;10nF/100V;C_0603_1608Metric;;116.607.100;117.070.000;;;90.000.000;NO;
C2;10nF/100V;C_0603_1608Metric;;116.607.100;75.070.000;;;90.000.000;NO;
C2;10nF/100V;C_0603_1608Metric;;116.607.100;33.070.000;;;90.000.000;NO;
C2;10nF/100V;C_0603_1608Metric;;116.607.100;159.070.000;;;90.000.000;NO;
C2;10nF/100V;C_0603_1608Metric;;12.987.100;117.070.000;;;90.000.000;NO;
C2;10nF/100V;C_0603_1608Metric;;82.067.100;33.070.000;;;90.000.000;NO;
C2;10nF/100V;C_0603_1608Metric;;47.527.100;75.070.000;;;90.000.000;NO;
C3;1nF;C_0201_0603Metric;;49.285.000;115.912.900;;;180.000.000;NO;26088
C3;1nF;C_0201_0603Metric;;14.745.000;31.912.900;;;180.000.000;NO;26088
C3;1nF;C_0201_0603Metric;;118.365.000;157.912.900;;;180.000.000;NO;26088
C3;1nF;C_0201_0603Metric;;83.825.000;115.912.900;;;180.000.000;NO;26088
C3;1nF;C_0201_0603Metric;;49.285.000;157.912.900;;;180.000.000;NO;26088
C3;1nF;C_0201_0603Metric;;49.285.000;31.912.900;;;180.000.000;NO;26088
C3;1nF;C_0201_0603Metric;;118.365.000;73.912.900;;;180.000.000;NO;26088
C3;1nF;C_0201_0603Metric;;14.745.000;157.912.900;;;180.000.000;NO;26088
C3;1nF;C_0201_0603Metric;;14.745.000;73.912.900;;;180.000.000;NO;26088
C3;1nF;C_0201_0603Metric;;83.825.000;73.912.900;;;180.000.000;NO;26088
C3;1nF;C_0201_0603Metric;;83.825.000;157.912.900;;;180.000.000;NO;26088
C3;1nF;C_0201_0603Metric;;49.285.000;73.912.900;;;180.000.000;NO;26088
C3;1nF;C_0201_0603Metric;;14.745.000;115.912.900;;;180.000.000;NO;26088
C3;1nF;C_0201_0603Metric;;83.825.000;31.912.900;;;180.000.000;NO;26088
C3;1nF;C_0201_0603Metric;;118.365.000;115.912.900;;;180.000.000;NO;26088
C3;1nF;C_0201_0603Metric;;118.365.000;31.912.900;;;180.000.000;NO;26088
C4;100nF;C_0201_0603Metric;;119.815.000;74.452.900;;;180.000.000;NO;26069
C4;100nF;C_0201_0603Metric;;85.275.000;116.452.900;;;180.000.000;NO;26069
C4;100nF;C_0201_0603Metric;;16.195.000;32.452.900;;;180.000.000;NO;26069
C4;100nF;C_0201_0603Metric;;85.275.000;74.452.900;;;180.000.000;NO;26069
C4;100nF;C_0201_0603Metric;;16.195.000;158.452.900;;;180.000.000;NO;26069
C4;100nF;C_0201_0603Metric;;119.815.000;158.452.900;;;180.000.000;NO;26069
C4;100nF;C_0201_0603Metric;;85.275.000;32.452.900;;;180.000.000;NO;26069
C4;100nF;C_0201_0603Metric;;50.735.000;116.452.900;;;180.000.000;NO;26069
C4;100nF;C_0201_0603Metric;;85.275.000;158.452.900;;;180.000.000;NO;26069
C4;100nF;C_0201_0603Metric;;119.815.000;116.452.900;;;180.000.000;NO;26069
C4;100nF;C_0201_0603Metric;;16.195.000;74.452.900;;;180.000.000;NO;26069
C4;100nF;C_0201_0603Metric;;16.195.000;116.452.900;;;180.000.000;NO;26069
C4;100nF;C_0201_0603Metric;;50.735.000;32.452.900;;;180.000.000;NO;26069
C4;100nF;C_0201_0603Metric;;119.815.000;32.452.900;;;180.000.000;NO;26069
C4;100nF;C_0201_0603Metric;;50.735.000;158.452.900;;;180.000.000;NO;26069
C4;100nF;C_0201_0603Metric;;50.735.000;74.452.900;;;180.000.000;NO;26069
C5;1pF;C_0201_0603Metric;;49.285.000;32.452.900;;;180.000.000;NO;25983
C5;1pF;C_0201_0603Metric;;118.365.000;32.452.900;;;180.000.000;NO;25983
C5;1pF;C_0201_0603Metric;;83.825.000;32.452.900;;;180.000.000;NO;25983
C5;1pF;C_0201_0603Metric;;83.825.000;116.452.900;;;180.000.000;NO;25983
C5;1pF;C_0201_0603Metric;;49.285.000;158.452.900;;;180.000.000;NO;25983
C5;1pF;C_0201_0603Metric;;83.825.000;158.452.900;;;180.000.000;NO;25983
C5;1pF;C_0201_0603Metric;;118.365.000;158.452.900;;;180.000.000;NO;25983
C5;1pF;C_0201_0603Metric;;49.285.000;74.452.900;;;180.000.000;NO;25983
C5;1pF;C_0201_0603Metric;;14.745.000;74.452.900;;;180.000.000;NO;25983
C5;1pF;C_0201_0603Metric;;14.745.000;116.452.900;;;180.000.000;NO;25983
C5;1pF;C_0201_0603Metric;;83.825.000;74.452.900;;;180.000.000;NO;25983
C5;1pF;C_0201_0603Metric;;49.285.000;116.452.900;;;180.000.000;NO;25983
C5;1pF;C_0201_0603Metric;;14.745.000;32.452.900;;;180.000.000;NO;25983
C5;1pF;C_0201_0603Metric;;118.365.000;74.452.900;;;180.000.000;NO;25983
C5;1pF;C_0201_0603Metric;;14.745.000;158.452.900;;;180.000.000;NO;25983
C5;1pF;C_0201_0603Metric;;118.365.000;116.452.900;;;180.000.000;NO;25983
C6;1nF;C_0201_0603Metric;;16.195.000;76.902.900;;;180.000.000;NO;26088
C6;1nF;C_0201_0603Metric;;50.735.000;118.902.900;;;180.000.000;NO;26088
C6;1nF;C_0201_0603Metric;;85.275.000;118.902.900;;;180.000.000;NO;26088
C6;1nF;C_0201_0603Metric;;119.815.000;160.902.900;;;180.000.000;NO;26088
C6;1nF;C_0201_0603Metric;;85.275.000;160.902.900;;;180.000.000;NO;26088
C6;1nF;C_0201_0603Metric;;85.275.000;34.902.900;;;180.000.000;NO;26088
C6;1nF;C_0201_0603Metric;;16.195.000;160.902.900;;;180.000.000;NO;26088
C6;1nF;C_0201_0603Metric;;50.735.000;160.902.900;;;180.000.000;NO;26088
C6;1nF;C_0201_0603Metric;;16.195.000;34.902.900;;;180.000.000;NO;26088
C6;1nF;C_0201_0603Metric;;119.815.000;76.902.900;;;180.000.000;NO;26088
C6;1nF;C_0201_0603Metric;;16.195.000;118.902.900;;;180.000.000;NO;26088
C6;1nF;C_0201_0603Metric;;50.735.000;34.902.900;;;180.000.000;NO;26088
C6;1nF;C_0201_0603Metric;;50.735.000;76.902.900;;;180.000.000;NO;26088
C6;1nF;C_0201_0603Metric;;119.815.000;34.902.900;;;180.000.000;NO;26088
C6;1nF;C_0201_0603Metric;;85.275.000;76.902.900;;;180.000.000;NO;26088
C6;1nF;C_0201_0603Metric;;119.815.000;118.902.900;;;180.000.000;NO;26088
C7;1pF;C_0201_0603Metric;;83.825.000;76.902.900;;;180.000.000;NO;25983
C7;1pF;C_0201_0603Metric;;49.285.000;34.902.900;;;180.000.000;NO;25983
C7;1pF;C_0201_0603Metric;;14.745.000;118.902.900;;;180.000.000;NO;25983
C7;1pF;C_0201_0603Metric;;83.825.000;160.902.900;;;180.000.000;NO;25983
C7;1pF;C_0201_0603Metric;;14.745.000;160.902.900;;;180.000.000;NO;25983
C7;1pF;C_0201_0603Metric;;49.285.000;118.902.900;;;180.000.000;NO;25983
C7;1pF;C_0201_0603Metric;;14.745.000;76.902.900;;;180.000.000;NO;25983
C7;1pF;C_0201_0603Metric;;118.365.000;160.902.900;;;180.000.000;NO;25983
C7;1pF;C_0201_0603Metric;;49.285.000;160.902.900;;;180.000.000;NO;25983
C7;1pF;C_0201_0603Metric;;118.365.000;76.902.900;;;180.000.000;NO;25983
C7;1pF;C_0201_0603Metric;;118.365.000;118.902.900;;;180.000.000;NO;25983
C7;1pF;C_0201_0603Metric;;49.285.000;76.902.900;;;180.000.000;NO;25983
C7;1pF;C_0201_0603Metric;;83.825.000;118.902.900;;;180.000.000;NO;25983
C7;1pF;C_0201_0603Metric;;83.825.000;34.902.900;;;180.000.000;NO;25983
C7;1pF;C_0201_0603Metric;;14.745.000;34.902.900;;;180.000.000;NO;25983
C7;1pF;C_0201_0603Metric;;118.365.000;34.902.900;;;180.000.000;NO;25983
C8;1nF;C_0201_0603Metric;;90.225.000;115.912.900;;;180.000.000;NO;26088
C8;1nF;C_0201_0603Metric;;55.685.000;157.912.900;;;180.000.000;NO;26088
C8;1nF;C_0201_0603Metric;;124.765.000;115.912.900;;;180.000.000;NO;26088
C8;1nF;C_0201_0603Metric;;55.685.000;31.912.900;;;180.000.000;NO;26088
C8;1nF;C_0201_0603Metric;;55.685.000;115.912.900;;;180.000.000;NO;26088
C8;1nF;C_0201_0603Metric;;124.765.000;31.912.900;;;180.000.000;NO;26088
C8;1nF;C_0201_0603Metric;;21.145.000;73.912.900;;;180.000.000;NO;26088
C8;1nF;C_0201_0603Metric;;90.225.000;157.912.900;;;180.000.000;NO;26088
C8;1nF;C_0201_0603Metric;;21.145.000;31.912.900;;;180.000.000;NO;26088
C8;1nF;C_0201_0603Metric;;55.685.000;73.912.900;;;180.000.000;NO;26088
C8;1nF;C_0201_0603Metric;;124.765.000;157.912.900;;;180.000.000;NO;26088
C8;1nF;C_0201_0603Metric;;124.765.000;73.912.900;;;180.000.000;NO;26088
C8;1nF;C_0201_0603Metric;;90.225.000;31.912.900;;;180.000.000;NO;26088
C8;1nF;C_0201_0603Metric;;21.145.000;115.912.900;;;180.000.000;NO;26088
C8;1nF;C_0201_0603Metric;;21.145.000;157.912.900;;;180.000.000;NO;26088
C8;1nF;C_0201_0603Metric;;90.225.000;73.912.900;;;180.000.000;NO;26088
C9;100nF;C_0201_0603Metric;;91.675.000;74.452.900;;;180.000.000;NO;26069
C9;100nF;C_0201_0603Metric;;91.675.000;32.452.900;;;180.000.000;NO;26069
C9;100nF;C_0201_0603Metric;;22.595.000;116.452.900;;;180.000.000;NO;26069
C9;100nF;C_0201_0603Metric;;57.135.000;32.452.900;;;180.000.000;NO;26069
C9;100nF;C_0201_0603Metric;;22.595.000;32.452.900;;;180.000.000;NO;26069
C9;100nF;C_0201_0603Metric;;126.215.000;32.452.900;;;180.000.000;NO;26069
C9;100nF;C_0201_0603Metric;;57.135.000;116.452.900;;;180.000.000;NO;26069
C9;100nF;C_0201_0603Metric;;22.595.000;158.452.900;;;180.000.000;NO;26069
C9;100nF;C_0201_0603Metric;;91.675.000;116.452.900;;;180.000.000;NO;26069
C9;100nF;C_0201_0603Metric;;126.215.000;74.452.900;;;180.000.000;NO;26069
C9;100nF;C_0201_0603Metric;;22.595.000;74.452.900;;;180.000.000;NO;26069
C9;100nF;C_0201_0603Metric;;126.215.000;158.452.900;;;180.000.000;NO;26069
C9;100nF;C_0201_0603Metric;;57.135.000;158.452.900;;;180.000.000;NO;26069
C9;100nF;C_0201_0603Metric;;57.135.000;74.452.900;;;180.000.000;NO;26069
C9;100nF;C_0201_0603Metric;;91.675.000;158.452.900;;;180.000.000;NO;26069
C9;100nF;C_0201_0603Metric;;126.215.000;116.452.900;;;180.000.000;NO;26069
C10;1pF;C_0201_0603Metric;;21.145.000;158.452.900;;;180.000.000;NO;25983
C10;1pF;C_0201_0603Metric;;124.765.000;74.452.900;;;180.000.000;NO;25983
C10;1pF;C_0201_0603Metric;;55.685.000;32.452.900;;;180.000.000;NO;25983
C10;1pF;C_0201_0603Metric;;90.225.000;32.452.900;;;180.000.000;NO;25983
C10;1pF;C_0201_0603Metric;;124.765.000;158.452.900;;;180.000.000;NO;25983
C10;1pF;C_0201_0603Metric;;124.765.000;32.452.900;;;180.000.000;NO;25983
C10;1pF;C_0201_0603Metric;;21.145.000;74.452.900;;;180.000.000;NO;25983
C10;1pF;C_0201_0603Metric;;21.145.000;32.452.900;;;180.000.000;NO;25983
C10;1pF;C_0201_0603Metric;;55.685.000;158.452.900;;;180.000.000;NO;25983
C10;1pF;C_0201_0603Metric;;90.225.000;74.452.900;;;180.000.000;NO;25983
C10;1pF;C_0201_0603Metric;;55.685.000;116.452.900;;;180.000.000;NO;25983
C10;1pF;C_0201_0603Metric;;55.685.000;74.452.900;;;180.000.000;NO;25983
C10;1pF;C_0201_0603Metric;;90.225.000;158.452.900;;;180.000.000;NO;25983
C10;1pF;C_0201_0603Metric;;124.765.000;116.452.900;;;180.000.000;NO;25983
C10;1pF;C_0201_0603Metric;;90.225.000;116.452.900;;;180.000.000;NO;25983
C10;1pF;C_0201_0603Metric;;21.145.000;116.452.900;;;180.000.000;NO;25983
C11;1nF;C_0201_0603Metric;;126.215.000;118.902.900;;;180.000.000;NO;26088
C11;1nF;C_0201_0603Metric;;57.135.000;118.902.900;;;180.000.000;NO;26088
C11;1nF;C_0201_0603Metric;;57.135.000;160.902.900;;;180.000.000;NO;26088
C11;1nF;C_0201_0603Metric;;126.215.000;160.902.900;;;180.000.000;NO;26088
C11;1nF;C_0201_0603Metric;;91.675.000;118.902.900;;;180.000.000;NO;26088
C11;1nF;C_0201_0603Metric;;22.595.000;118.902.900;;;180.000.000;NO;26088
C11;1nF;C_0201_0603Metric;;91.675.000;34.902.900;;;180.000.000;NO;26088
C11;1nF;C_0201_0603Metric;;57.135.000;76.902.900;;;180.000.000;NO;26088
C11;1nF;C_0201_0603Metric;;22.595.000;76.902.900;;;180.000.000;NO;26088
C11;1nF;C_0201_0603Metric;;91.675.000;76.902.900;;;180.000.000;NO;26088
C11;1nF;C_0201_0603Metric;;91.675.000;160.902.900;;;180.000.000;NO;26088
C11;1nF;C_0201_0603Metric;;126.215.000;34.902.900;;;180.000.000;NO;26088
C11;1nF;C_0201_0603Metric;;57.135.000;34.902.900;;;180.000.000;NO;26088
C11;1nF;C_0201_0603Metric;;126.215.000;76.902.900;;;180.000.000;NO;26088
C11;1nF;C_0201_0603Metric;;22.595.000;160.902.900;;;180.000.000;NO;26088
C11;1nF;C_0201_0603Metric;;22.595.000;34.902.900;;;180.000.000;NO;26088
C12;1pF;C_0201_0603Metric;;55.685.000;118.902.900;;;180.000.000;NO;25983
C12;1pF;C_0201_0603Metric;;21.145.000;34.902.900;;;180.000.000;NO;25983
C12;1pF;C_0201_0603Metric;;55.685.000;76.902.900;;;180.000.000;NO;25983
C12;1pF;C_0201_0603Metric;;90.225.000;118.902.900;;;180.000.000;NO;25983
C12;1pF;C_0201_0603Metric;;124.765.000;118.902.900;;;180.000.000;NO;25983
C12;1pF;C_0201_0603Metric;;124.765.000;76.902.900;;;180.000.000;NO;25983
C12;1pF;C_0201_0603Metric;;55.685.000;160.902.900;;;180.000.000;NO;25983
C12;1pF;C_0201_0603Metric;;90.225.000;34.902.900;;;180.000.000;NO;25983
C12;1pF;C_0201_0603Metric;;21.145.000;160.902.900;;;180.000.000;NO;25983
C12;1pF;C_0201_0603Metric;;124.765.000;34.902.900;;;180.000.000;NO;25983
C12;1pF;C_0201_0603Metric;;90.225.000;76.902.900;;;180.000.000;NO;25983
C12;1pF;C_0201_0603Metric;;124.765.000;160.902.900;;;180.000.000;NO;25983
C12;1pF;C_0201_0603Metric;;90.225.000;160.902.900;;;180.000.000;NO;25983
C12;1pF;C_0201_0603Metric;;21.145.000;118.902.900;;;180.000.000;NO;25983
C12;1pF;C_0201_0603Metric;;21.145.000;76.902.900;;;180.000.000;NO;25983
C12;1pF;C_0201_0603Metric;;55.685.000;34.902.900;;;180.000.000;NO;25983
C13;1nF;C_0201_0603Metric;;127.965.000;157.912.900;;;180.000.000;NO;26088
C13;1nF;C_0201_0603Metric;;58.885.000;157.912.900;;;180.000.000;NO;26088
C13;1nF;C_0201_0603Metric;;127.965.000;31.912.900;;;180.000.000;NO;26088
C13;1nF;C_0201_0603Metric;;24.345.000;157.912.900;;;180.000.000;NO;26088
C13;1nF;C_0201_0603Metric;;24.345.000;73.912.900;;;180.000.000;NO;26088
C13;1nF;C_0201_0603Metric;;24.345.000;31.912.900;;;180.000.000;NO;26088
C13;1nF;C_0201_0603Metric;;24.345.000;115.912.900;;;180.000.000;NO;26088
C13;1nF;C_0201_0603Metric;;93.425.000;115.912.900;;;180.000.000;NO;26088
C13;1nF;C_0201_0603Metric;;93.425.000;73.912.900;;;180.000.000;NO;26088
C13;1nF;C_0201_0603Metric;;58.885.000;73.912.900;;;180.000.000;NO;26088
C13;1nF;C_0201_0603Metric;;93.425.000;157.912.900;;;180.000.000;NO;26088
C13;1nF;C_0201_0603Metric;;127.965.000;115.912.900;;;180.000.000;NO;26088
C13;1nF;C_0201_0603Metric;;58.885.000;31.912.900;;;180.000.000;NO;26088
C13;1nF;C_0201_0603Metric;;93.425.000;31.912.900;;;180.000.000;NO;26088
C13;1nF;C_0201_0603Metric;;127.965.000;73.912.900;;;180.000.000;NO;26088
C13;1nF;C_0201_0603Metric;;58.885.000;115.912.900;;;180.000.000;NO;26088
C14;100nF;C_0201_0603Metric;;129.415.000;116.452.900;;;180.000.000;NO;26069
C14;100nF;C_0201_0603Metric;;60.335.000;116.452.900;;;180.000.000;NO;26069
C14;100nF;C_0201_0603Metric;;129.415.000;74.452.900;;;180.000.000;NO;26069
C14;100nF;C_0201_0603Metric;;60.335.000;32.452.900;;;180.000.000;NO;26069
C14;100nF;C_0201_0603Metric;;25.795.000;116.452.900;;;180.000.000;NO;26069
C14;100nF;C_0201_0603Metric;;94.875.000;116.452.900;;;180.000.000;NO;26069
C14;100nF;C_0201_0603Metric;;60.335.000;74.452.900;;;180.000.000;NO;26069
C14;100nF;C_0201_0603Metric;;129.415.000;158.452.900;;;180.000.000;NO;26069
C14;100nF;C_0201_0603Metric;;94.875.000;32.452.900;;;180.000.000;NO;26069
C14;100nF;C_0201_0603Metric;;60.335.000;158.452.900;;;180.000.000;NO;26069
C14;100nF;C_0201_0603Metric;;25.795.000;158.452.900;;;180.000.000;NO;26069
C14;100nF;C_0201_0603Metric;;129.415.000;32.452.900;;;180.000.000;NO;26069
C14;100nF;C_0201_0603Metric;;94.875.000;158.452.900;;;180.000.000;NO;26069
C14;100nF;C_0201_0603Metric;;25.795.000;32.452.900;;;180.000.000;NO;26069
C14;100nF;C_0201_0603Metric;;94.875.000;74.452.900;;;180.000.000;NO;26069
C14;100nF;C_0201_0603Metric;;25.795.000;74.452.900;;;180.000.000;NO;26069
C15;1pF;C_0201_0603Metric;;24.345.000;32.452.900;;;180.000.000;NO;25983
C15;1pF;C_0201_0603Metric;;93.425.000;74.452.900;;;180.000.000;NO;25983
C15;1pF;C_0201_0603Metric;;58.885.000;158.452.900;;;180.000.000;NO;25983
C15;1pF;C_0201_0603Metric;;127.965.000;32.452.900;;;180.000.000;NO;25983
C15;1pF;C_0201_0603Metric;;127.965.000;116.452.900;;;180.000.000;NO;25983
C15;1pF;C_0201_0603Metric;;93.425.000;32.452.900;;;180.000.000;NO;25983
C15;1pF;C_0201_0603Metric;;24.345.000;116.452.900;;;180.000.000;NO;25983
C15;1pF;C_0201_0603Metric;;93.425.000;116.452.900;;;180.000.000;NO;25983
C15;1pF;C_0201_0603Metric;;58.885.000;32.452.900;;;180.000.000;NO;25983
C15;1pF;C_0201_0603Metric;;58.885.000;74.452.900;;;180.000.000;NO;25983
C15;1pF;C_0201_0603Metric;;24.345.000;158.452.900;;;180.000.000;NO;25983
C15;1pF;C_0201_0603Metric;;93.425.000;158.452.900;;;180.000.000;NO;25983
C15;1pF;C_0201_0603Metric;;127.965.000;158.452.900;;;180.000.000;NO;25983
C15;1pF;C_0201_0603Metric;;24.345.000;74.452.900;;;180.000.000;NO;25983
C15;1pF;C_0201_0603Metric;;58.885.000;116.452.900;;;180.000.000;NO;25983
C15;1pF;C_0201_0603Metric;;127.965.000;74.452.900;;;180.000.000;NO;25983
C16;1nF;C_0201_0603Metric;;94.875.000;76.902.900;;;180.000.000;NO;26088
C16;1nF;C_0201_0603Metric;;60.335.000;76.902.900;;;180.000.000;NO;26088
C16;1nF;C_0201_0603Metric;;60.335.000;34.902.900;;;180.000.000;NO;26088
C16;1nF;C_0201_0603Metric;;25.795.000;160.902.900;;;180.000.000;NO;26088
C16;1nF;C_0201_0603Metric;;129.415.000;118.902.900;;;180.000.000;NO;26088
C16;1nF;C_0201_0603Metric;;94.875.000;160.902.900;;;180.000.000;NO;26088
C16;1nF;C_0201_0603Metric;;129.415.000;34.902.900;;;180.000.000;NO;26088
C16;1nF;C_0201_0603Metric;;25.795.000;76.902.900;;;180.000.000;NO;26088
C16;1nF;C_0201_0603Metric;;129.415.000;76.902.900;;;180.000.000;NO;26088
C16;1nF;C_0201_0603Metric;;25.795.000;118.902.900;;;180.000.000;NO;26088
C16;1nF;C_0201_0603Metric;;60.335.000;118.902.900;;;180.000.000;NO;26088
C16;1nF;C_0201_0603Metric;;25.795.000;34.902.900;;;180.000.000;NO;26088
C16;1nF;C_0201_0603Metric;;94.875.000;118.902.900;;;180.000.000;NO;26088
C16;1nF;C_0201_0603Metric;;94.875.000;34.902.900;;;180.000.000;NO;26088
C16;1nF;C_0201_0603Metric;;60.335.000;160.902.900;;;180.000.000;NO;26088
C16;1nF;C_0201_0603Metric;;129.415.000;160.902.900;;;180.000.000;NO;26088
C17;1pF;C_0201_0603Metric;;58.885.000;118.902.900;;;180.000.000;NO;25983
C17;1pF;C_0201_0603Metric;;93.425.000;34.902.900;;;180.000.000;NO;25983
C17;1pF;C_0201_0603Metric;;93.425.000;76.902.900;;;180.000.000;NO;25983
C17;1pF;C_0201_0603Metric;;58.885.000;76.902.900;;;180.000.000;NO;25983
C17;1pF;C_0201_0603Metric;;127.965.000;34.902.900;;;180.000.000;NO;25983
C17;1pF;C_0201_0603Metric;;127.965.000;76.902.900;;;180.000.000;NO;25983
C17;1pF;C_0201_0603Metric;;127.965.000;160.902.900;;;180.000.000;NO;25983
C17;1pF;C_0201_0603Metric;;127.965.000;118.902.900;;;180.000.000;NO;25983
C17;1pF;C_0201_0603Metric;;58.885.000;34.902.900;;;180.000.000;NO;25983
C17;1pF;C_0201_0603Metric;;24.345.000;34.902.900;;;180.000.000;NO;25983
C17;1pF;C_0201_0603Metric;;24.345.000;118.902.900;;;180.000.000;NO;25983
C17;1pF;C_0201_0603Metric;;93.425.000;118.902.900;;;180.000.000;NO;25983
C17;1pF;C_0201_0603Metric;;58.885.000;160.902.900;;;180.000.000;NO;25983
C17;1pF;C_0201_0603Metric;;24.345.000;76.902.900;;;180.000.000;NO;25983
C17;1pF;C_0201_0603Metric;;24.345.000;160.902.900;;;180.000.000;NO;25983
C17;1pF;C_0201_0603Metric;;93.425.000;160.902.900;;;180.000.000;NO;25983
C18;1nF;C_0201_0603Metric;;96.625.000;157.912.900;;;180.000.000;NO;26088
C18;1nF;C_0201_0603Metric;;131.165.000;157.912.900;;;180.000.000;NO;26088
C18;1nF;C_0201_0603Metric;;62.085.000;157.912.900;;;180.000.000;NO;26088
C18;1nF;C_0201_0603Metric;;27.545.000;31.912.900;;;180.000.000;NO;26088
C18;1nF;C_0201_0603Metric;;131.165.000;115.912.900;;;180.000.000;NO;26088
C18;1nF;C_0201_0603Metric;;96.625.000;115.912.900;;;180.000.000;NO;26088
C18;1nF;C_0201_0603Metric;;27.545.000;115.912.900;;;180.000.000;NO;26088
C18;1nF;C_0201_0603Metric;;62.085.000;115.912.900;;;180.000.000;NO;26088
C18;1nF;C_0201_0603Metric;;62.085.000;73.912.900;;;180.000.000;NO;26088
C18;1nF;C_0201_0603Metric;;62.085.000;31.912.900;;;180.000.000;NO;26088
C18;1nF;C_0201_0603Metric;;96.625.000;73.912.900;;;180.000.000;NO;26088
C18;1nF;C_0201_0603Metric;;131.165.000;73.912.900;;;180.000.000;NO;26088
C18;1nF;C_0201_0603Metric;;96.625.000;31.912.900;;;180.000.000;NO;26088
C18;1nF;C_0201_0603Metric;;27.545.000;73.912.900;;;180.000.000;NO;26088
C18;1nF;C_0201_0603Metric;;27.545.000;157.912.900;;;180.000.000;NO;26088
C18;1nF;C_0201_0603Metric;;131.165.000;31.912.900;;;180.000.000;NO;26088
C19;100nF;C_0201_0603Metric;;98.075.000;74.452.900;;;180.000.000;NO;26069
C19;100nF;C_0201_0603Metric;;28.995.000;158.452.900;;;180.000.000;NO;26069
C19;100nF;C_0201_0603Metric;;132.615.000;32.452.900;;;180.000.000;NO;26069
C19;100nF;C_0201_0603Metric;;28.995.000;32.452.900;;;180.000.000;NO;26069
C19;100nF;C_0201_0603Metric;;28.995.000;74.452.900;;;180.000.000;NO;26069
C19;100nF;C_0201_0603Metric;;63.535.000;116.452.900;;;180.000.000;NO;26069
C19;100nF;C_0201_0603Metric;;63.535.000;32.452.900;;;180.000.000;NO;26069
C19;100nF;C_0201_0603Metric;;132.615.000;116.452.900;;;180.000.000;NO;26069
C19;100nF;C_0201_0603Metric;;98.075.000;32.452.900;;;180.000.000;NO;26069
C19;100nF;C_0201_0603Metric;;63.535.000;74.452.900;;;180.000.000;NO;26069
C19;100nF;C_0201_0603Metric;;132.615.000;74.452.900;;;180.000.000;NO;26069
C19;100nF;C_0201_0603Metric;;132.615.000;158.452.900;;;180.000.000;NO;26069
C19;100nF;C_0201_0603Metric;;28.995.000;116.452.900;;;180.000.000;NO;26069
C19;100nF;C_0201_0603Metric;;98.075.000;158.452.900;;;180.000.000;NO;26069
C19;100nF;C_0201_0603Metric;;98.075.000;116.452.900;;;180.000.000;NO;26069
C19;100nF;C_0201_0603Metric;;63.535.000;158.452.900;;;180.000.000;NO;26069
C20;1pF;C_0201_0603Metric;;27.545.000;32.452.900;;;180.000.000;NO;25983
C20;1pF;C_0201_0603Metric;;131.165.000;158.452.900;;;180.000.000;NO;25983
C20;1pF;C_0201_0603Metric;;131.165.000;74.452.900;;;180.000.000;NO;25983
C20;1pF;C_0201_0603Metric;;96.625.000;32.452.900;;;180.000.000;NO;25983
C20;1pF;C_0201_0603Metric;;27.545.000;116.452.900;;;180.000.000;NO;25983
C20;1pF;C_0201_0603Metric;;131.165.000;32.452.900;;;180.000.000;NO;25983
C20;1pF;C_0201_0603Metric;;62.085.000;74.452.900;;;180.000.000;NO;25983
C20;1pF;C_0201_0603Metric;;96.625.000;158.452.900;;;180.000.000;NO;25983
C20;1pF;C_0201_0603Metric;;96.625.000;116.452.900;;;180.000.000;NO;25983
C20;1pF;C_0201_0603Metric;;27.545.000;74.452.900;;;180.000.000;NO;25983
C20;1pF;C_0201_0603Metric;;62.085.000;158.452.900;;;180.000.000;NO;25983
C20;1pF;C_0201_0603Metric;;27.545.000;158.452.900;;;180.000.000;NO;25983
C20;1pF;C_0201_0603Metric;;96.625.000;74.452.900;;;180.000.000;NO;25983
C20;1pF;C_0201_0603Metric;;62.085.000;32.452.900;;;180.000.000;NO;25983
C20;1pF;C_0201_0603Metric;;62.085.000;116.452.900;;;180.000.000;NO;25983
C20;1pF;C_0201_0603Metric;;131.165.000;116.452.900;;;180.000.000;NO;25983
C21;1nF;C_0201_0603Metric;;132.615.000;160.902.900;;;180.000.000;NO;26088
C21;1nF;C_0201_0603Metric;;98.075.000;160.902.900;;;180.000.000;NO;26088
C21;1nF;C_0201_0603Metric;;98.075.000;34.902.900;;;180.000.000;NO;26088
C21;1nF;C_0201_0603Metric;;63.535.000;118.902.900;;;180.000.000;NO;26088
C21;1nF;C_0201_0603Metric;;63.535.000;34.902.900;;;180.000.000;NO;26088
C21;1nF;C_0201_0603Metric;;63.535.000;76.902.900;;;180.000.000;NO;26088
C21;1nF;C_0201_0603Metric;;132.615.000;76.902.900;;;180.000.000;NO;26088
C21;1nF;C_0201_0603Metric;;28.995.000;34.902.900;;;180.000.000;NO;26088
C21;1nF;C_0201_0603Metric;;63.535.000;160.902.900;;;180.000.000;NO;26088
C21;1nF;C_0201_0603Metric;;28.995.000;118.902.900;;;180.000.000;NO;26088
C21;1nF;C_0201_0603Metric;;98.075.000;118.902.900;;;180.000.000;NO;26088
C21;1nF;C_0201_0603Metric;;132.615.000;118.902.900;;;180.000.000;NO;26088
C21;1nF;C_0201_0603Metric;;28.995.000;76.902.900;;;180.000.000;NO;26088
C21;1nF;C_0201_0603Metric;;28.995.000;160.902.900;;;180.000.000;NO;26088
C21;1nF;C_0201_0603Metric;;132.615.000;34.902.900;;;180.000.000;NO;26088
C21;1nF;C_0201_0603Metric;;98.075.000;76.902.900;;;180.000.000;NO;26088
C22;1pF;C_0201_0603Metric;;27.545.000;118.902.900;;;180.000.000;NO;25983
C22;1pF;C_0201_0603Metric;;62.085.000;76.902.900;;;180.000.000;NO;25983
C22;1pF;C_0201_0603Metric;;27.545.000;160.902.900;;;180.000.000;NO;25983
C22;1pF;C_0201_0603Metric;;131.165.000;76.902.900;;;180.000.000;NO;25983
C22;1pF;C_0201_0603Metric;;96.625.000;118.902.900;;;180.000.000;NO;25983
C22;1pF;C_0201_0603Metric;;131.165.000;160.902.900;;;180.000.000;NO;25983
C22;1pF;C_0201_0603Metric;;62.085.000;34.902.900;;;180.000.000;NO;25983
C22;1pF;C_0201_0603Metric;;96.625.000;160.902.900;;;180.000.000;NO;25983
C22;1pF;C_0201_0603Metric;;131.165.000;118.902.900;;;180.000.000;NO;25983
C22;1pF;C_0201_0603Metric;;96.625.000;76.902.900;;;180.000.000;NO;25983
C22;1pF;C_0201_0603Metric;;131.165.000;34.902.900;;;180.000.000;NO;25983
C22;1pF;C_0201_0603Metric;;27.545.000;34.902.900;;;180.000.000;NO;25983
C22;1pF;C_0201_0603Metric;;62.085.000;118.902.900;;;180.000.000;NO;25983
C22;1pF;C_0201_0603Metric;;27.545.000;76.902.900;;;180.000.000;NO;25983
C22;1pF;C_0201_0603Metric;;96.625.000;34.902.900;;;180.000.000;NO;25983
C22;1pF;C_0201_0603Metric;;62.085.000;160.902.900;;;180.000.000;NO;25983
C23;1nF;C_0201_0603Metric;;99.825.000;115.912.900;;;180.000.000;NO;26088
C23;1nF;C_0201_0603Metric;;65.285.000;73.912.900;;;180.000.000;NO;26088
C23;1nF;C_0201_0603Metric;;65.285.000;115.912.900;;;180.000.000;NO;26088
C23;1nF;C_0201_0603Metric;;65.285.000;31.912.900;;;180.000.000;NO;26088
C23;1nF;C_0201_0603Metric;;134.365.000;31.912.900;;;180.000.000;NO;26088
C23;1nF;C_0201_0603Metric;;30.745.000;115.912.900;;;180.000.000;NO;26088
C23;1nF;C_0201_0603Metric;;65.285.000;157.912.900;;;180.000.000;NO;26088
C23;1nF;C_0201_0603Metric;;134.365.000;115.912.900;;;180.000.000;NO;26088
C23;1nF;C_0201_0603Metric;;99.825.000;157.912.900;;;180.000.000;NO;26088
C23;1nF;C_0201_0603Metric;;30.745.000;31.912.900;;;180.000.000;NO;26088
C23;1nF;C_0201_0603Metric;;134.365.000;157.912.900;;;180.000.000;NO;26088
C23;1nF;C_0201_0603Metric;;134.365.000;73.912.900;;;180.000.000;NO;26088
C23;1nF;C_0201_0603Metric;;30.745.000;157.912.900;;;180.000.000;NO;26088
C23;1nF;C_0201_0603Metric;;99.825.000;73.912.900;;;180.000.000;NO;26088
C23;1nF;C_0201_0603Metric;;30.745.000;73.912.900;;;180.000.000;NO;26088
C23;1nF;C_0201_0603Metric;;99.825.000;31.912.900;;;180.000.000;NO;26088
C24;100nF;C_0201_0603Metric;;135.815.000;158.452.900;;;180.000.000;NO;26069
C24;100nF;C_0201_0603Metric;;32.195.000;32.452.900;;;180.000.000;NO;26069
C24;100nF;C_0201_0603Metric;;32.195.000;158.452.900;;;180.000.000;NO;26069
C24;100nF;C_0201_0603Metric;;66.735.000;74.452.900;;;180.000.000;NO;26069
C24;100nF;C_0201_0603Metric;;135.815.000;116.452.900;;;180.000.000;NO;26069
C24;100nF;C_0201_0603Metric;;101.275.000;116.452.900;;;180.000.000;NO;26069
C24;100nF;C_0201_0603Metric;;32.195.000;74.452.900;;;180.000.000;NO;26069
C24;100nF;C_0201_0603Metric;;101.275.000;32.452.900;;;180.000.000;NO;26069
C24;100nF;C_0201_0603Metric;;135.815.000;32.452.900;;;180.000.000;NO;26069
C24;100nF;C_0201_0603Metric;;66.735.000;116.452.900;;;180.000.000;NO;26069
C24;100nF;C_0201_0603Metric;;66.735.000;32.452.900;;;180.000.000;NO;26069
C24;100nF;C_0201_0603Metric;;101.275.000;158.452.900;;;180.000.000;NO;26069
C24;100nF;C_0201_0603Metric;;135.815.000;74.452.900;;;180.000.000;NO;26069
C24;100nF;C_0201_0603Metric;;101.275.000;74.452.900;;;180.000.000;NO;26069
C24;100nF;C_0201_0603Metric;;32.195.000;116.452.900;;;180.000.000;NO;26069
C24;100nF;C_0201_0603Metric;;66.735.000;158.452.900;;;180.000.000;NO;26069
C25;1pF;C_0201_0603Metric;;65.285.000;32.452.900;;;180.000.000;NO;25983
C25;1pF;C_0201_0603Metric;;30.745.000;74.452.900;;;180.000.000;NO;25983
C25;1pF;C_0201_0603Metric;;134.365.000;32.452.900;;;180.000.000;NO;25983
C25;1pF;C_0201_0603Metric;;99.825.000;116.452.900;;;180.000.000;NO;25983
C25;1pF;C_0201_0603Metric;;99.825.000;74.452.900;;;180.000.000;NO;25983
C25;1pF;C_0201_0603Metric;;99.825.000;32.452.900;;;180.000.000;NO;25983
C25;1pF;C_0201_0603Metric;;65.285.000;158.452.900;;;180.000.000;NO;25983
C25;1pF;C_0201_0603Metric;;30.745.000;32.452.900;;;180.000.000;NO;25983
C25;1pF;C_0201_0603Metric;;134.365.000;158.452.900;;;180.000.000;NO;25983
C25;1pF;C_0201_0603Metric;;134.365.000;74.452.900;;;180.000.000;NO;25983
C25;1pF;C_0201_0603Metric;;65.285.000;116.452.900;;;180.000.000;NO;25983
C25;1pF;C_0201_0603Metric;;99.825.000;158.452.900;;;180.000.000;NO;25983
C25;1pF;C_0201_0603Metric;;30.745.000;158.452.900;;;180.000.000;NO;25983
C25;1pF;C_0201_0603Metric;;134.365.000;116.452.900;;;180.000.000;NO;25983
C25;1pF;C_0201_0603Metric;;65.285.000;74.452.900;;;180.000.000;NO;25983
C25;1pF;C_0201_0603Metric;;30.745.000;116.452.900;;;180.000.000;NO;25983
C26;1nF;C_0201_0603Metric;;101.275.000;160.902.900;;;180.000.000;NO;26088
C26;1nF;C_0201_0603Metric;;66.735.000;34.902.900;;;180.000.000;NO;26088
C26;1nF;C_0201_0603Metric;;101.275.000;76.902.900;;;180.000.000;NO;26088
C26;1nF;C_0201_0603Metric;;135.815.000;118.902.900;;;180.000.000;NO;26088
C26;1nF;C_0201_0603Metric;;32.195.000;118.902.900;;;180.000.000;NO;26088
C26;1nF;C_0201_0603Metric;;66.735.000;160.902.900;;;180.000.000;NO;26088
C26;1nF;C_0201_0603Metric;;66.735.000;118.902.900;;;180.000.000;NO;26088
C26;1nF;C_0201_0603Metric;;66.735.000;76.902.900;;;180.000.000;NO;26088
C26;1nF;C_0201_0603Metric;;135.815.000;34.902.900;;;180.000.000;NO;26088
C26;1nF;C_0201_0603Metric;;135.815.000;76.902.900;;;180.000.000;NO;26088
C26;1nF;C_0201_0603Metric;;32.195.000;160.902.900;;;180.000.000;NO;26088
C26;1nF;C_0201_0603Metric;;101.275.000;118.902.900;;;180.000.000;NO;26088
C26;1nF;C_0201_0603Metric;;135.815.000;160.902.900;;;180.000.000;NO;26088
C26;1nF;C_0201_0603Metric;;32.195.000;34.902.900;;;180.000.000;NO;26088
C26;1nF;C_0201_0603Metric;;32.195.000;76.902.900;;;180.000.000;NO;26088
C26;1nF;C_0201_0603Metric;;101.275.000;34.902.900;;;180.000.000;NO;26088
C27;1pF;C_0201_0603Metric;;99.825.000;160.902.900;;;180.000.000;NO;25983
C27;1pF;C_0201_0603Metric;;134.365.000;160.902.900;;;180.000.000;NO;25983
C27;1pF;C_0201_0603Metric;;65.285.000;76.902.900;;;180.000.000;NO;25983
C27;1pF;C_0201_0603Metric;;30.745.000;76.902.900;;;180.000.000;NO;25983
C27;1pF;C_0201_0603Metric;;65.285.000;34.902.900;;;180.000.000;NO;25983
C27;1pF;C_0201_0603Metric;;99.825.000;118.902.900;;;180.000.000;NO;25983
C27;1pF;C_0201_0603Metric;;134.365.000;76.902.900;;;180.000.000;NO;25983
C27;1pF;C_0201_0603Metric;;134.365.000;34.902.900;;;180.000.000;NO;25983
C27;1pF;C_0201_0603Metric;;30.745.000;118.902.900;;;180.000.000;NO;25983
C27;1pF;C_0201_0603Metric;;99.825.000;34.902.900;;;180.000.000;NO;25983
C27;1pF;C_0201_0603Metric;;30.745.000;34.902.900;;;180.000.000;NO;25983
C27;1pF;C_0201_0603Metric;;30.745.000;160.902.900;;;180.000.000;NO;25983
C27;1pF;C_0201_0603Metric;;99.825.000;76.902.900;;;180.000.000;NO;25983
C27;1pF;C_0201_0603Metric;;65.285.000;118.902.900;;;180.000.000;NO;25983
C27;1pF;C_0201_0603Metric;;134.365.000;118.902.900;;;180.000.000;NO;25983
C27;1pF;C_0201_0603Metric;;65.285.000;160.902.900;;;180.000.000;NO;25983
C28;1nF;C_0201_0603Metric;;33.945.000;115.912.900;;;180.000.000;NO;26088
C28;1nF;C_0201_0603Metric;;137.565.000;31.912.900;;;180.000.000;NO;26088
C28;1nF;C_0201_0603Metric;;33.945.000;31.912.900;;;180.000.000;NO;26088
C28;1nF;C_0201_0603Metric;;68.485.000;31.912.900;;;180.000.000;NO;26088
C28;1nF;C_0201_0603Metric;;68.485.000;73.912.900;;;180.000.000;NO;26088
C28;1nF;C_0201_0603Metric;;103.025.000;73.912.900;;;180.000.000;NO;26088
C28;1nF;C_0201_0603Metric;;103.025.000;31.912.900;;;180.000.000;NO;26088
C28;1nF;C_0201_0603Metric;;33.945.000;157.912.900;;;180.000.000;NO;26088
C28;1nF;C_0201_0603Metric;;68.485.000;157.912.900;;;180.000.000;NO;26088
C28;1nF;C_0201_0603Metric;;33.945.000;73.912.900;;;180.000.000;NO;26088
C28;1nF;C_0201_0603Metric;;103.025.000;115.912.900;;;180.000.000;NO;26088
C28;1nF;C_0201_0603Metric;;137.565.000;73.912.900;;;180.000.000;NO;26088
C28;1nF;C_0201_0603Metric;;103.025.000;157.912.900;;;180.000.000;NO;26088
C28;1nF;C_0201_0603Metric;;137.565.000;157.912.900;;;180.000.000;NO;26088
C28;1nF;C_0201_0603Metric;;68.485.000;115.912.900;;;180.000.000;NO;26088
C28;1nF;C_0201_0603Metric;;137.565.000;115.912.900;;;180.000.000;NO;26088
C29;100nF;C_0201_0603Metric;;139.015.000;116.452.900;;;180.000.000;NO;26069
C29;100nF;C_0201_0603Metric;;104.475.000;32.452.900;;;180.000.000;NO;26069
C29;100nF;C_0201_0603Metric;;139.015.000;74.452.900;;;180.000.000;NO;26069
C29;100nF;C_0201_0603Metric;;69.935.000;74.452.900;;;180.000.000;NO;26069
C29;100nF;C_0201_0603Metric;;35.395.000;32.452.900;;;180.000.000;NO;26069
C29;100nF;C_0201_0603Metric;;69.935.000;158.452.900;;;180.000.000;NO;26069
C29;100nF;C_0201_0603Metric;;35.395.000;158.452.900;;;180.000.000;NO;26069
C29;100nF;C_0201_0603Metric;;35.395.000;74.452.900;;;180.000.000;NO;26069
C29;100nF;C_0201_0603Metric;;139.015.000;32.452.900;;;180.000.000;NO;26069
C29;100nF;C_0201_0603Metric;;104.475.000;158.452.900;;;180.000.000;NO;26069
C29;100nF;C_0201_0603Metric;;104.475.000;74.452.900;;;180.000.000;NO;26069
C29;100nF;C_0201_0603Metric;;104.475.000;116.452.900;;;180.000.000;NO;26069
C29;100nF;C_0201_0603Metric;;69.935.000;116.452.900;;;180.000.000;NO;26069
C29;100nF;C_0201_0603Metric;;69.935.000;32.452.900;;;180.000.000;NO;26069
C29;100nF;C_0201_0603Metric;;139.015.000;158.452.900;;;180.000.000;NO;26069
C29;100nF;C_0201_0603Metric;;35.395.000;116.452.900;;;180.000.000;NO;26069
C30;1pF;C_0201_0603Metric;;137.565.000;32.452.900;;;180.000.000;NO;25983
C30;1pF;C_0201_0603Metric;;33.945.000;116.452.900;;;180.000.000;NO;25983
C30;1pF;C_0201_0603Metric;;68.485.000;158.452.900;;;180.000.000;NO;25983
C30;1pF;C_0201_0603Metric;;103.025.000;74.452.900;;;180.000.000;NO;25983
C30;1pF;C_0201_0603Metric;;103.025.000;158.452.900;;;180.000.000;NO;25983
C30;1pF;C_0201_0603Metric;;103.025.000;32.452.900;;;180.000.000;NO;25983
C30;1pF;C_0201_0603Metric;;33.945.000;158.452.900;;;180.000.000;NO;25983
C30;1pF;C_0201_0603Metric;;33.945.000;32.452.900;;;180.000.000;NO;25983
C30;1pF;C_0201_0603Metric;;137.565.000;116.452.900;;;180.000.000;NO;25983
C30;1pF;C_0201_0603Metric;;68.485.000;32.452.900;;;180.000.000;NO;25983
C30;1pF;C_0201_0603Metric;;137.565.000;158.452.900;;;180.000.000;NO;25983
C30;1pF;C_0201_0603Metric;;33.945.000;74.452.900;;;180.000.000;NO;25983
C30;1pF;C_0201_0603Metric;;103.025.000;116.452.900;;;180.000.000;NO;25983
C30;1pF;C_0201_0603Metric;;68.485.000;74.452.900;;;180.000.000;NO;25983
C30;1pF;C_0201_0603Metric;;68.485.000;116.452.900;;;180.000.000;NO;25983
C30;1pF;C_0201_0603Metric;;137.565.000;74.452.900;;;180.000.000;NO;25983
C31;1nF;C_0201_0603Metric;;104.475.000;160.902.900;;;180.000.000;NO;26088
C31;1nF;C_0201_0603Metric;;35.395.000;118.902.900;;;180.000.000;NO;26088
C31;1nF;C_0201_0603Metric;;35.395.000;160.902.900;;;180.000.000;NO;26088
C31;1nF;C_0201_0603Metric;;104.475.000;76.902.900;;;180.000.000;NO;26088
C31;1nF;C_0201_0603Metric;;69.935.000;160.902.900;;;180.000.000;NO;26088
C31;1nF;C_0201_0603Metric;;69.935.000;118.902.900;;;180.000.000;NO;26088
C31;1nF;C_0201_0603Metric;;104.475.000;34.902.900;;;180.000.000;NO;26088
C31;1nF;C_0201_0603Metric;;69.935.000;34.902.900;;;180.000.000;NO;26088
C31;1nF;C_0201_0603Metric;;35.395.000;34.902.900;;;180.000.000;NO;26088
C31;1nF;C_0201_0603Metric;;139.015.000;34.902.900;;;180.000.000;NO;26088
C31;1nF;C_0201_0603Metric;;104.475.000;118.902.900;;;180.000.000;NO;26088
C31;1nF;C_0201_0603Metric;;139.015.000;118.902.900;;;180.000.000;NO;26088
C31;1nF;C_0201_0603Metric;;139.015.000;76.902.900;;;180.000.000;NO;26088
C31;1nF;C_0201_0603Metric;;139.015.000;160.902.900;;;180.000.000;NO;26088
C31;1nF;C_0201_0603Metric;;69.935.000;76.902.900;;;180.000.000;NO;26088
C31;1nF;C_0201_0603Metric;;35.395.000;76.902.900;;;180.000.000;NO;26088
C32;1pF;C_0201_0603Metric;;33.945.000;76.902.900;;;180.000.000;NO;25983
C32;1pF;C_0201_0603Metric;;137.565.000;34.902.900;;;180.000.000;NO;25983
C32;1pF;C_0201_0603Metric;;33.945.000;160.902.900;;;180.000.000;NO;25983
C32;1pF;C_0201_0603Metric;;103.025.000;76.902.900;;;180.000.000;NO;25983
C32;1pF;C_0201_0603Metric;;68.485.000;76.902.900;;;180.000.000;NO;25983
C32;1pF;C_0201_0603Metric;;68.485.000;34.902.900;;;180.000.000;NO;25983
C32;1pF;C_0201_0603Metric;;33.945.000;34.902.900;;;180.000.000;NO;25983
C32;1pF;C_0201_0603Metric;;103.025.000;160.902.900;;;180.000.000;NO;25983
C32;1pF;C_0201_0603Metric;;103.025.000;118.902.900;;;180.000.000;NO;25983
C32;1pF;C_0201_0603Metric;;137.565.000;118.902.900;;;180.000.000;NO;25983
C32;1pF;C_0201_0603Metric;;137.565.000;76.902.900;;;180.000.000;NO;25983
C32;1pF;C_0201_0603Metric;;33.945.000;118.902.900;;;180.000.000;NO;25983
C32;1pF;C_0201_0603Metric;;68.485.000;160.902.900;;;180.000.000;NO;25983
C32;1pF;C_0201_0603Metric;;103.025.000;34.902.900;;;180.000.000;NO;25983
C32;1pF;C_0201_0603Metric;;68.485.000;118.902.900;;;180.000.000;NO;25983
C32;1pF;C_0201_0603Metric;;137.565.000;160.902.900;;;180.000.000;NO;25983
C33;1nF;C_0201_0603Metric;;140.765.000;157.912.900;;;180.000.000;NO;26088
C33;1nF;C_0201_0603Metric;;106.225.000;115.912.900;;;180.000.000;NO;26088
C33;1nF;C_0201_0603Metric;;71.685.000;73.912.900;;;180.000.000;NO;26088
C33;1nF;C_0201_0603Metric;;37.145.000;73.912.900;;;180.000.000;NO;26088
C33;1nF;C_0201_0603Metric;;106.225.000;157.912.900;;;180.000.000;NO;26088
C33;1nF;C_0201_0603Metric;;140.765.000;115.912.900;;;180.000.000;NO;26088
C33;1nF;C_0201_0603Metric;;71.685.000;31.912.900;;;180.000.000;NO;26088
C33;1nF;C_0201_0603Metric;;71.685.000;157.912.900;;;180.000.000;NO;26088
C33;1nF;C_0201_0603Metric;;140.765.000;31.912.900;;;180.000.000;NO;26088
C33;1nF;C_0201_0603Metric;;37.145.000;157.912.900;;;180.000.000;NO;26088
C33;1nF;C_0201_0603Metric;;140.765.000;73.912.900;;;180.000.000;NO;26088
C33;1nF;C_0201_0603Metric;;37.145.000;115.912.900;;;180.000.000;NO;26088
C33;1nF;C_0201_0603Metric;;37.145.000;31.912.900;;;180.000.000;NO;26088
C33;1nF;C_0201_0603Metric;;71.685.000;115.912.900;;;180.000.000;NO;26088
C33;1nF;C_0201_0603Metric;;106.225.000;73.912.900;;;180.000.000;NO;26088
C33;1nF;C_0201_0603Metric;;106.225.000;31.912.900;;;180.000.000;NO;26088
C34;100nF;C_0201_0603Metric;;38.595.000;158.452.900;;;180.000.000;NO;26069
C34;100nF;C_0201_0603Metric;;38.595.000;116.452.900;;;180.000.000;NO;26069
C34;100nF;C_0201_0603Metric;;142.215.000;116.452.900;;;180.000.000;NO;26069
C34;100nF;C_0201_0603Metric;;73.135.000;74.452.900;;;180.000.000;NO;26069
C34;100nF;C_0201_0603Metric;;142.215.000;32.452.900;;;180.000.000;NO;26069
C34;100nF;C_0201_0603Metric;;107.675.000;116.452.900;;;180.000.000;NO;26069
C34;100nF;C_0201_0603Metric;;142.215.000;74.452.900;;;180.000.000;NO;26069
C34;100nF;C_0201_0603Metric;;107.675.000;158.452.900;;;180.000.000;NO;26069
C34;100nF;C_0201_0603Metric;;107.675.000;32.452.900;;;180.000.000;NO;26069
C34;100nF;C_0201_0603Metric;;38.595.000;32.452.900;;;180.000.000;NO;26069
C34;100nF;C_0201_0603Metric;;73.135.000;116.452.900;;;180.000.000;NO;26069
C34;100nF;C_0201_0603Metric;;73.135.000;158.452.900;;;180.000.000;NO;26069
C34;100nF;C_0201_0603Metric;;142.215.000;158.452.900;;;180.000.000;NO;26069
C34;100nF;C_0201_0603Metric;;107.675.000;74.452.900;;;180.000.000;NO;26069
C34;100nF;C_0201_0603Metric;;73.135.000;32.452.900;;;180.000.000;NO;26069
C34;100nF;C_0201_0603Metric;;38.595.000;74.452.900;;;180.000.000;NO;26069
C35;1pF;C_0201_0603Metric;;140.765.000;158.452.900;;;180.000.000;NO;25983
C35;1pF;C_0201_0603Metric;;106.225.000;116.452.900;;;180.000.000;NO;25983
C35;1pF;C_0201_0603Metric;;106.225.000;158.452.900;;;180.000.000;NO;25983
C35;1pF;C_0201_0603Metric;;37.145.000;32.452.900;;;180.000.000;NO;25983
C35;1pF;C_0201_0603Metric;;106.225.000;32.452.900;;;180.000.000;NO;25983
C35;1pF;C_0201_0603Metric;;140.765.000;116.452.900;;;180.000.000;NO;25983
C35;1pF;C_0201_0603Metric;;106.225.000;74.452.900;;;180.000.000;NO;25983
C35;1pF;C_0201_0603Metric;;37.145.000;116.452.900;;;180.000.000;NO;25983
C35;1pF;C_0201_0603Metric;;71.685.000;158.452.900;;;180.000.000;NO;25983
C35;1pF;C_0201_0603Metric;;71.685.000;74.452.900;;;180.000.000;NO;25983
C35;1pF;C_0201_0603Metric;;37.145.000;74.452.900;;;180.000.000;NO;25983
C35;1pF;C_0201_0603Metric;;140.765.000;74.452.900;;;180.000.000;NO;25983
C35;1pF;C_0201_0603Metric;;37.145.000;158.452.900;;;180.000.000;NO;25983
C35;1pF;C_0201_0603Metric;;71.685.000;32.452.900;;;180.000.000;NO;25983
C35;1pF;C_0201_0603Metric;;140.765.000;32.452.900;;;180.000.000;NO;25983
C35;1pF;C_0201_0603Metric;;71.685.000;116.452.900;;;180.000.000;NO;25983
C36;1nF;C_0201_0603Metric;;38.595.000;76.902.900;;;180.000.000;NO;26088
C36;1nF;C_0201_0603Metric;;107.675.000;76.902.900;;;180.000.000;NO;26088
C36;1nF;C_0201_0603Metric;;38.595.000;118.902.900;;;180.000.000;NO;26088
C36;1nF;C_0201_0603Metric;;142.215.000;76.902.900;;;180.000.000;NO;26088
C36;1nF;C_0201_0603Metric;;73.135.000;76.902.900;;;180.000.000;NO;26088
C36;1nF;C_0201_0603Metric;;73.135.000;160.902.900;;;180.000.000;NO;26088
C36;1nF;C_0201_0603Metric;;142.215.000;160.902.900;;;180.000.000;NO;26088
C36;1nF;C_0201_0603Metric;;107.675.000;34.902.900;;;180.000.000;NO;26088
C36;1nF;C_0201_0603Metric;;38.595.000;34.902.900;;;180.000.000;NO;26088
C36;1nF;C_0201_0603Metric;;73.135.000;118.902.900;;;180.000.000;NO;26088
C36;1nF;C_0201_0603Metric;;107.675.000;118.902.900;;;180.000.000;NO;26088
C36;1nF;C_0201_0603Metric;;142.215.000;34.902.900;;;180.000.000;NO;26088
C36;1nF;C_0201_0603Metric;;142.215.000;118.902.900;;;180.000.000;NO;26088
C36;1nF;C_0201_0603Metric;;73.135.000;34.902.900;;;180.000.000;NO;26088
C36;1nF;C_0201_0603Metric;;38.595.000;160.902.900;;;180.000.000;NO;26088
C36;1nF;C_0201_0603Metric;;107.675.000;160.902.900;;;180.000.000;NO;26088
C37;1pF;C_0201_0603Metric;;71.685.000;76.902.900;;;180.000.000;NO;25983
C37;1pF;C_0201_0603Metric;;71.685.000;34.902.900;;;180.000.000;NO;25983
C37;1pF;C_0201_0603Metric;;140.765.000;160.902.900;;;180.000.000;NO;25983
C37;1pF;C_0201_0603Metric;;71.685.000;160.902.900;;;180.000.000;NO;25983
C37;1pF;C_0201_0603Metric;;106.225.000;160.902.900;;;180.000.000;NO;25983
C37;1pF;C_0201_0603Metric;;37.145.000;76.902.900;;;180.000.000;NO;25983
C37;1pF;C_0201_0603Metric;;140.765.000;118.902.900;;;180.000.000;NO;25983
C37;1pF;C_0201_0603Metric;;37.145.000;118.902.900;;;180.000.000;NO;25983
C37;1pF;C_0201_0603Metric;;71.685.000;118.902.900;;;180.000.000;NO;25983
C37;1pF;C_0201_0603Metric;;106.225.000;76.902.900;;;180.000.000;NO;25983
C37;1pF;C_0201_0603Metric;;106.225.000;118.902.900;;;180.000.000;NO;25983
C37;1pF;C_0201_0603Metric;;106.225.000;34.902.900;;;180.000.000;NO;25983
C37;1pF;C_0201_0603Metric;;37.145.000;34.902.900;;;180.000.000;NO;25983
C37;1pF;C_0201_0603Metric;;140.765.000;34.902.900;;;180.000.000;NO;25983
C37;1pF;C_0201_0603Metric;;37.145.000;160.902.900;;;180.000.000;NO;25983
C37;1pF;C_0201_0603Metric;;140.765.000;76.902.900;;;180.000.000;NO;25983
C38;1nF;C_0201_0603Metric;;143.965.000;31.912.900;;;180.000.000;NO;26088
C38;1nF;C_0201_0603Metric;;109.425.000;31.912.900;;;180.000.000;NO;26088
C38;1nF;C_0201_0603Metric;;40.345.000;73.912.900;;;180.000.000;NO;26088
C38;1nF;C_0201_0603Metric;;143.965.000;157.912.900;;;180.000.000;NO;26088
C38;1nF;C_0201_0603Metric;;40.345.000;157.912.900;;;180.000.000;NO;26088
C38;1nF;C_0201_0603Metric;;40.345.000;31.912.900;;;180.000.000;NO;26088
C38;1nF;C_0201_0603Metric;;109.425.000;157.912.900;;;180.000.000;NO;26088
C38;1nF;C_0201_0603Metric;;109.425.000;115.912.900;;;180.000.000;NO;26088
C38;1nF;C_0201_0603Metric;;74.885.000;157.912.900;;;180.000.000;NO;26088
C38;1nF;C_0201_0603Metric;;74.885.000;31.912.900;;;180.000.000;NO;26088
C38;1nF;C_0201_0603Metric;;143.965.000;115.912.900;;;180.000.000;NO;26088
C38;1nF;C_0201_0603Metric;;143.965.000;73.912.900;;;180.000.000;NO;26088
C38;1nF;C_0201_0603Metric;;74.885.000;73.912.900;;;180.000.000;NO;26088
C38;1nF;C_0201_0603Metric;;40.345.000;115.912.900;;;180.000.000;NO;26088
C38;1nF;C_0201_0603Metric;;74.885.000;115.912.900;;;180.000.000;NO;26088
C38;1nF;C_0201_0603Metric;;109.425.000;73.912.900;;;180.000.000;NO;26088
C39;100nF;C_0201_0603Metric;;145.415.000;74.452.900;;;180.000.000;NO;26069
C39;100nF;C_0201_0603Metric;;41.795.000;74.452.900;;;180.000.000;NO;26069
C39;100nF;C_0201_0603Metric;;41.795.000;32.452.900;;;180.000.000;NO;26069
C39;100nF;C_0201_0603Metric;;41.795.000;158.452.900;;;180.000.000;NO;26069
C39;100nF;C_0201_0603Metric;;145.415.000;116.452.900;;;180.000.000;NO;26069
C39;100nF;C_0201_0603Metric;;76.335.000;158.452.900;;;180.000.000;NO;26069
C39;100nF;C_0201_0603Metric;;76.335.000;116.452.900;;;180.000.000;NO;26069
C39;100nF;C_0201_0603Metric;;145.415.000;32.452.900;;;180.000.000;NO;26069
C39;100nF;C_0201_0603Metric;;110.875.000;32.452.900;;;180.000.000;NO;26069
C39;100nF;C_0201_0603Metric;;110.875.000;74.452.900;;;180.000.000;NO;26069
C39;100nF;C_0201_0603Metric;;110.875.000;116.452.900;;;180.000.000;NO;26069
C39;100nF;C_0201_0603Metric;;76.335.000;32.452.900;;;180.000.000;NO;26069
C39;100nF;C_0201_0603Metric;;110.875.000;158.452.900;;;180.000.000;NO;26069
C39;100nF;C_0201_0603Metric;;41.795.000;116.452.900;;;180.000.000;NO;26069
C39;100nF;C_0201_0603Metric;;145.415.000;158.452.900;;;180.000.000;NO;26069
C39;100nF;C_0201_0603Metric;;76.335.000;74.452.900;;;180.000.000;NO;26069
C40;1pF;C_0201_0603Metric;;143.965.000;116.452.900;;;180.000.000;NO;25983
C40;1pF;C_0201_0603Metric;;74.885.000;32.452.900;;;180.000.000;NO;25983
C40;1pF;C_0201_0603Metric;;74.885.000;74.452.900;;;180.000.000;NO;25983
C40;1pF;C_0201_0603Metric;;74.885.000;158.452.900;;;180.000.000;NO;25983
C40;1pF;C_0201_0603Metric;;143.965.000;74.452.900;;;180.000.000;NO;25983
C40;1pF;C_0201_0603Metric;;109.425.000;158.452.900;;;180.000.000;NO;25983
C40;1pF;C_0201_0603Metric;;109.425.000;32.452.900;;;180.000.000;NO;25983
C40;1pF;C_0201_0603Metric;;40.345.000;74.452.900;;;180.000.000;NO;25983
C40;1pF;C_0201_0603Metric;;109.425.000;74.452.900;;;180.000.000;NO;25983
C40;1pF;C_0201_0603Metric;;143.965.000;158.452.900;;;180.000.000;NO;25983
C40;1pF;C_0201_0603Metric;;40.345.000;158.452.900;;;180.000.000;NO;25983
C40;1pF;C_0201_0603Metric;;143.965.000;32.452.900;;;180.000.000;NO;25983
C40;1pF;C_0201_0603Metric;;74.885.000;116.452.900;;;180.000.000;NO;25983
C40;1pF;C_0201_0603Metric;;109.425.000;116.452.900;;;180.000.000;NO;25983
C40;1pF;C_0201_0603Metric;;40.345.000;32.452.900;;;180.000.000;NO;25983
C40;1pF;C_0201_0603Metric;;40.345.000;116.452.900;;;180.000.000;NO;25983
C41;1nF;C_0201_0603Metric;;41.795.000;76.902.900;;;180.000.000;NO;26088
C41;1nF;C_0201_0603Metric;;76.335.000;76.902.900;;;180.000.000;NO;26088
C41;1nF;C_0201_0603Metric;;110.875.000;160.902.900;;;180.000.000;NO;26088
C41;1nF;C_0201_0603Metric;;145.415.000;118.902.900;;;180.000.000;NO;26088
C41;1nF;C_0201_0603Metric;;145.415.000;76.902.900;;;180.000.000;NO;26088
C41;1nF;C_0201_0603Metric;;76.335.000;118.902.900;;;180.000.000;NO;26088
C41;1nF;C_0201_0603Metric;;76.335.000;160.902.900;;;180.000.000;NO;26088
C41;1nF;C_0201_0603Metric;;110.875.000;34.902.900;;;180.000.000;NO;26088
C41;1nF;C_0201_0603Metric;;110.875.000;118.902.900;;;180.000.000;NO;26088
C41;1nF;C_0201_0603Metric;;110.875.000;76.902.900;;;180.000.000;NO;26088
C41;1nF;C_0201_0603Metric;;41.795.000;34.902.900;;;180.000.000;NO;26088
C41;1nF;C_0201_0603Metric;;76.335.000;34.902.900;;;180.000.000;NO;26088
C41;1nF;C_0201_0603Metric;;41.795.000;118.902.900;;;180.000.000;NO;26088
C41;1nF;C_0201_0603Metric;;145.415.000;160.902.900;;;180.000.000;NO;26088
C41;1nF;C_0201_0603Metric;;41.795.000;160.902.900;;;180.000.000;NO;26088
C41;1nF;C_0201_0603Metric;;145.415.000;34.902.900;;;180.000.000;NO;26088
C42;1pF;C_0201_0603Metric;;143.965.000;34.902.900;;;180.000.000;NO;25983
C42;1pF;C_0201_0603Metric;;143.965.000;76.902.900;;;180.000.000;NO;25983
C42;1pF;C_0201_0603Metric;;40.345.000;160.902.900;;;180.000.000;NO;25983
C42;1pF;C_0201_0603Metric;;74.885.000;76.902.900;;;180.000.000;NO;25983
C42;1pF;C_0201_0603Metric;;40.345.000;34.902.900;;;180.000.000;NO;25983
C42;1pF;C_0201_0603Metric;;74.885.000;34.902.900;;;180.000.000;NO;25983
C42;1pF;C_0201_0603Metric;;143.965.000;160.902.900;;;180.000.000;NO;25983
C42;1pF;C_0201_0603Metric;;143.965.000;118.902.900;;;180.000.000;NO;25983
C42;1pF;C_0201_0603Metric;;109.425.000;118.902.900;;;180.000.000;NO;25983
C42;1pF;C_0201_0603Metric;;109.425.000;76.902.900;;;180.000.000;NO;25983
C42;1pF;C_0201_0603Metric;;74.885.000;160.902.900;;;180.000.000;NO;25983
C42;1pF;C_0201_0603Metric;;40.345.000;76.902.900;;;180.000.000;NO;25983
C42;1pF;C_0201_0603Metric;;74.885.000;118.902.900;;;180.000.000;NO;25983
C42;1pF;C_0201_0603Metric;;40.345.000;118.902.900;;;180.000.000;NO;25983
C42;1pF;C_0201_0603Metric;;109.425.000;34.902.900;;;180.000.000;NO;25983
C42;1pF;C_0201_0603Metric;;109.425.000;160.902.900;;;180.000.000;NO;25983
C43;1nF;C_0201_0603Metric;;124.765.000;36.142.900;;;180.000.000;NO;26088
C43;1nF;C_0201_0603Metric;;90.225.000;78.142.900;;;180.000.000;NO;26088
C43;1nF;C_0201_0603Metric;;21.145.000;120.142.900;;;180.000.000;NO;26088
C43;1nF;C_0201_0603Metric;;55.685.000;120.142.900;;;180.000.000;NO;26088
C43;1nF;C_0201_0603Metric;;21.145.000;78.142.900;;;180.000.000;NO;26088
C43;1nF;C_0201_0603Metric;;90.225.000;36.142.900;;;180.000.000;NO;26088
C43;1nF;C_0201_0603Metric;;55.685.000;78.142.900;;;180.000.000;NO;26088
C43;1nF;C_0201_0603Metric;;124.765.000;162.142.900;;;180.000.000;NO;26088
C43;1nF;C_0201_0603Metric;;55.685.000;162.142.900;;;180.000.000;NO;26088
C43;1nF;C_0201_0603Metric;;90.225.000;162.142.900;;;180.000.000;NO;26088
C43;1nF;C_0201_0603Metric;;21.145.000;36.142.900;;;180.000.000;NO;26088
C43;1nF;C_0201_0603Metric;;124.765.000;78.142.900;;;180.000.000;NO;26088
C43;1nF;C_0201_0603Metric;;21.145.000;162.142.900;;;180.000.000;NO;26088
C43;1nF;C_0201_0603Metric;;124.765.000;120.142.900;;;180.000.000;NO;26088
C43;1nF;C_0201_0603Metric;;90.225.000;120.142.900;;;180.000.000;NO;26088
C43;1nF;C_0201_0603Metric;;55.685.000;36.142.900;;;180.000.000;NO;26088
C44;100nF;C_0201_0603Metric;;126.215.000;36.682.900;;;180.000.000;NO;26069
C44;100nF;C_0201_0603Metric;;91.675.000;120.682.900;;;180.000.000;NO;26069
C44;100nF;C_0201_0603Metric;;91.675.000;162.682.900;;;180.000.000;NO;26069
C44;100nF;C_0201_0603Metric;;57.135.000;120.682.900;;;180.000.000;NO;26069
C44;100nF;C_0201_0603Metric;;57.135.000;78.682.900;;;180.000.000;NO;26069
C44;100nF;C_0201_0603Metric;;22.595.000;162.682.900;;;180.000.000;NO;26069
C44;100nF;C_0201_0603Metric;;57.135.000;36.682.900;;;180.000.000;NO;26069
C44;100nF;C_0201_0603Metric;;22.595.000;120.682.900;;;180.000.000;NO;26069
C44;100nF;C_0201_0603Metric;;22.595.000;36.682.900;;;180.000.000;NO;26069
C44;100nF;C_0201_0603Metric;;126.215.000;120.682.900;;;180.000.000;NO;26069
C44;100nF;C_0201_0603Metric;;126.215.000;162.682.900;;;180.000.000;NO;26069
C44;100nF;C_0201_0603Metric;;57.135.000;162.682.900;;;180.000.000;NO;26069
C44;100nF;C_0201_0603Metric;;126.215.000;78.682.900;;;180.000.000;NO;26069
C44;100nF;C_0201_0603Metric;;91.675.000;78.682.900;;;180.000.000;NO;26069
C44;100nF;C_0201_0603Metric;;91.675.000;36.682.900;;;180.000.000;NO;26069
C44;100nF;C_0201_0603Metric;;22.595.000;78.682.900;;;180.000.000;NO;26069
C45;1pF;C_0201_0603Metric;;55.685.000;162.682.900;;;180.000.000;NO;25983
C45;1pF;C_0201_0603Metric;;90.225.000;162.682.900;;;180.000.000;NO;25983
C45;1pF;C_0201_0603Metric;;124.765.000;120.682.900;;;180.000.000;NO;25983
C45;1pF;C_0201_0603Metric;;124.765.000;162.682.900;;;180.000.000;NO;25983
C45;1pF;C_0201_0603Metric;;55.685.000;36.682.900;;;180.000.000;NO;25983
C45;1pF;C_0201_0603Metric;;21.145.000;36.682.900;;;180.000.000;NO;25983
C45;1pF;C_0201_0603Metric;;90.225.000;78.682.900;;;180.000.000;NO;25983
C45;1pF;C_0201_0603Metric;;55.685.000;120.682.900;;;180.000.000;NO;25983
C45;1pF;C_0201_0603Metric;;90.225.000;120.682.900;;;180.000.000;NO;25983
C45;1pF;C_0201_0603Metric;;90.225.000;36.682.900;;;180.000.000;NO;25983
C45;1pF;C_0201_0603Metric;;21.145.000;120.682.900;;;180.000.000;NO;25983
C45;1pF;C_0201_0603Metric;;21.145.000;78.682.900;;;180.000.000;NO;25983
C45;1pF;C_0201_0603Metric;;55.685.000;78.682.900;;;180.000.000;NO;25983
C45;1pF;C_0201_0603Metric;;124.765.000;36.682.900;;;180.000.000;NO;25983
C45;1pF;C_0201_0603Metric;;21.145.000;162.682.900;;;180.000.000;NO;25983
C45;1pF;C_0201_0603Metric;;124.765.000;78.682.900;;;180.000.000;NO;25983
C46;1nF;C_0201_0603Metric;;91.675.000;81.132.900;;;180.000.000;NO;26088
C46;1nF;C_0201_0603Metric;;126.215.000;81.132.900;;;180.000.000;NO;26088
C46;1nF;C_0201_0603Metric;;91.675.000;123.132.900;;;180.000.000;NO;26088
C46;1nF;C_0201_0603Metric;;22.595.000;165.132.900;;;180.000.000;NO;26088
C46;1nF;C_0201_0603Metric;;126.215.000;165.132.900;;;180.000.000;NO;26088
C46;1nF;C_0201_0603Metric;;57.135.000;81.132.900;;;180.000.000;NO;26088
C46;1nF;C_0201_0603Metric;;126.215.000;39.132.900;;;180.000.000;NO;26088
C46;1nF;C_0201_0603Metric;;91.675.000;165.132.900;;;180.000.000;NO;26088
C46;1nF;C_0201_0603Metric;;91.675.000;39.132.900;;;180.000.000;NO;26088
C46;1nF;C_0201_0603Metric;;57.135.000;39.132.900;;;180.000.000;NO;26088
C46;1nF;C_0201_0603Metric;;22.595.000;39.132.900;;;180.000.000;NO;26088
C46;1nF;C_0201_0603Metric;;57.135.000;165.132.900;;;180.000.000;NO;26088
C46;1nF;C_0201_0603Metric;;22.595.000;81.132.900;;;180.000.000;NO;26088
C46;1nF;C_0201_0603Metric;;126.215.000;123.132.900;;;180.000.000;NO;26088
C46;1nF;C_0201_0603Metric;;22.595.000;123.132.900;;;180.000.000;NO;26088
C46;1nF;C_0201_0603Metric;;57.135.000;123.132.900;;;180.000.000;NO;26088
C47;1pF;C_0201_0603Metric;;90.225.000;81.132.900;;;180.000.000;NO;25983
C47;1pF;C_0201_0603Metric;;21.145.000;165.132.900;;;180.000.000;NO;25983
C47;1pF;C_0201_0603Metric;;21.145.000;81.132.900;;;180.000.000;NO;25983
C47;1pF;C_0201_0603Metric;;90.225.000;39.132.900;;;180.000.000;NO;25983
C47;1pF;C_0201_0603Metric;;124.765.000;39.132.900;;;180.000.000;NO;25983
C47;1pF;C_0201_0603Metric;;21.145.000;123.132.900;;;180.000.000;NO;25983
C47;1pF;C_0201_0603Metric;;90.225.000;165.132.900;;;180.000.000;NO;25983
C47;1pF;C_0201_0603Metric;;55.685.000;39.132.900;;;180.000.000;NO;25983
C47;1pF;C_0201_0603Metric;;55.685.000;123.132.900;;;180.000.000;NO;25983
C47;1pF;C_0201_0603Metric;;124.765.000;123.132.900;;;180.000.000;NO;25983
C47;1pF;C_0201_0603Metric;;55.685.000;165.132.900;;;180.000.000;NO;25983
C47;1pF;C_0201_0603Metric;;55.685.000;81.132.900;;;180.000.000;NO;25983
C47;1pF;C_0201_0603Metric;;124.765.000;81.132.900;;;180.000.000;NO;25983
C47;1pF;C_0201_0603Metric;;90.225.000;123.132.900;;;180.000.000;NO;25983
C47;1pF;C_0201_0603Metric;;21.145.000;39.132.900;;;180.000.000;NO;25983
C47;1pF;C_0201_0603Metric;;124.765.000;165.132.900;;;180.000.000;NO;25983
C48;1nF;C_0201_0603Metric;;127.965.000;78.142.900;;;180.000.000;NO;26088
C48;1nF;C_0201_0603Metric;;24.345.000;162.142.900;;;180.000.000;NO;26088
C48;1nF;C_0201_0603Metric;;93.425.000;78.142.900;;;180.000.000;NO;26088
C48;1nF;C_0201_0603Metric;;58.885.000;36.142.900;;;180.000.000;NO;26088
C48;1nF;C_0201_0603Metric;;24.345.000;36.142.900;;;180.000.000;NO;26088
C48;1nF;C_0201_0603Metric;;93.425.000;36.142.900;;;180.000.000;NO;26088
C48;1nF;C_0201_0603Metric;;58.885.000;78.142.900;;;180.000.000;NO;26088
C48;1nF;C_0201_0603Metric;;127.965.000;120.142.900;;;180.000.000;NO;26088
C48;1nF;C_0201_0603Metric;;93.425.000;162.142.900;;;180.000.000;NO;26088
C48;1nF;C_0201_0603Metric;;24.345.000;120.142.900;;;180.000.000;NO;26088
C48;1nF;C_0201_0603Metric;;127.965.000;36.142.900;;;180.000.000;NO;26088
C48;1nF;C_0201_0603Metric;;58.885.000;120.142.900;;;180.000.000;NO;26088
C48;1nF;C_0201_0603Metric;;93.425.000;120.142.900;;;180.000.000;NO;26088
C48;1nF;C_0201_0603Metric;;58.885.000;162.142.900;;;180.000.000;NO;26088
C48;1nF;C_0201_0603Metric;;127.965.000;162.142.900;;;180.000.000;NO;26088
C48;1nF;C_0201_0603Metric;;24.345.000;78.142.900;;;180.000.000;NO;26088
C49;100nF;C_0201_0603Metric;;60.335.000;78.682.900;;;180.000.000;NO;26069
C49;100nF;C_0201_0603Metric;;94.875.000;36.682.900;;;180.000.000;NO;26069
C49;100nF;C_0201_0603Metric;;25.795.000;78.682.900;;;180.000.000;NO;26069
C49;100nF;C_0201_0603Metric;;129.415.000;78.682.900;;;180.000.000;NO;26069
C49;100nF;C_0201_0603Metric;;129.415.000;36.682.900;;;180.000.000;NO;26069
C49;100nF;C_0201_0603Metric;;60.335.000;162.682.900;;;180.000.000;NO;26069
C49;100nF;C_0201_0603Metric;;25.795.000;162.682.900;;;180.000.000;NO;26069
C49;100nF;C_0201_0603Metric;;60.335.000;36.682.900;;;180.000.000;NO;26069
C49;100nF;C_0201_0603Metric;;60.335.000;120.682.900;;;180.000.000;NO;26069
C49;100nF;C_0201_0603Metric;;94.875.000;120.682.900;;;180.000.000;NO;26069
C49;100nF;C_0201_0603Metric;;129.415.000;120.682.900;;;180.000.000;NO;26069
C49;100nF;C_0201_0603Metric;;94.875.000;78.682.900;;;180.000.000;NO;26069
C49;100nF;C_0201_0603Metric;;25.795.000;120.682.900;;;180.000.000;NO;26069
C49;100nF;C_0201_0603Metric;;25.795.000;36.682.900;;;180.000.000;NO;26069
C49;100nF;C_0201_0603Metric;;94.875.000;162.682.900;;;180.000.000;NO;26069
C49;100nF;C_0201_0603Metric;;129.415.000;162.682.900;;;180.000.000;NO;26069
C50;1pF;C_0201_0603Metric;;93.425.000;120.682.900;;;180.000.000;NO;25983
C50;1pF;C_0201_0603Metric;;127.965.000;78.682.900;;;180.000.000;NO;25983
C50;1pF;C_0201_0603Metric;;58.885.000;78.682.900;;;180.000.000;NO;25983
C50;1pF;C_0201_0603Metric;;24.345.000;36.682.900;;;180.000.000;NO;25983
C50;1pF;C_0201_0603Metric;;58.885.000;120.682.900;;;180.000.000;NO;25983
C50;1pF;C_0201_0603Metric;;127.965.000;120.682.900;;;180.000.000;NO;25983
C50;1pF;C_0201_0603Metric;;93.425.000;36.682.900;;;180.000.000;NO;25983
C50;1pF;C_0201_0603Metric;;93.425.000;78.682.900;;;180.000.000;NO;25983
C50;1pF;C_0201_0603Metric;;127.965.000;36.682.900;;;180.000.000;NO;25983
C50;1pF;C_0201_0603Metric;;24.345.000;162.682.900;;;180.000.000;NO;25983
C50;1pF;C_0201_0603Metric;;24.345.000;78.682.900;;;180.000.000;NO;25983
C50;1pF;C_0201_0603Metric;;93.425.000;162.682.900;;;180.000.000;NO;25983
C50;1pF;C_0201_0603Metric;;127.965.000;162.682.900;;;180.000.000;NO;25983
C50;1pF;C_0201_0603Metric;;58.885.000;162.682.900;;;180.000.000;NO;25983
C50;1pF;C_0201_0603Metric;;58.885.000;36.682.900;;;180.000.000;NO;25983
C50;1pF;C_0201_0603Metric;;24.345.000;120.682.900;;;180.000.000;NO;25983
C51;1nF;C_0201_0603Metric;;94.875.000;165.132.900;;;180.000.000;NO;26088
C51;1nF;C_0201_0603Metric;;25.795.000;123.132.900;;;180.000.000;NO;26088
C51;1nF;C_0201_0603Metric;;129.415.000;81.132.900;;;180.000.000;NO;26088
C51;1nF;C_0201_0603Metric;;94.875.000;81.132.900;;;180.000.000;NO;26088
C51;1nF;C_0201_0603Metric;;129.415.000;165.132.900;;;180.000.000;NO;26088
C51;1nF;C_0201_0603Metric;;25.795.000;39.132.900;;;180.000.000;NO;26088
C51;1nF;C_0201_0603Metric;;94.875.000;39.132.900;;;180.000.000;NO;26088
C51;1nF;C_0201_0603Metric;;25.795.000;81.132.900;;;180.000.000;NO;26088
C51;1nF;C_0201_0603Metric;;129.415.000;39.132.900;;;180.000.000;NO;26088
C51;1nF;C_0201_0603Metric;;129.415.000;123.132.900;;;180.000.000;NO;26088
C51;1nF;C_0201_0603Metric;;94.875.000;123.132.900;;;180.000.000;NO;26088
C51;1nF;C_0201_0603Metric;;60.335.000;39.132.900;;;180.000.000;NO;26088
C51;1nF;C_0201_0603Metric;;25.795.000;165.132.900;;;180.000.000;NO;26088
C51;1nF;C_0201_0603Metric;;60.335.000;81.132.900;;;180.000.000;NO;26088
C51;1nF;C_0201_0603Metric;;60.335.000;165.132.900;;;180.000.000;NO;26088
C51;1nF;C_0201_0603Metric;;60.335.000;123.132.900;;;180.000.000;NO;26088
C52;1pF;C_0201_0603Metric;;93.425.000;123.132.900;;;180.000.000;NO;25983
C52;1pF;C_0201_0603Metric;;127.965.000;165.132.900;;;180.000.000;NO;25983
C52;1pF;C_0201_0603Metric;;24.345.000;39.132.900;;;180.000.000;NO;25983
C52;1pF;C_0201_0603Metric;;58.885.000;123.132.900;;;180.000.000;NO;25983
C52;1pF;C_0201_0603Metric;;24.345.000;123.132.900;;;180.000.000;NO;25983
C52;1pF;C_0201_0603Metric;;24.345.000;165.132.900;;;180.000.000;NO;25983
C52;1pF;C_0201_0603Metric;;127.965.000;123.132.900;;;180.000.000;NO;25983
C52;1pF;C_0201_0603Metric;;127.965.000;39.132.900;;;180.000.000;NO;25983
C52;1pF;C_0201_0603Metric;;58.885.000;165.132.900;;;180.000.000;NO;25983
C52;1pF;C_0201_0603Metric;;93.425.000;81.132.900;;;180.000.000;NO;25983
C52;1pF;C_0201_0603Metric;;24.345.000;81.132.900;;;180.000.000;NO;25983
C52;1pF;C_0201_0603Metric;;93.425.000;165.132.900;;;180.000.000;NO;25983
C52;1pF;C_0201_0603Metric;;127.965.000;81.132.900;;;180.000.000;NO;25983
C52;1pF;C_0201_0603Metric;;58.885.000;39.132.900;;;180.000.000;NO;25983
C52;1pF;C_0201_0603Metric;;93.425.000;39.132.900;;;180.000.000;NO;25983
C52;1pF;C_0201_0603Metric;;58.885.000;81.132.900;;;180.000.000;NO;25983
C53;1nF;C_0201_0603Metric;;131.165.000;162.142.900;;;180.000.000;NO;26088
C53;1nF;C_0201_0603Metric;;62.085.000;162.142.900;;;180.000.000;NO;26088
C53;1nF;C_0201_0603Metric;;62.085.000;78.142.900;;;180.000.000;NO;26088
C53;1nF;C_0201_0603Metric;;131.165.000;120.142.900;;;180.000.000;NO;26088
C53;1nF;C_0201_0603Metric;;96.625.000;36.142.900;;;180.000.000;NO;26088
C53;1nF;C_0201_0603Metric;;96.625.000;162.142.900;;;180.000.000;NO;26088
C53;1nF;C_0201_0603Metric;;62.085.000;36.142.900;;;180.000.000;NO;26088
C53;1nF;C_0201_0603Metric;;131.165.000;36.142.900;;;180.000.000;NO;26088
C53;1nF;C_0201_0603Metric;;131.165.000;78.142.900;;;180.000.000;NO;26088
C53;1nF;C_0201_0603Metric;;27.545.000;120.142.900;;;180.000.000;NO;26088
C53;1nF;C_0201_0603Metric;;62.085.000;120.142.900;;;180.000.000;NO;26088
C53;1nF;C_0201_0603Metric;;27.545.000;162.142.900;;;180.000.000;NO;26088
C53;1nF;C_0201_0603Metric;;96.625.000;78.142.900;;;180.000.000;NO;26088
C53;1nF;C_0201_0603Metric;;27.545.000;78.142.900;;;180.000.000;NO;26088
C53;1nF;C_0201_0603Metric;;27.545.000;36.142.900;;;180.000.000;NO;26088
C53;1nF;C_0201_0603Metric;;96.625.000;120.142.900;;;180.000.000;NO;26088
C54;100nF;C_0201_0603Metric;;132.615.000;162.682.900;;;180.000.000;NO;26069
C54;100nF;C_0201_0603Metric;;98.075.000;36.682.900;;;180.000.000;NO;26069
C54;100nF;C_0201_0603Metric;;28.995.000;120.682.900;;;180.000.000;NO;26069
C54;100nF;C_0201_0603Metric;;132.615.000;78.682.900;;;180.000.000;NO;26069
C54;100nF;C_0201_0603Metric;;98.075.000;162.682.900;;;180.000.000;NO;26069
C54;100nF;C_0201_0603Metric;;132.615.000;36.682.900;;;180.000.000;NO;26069
C54;100nF;C_0201_0603Metric;;28.995.000;78.682.900;;;180.000.000;NO;26069
C54;100nF;C_0201_0603Metric;;98.075.000;120.682.900;;;180.000.000;NO;26069
C54;100nF;C_0201_0603Metric;;63.535.000;36.682.900;;;180.000.000;NO;26069
C54;100nF;C_0201_0603Metric;;63.535.000;78.682.900;;;180.000.000;NO;26069
C54;100nF;C_0201_0603Metric;;28.995.000;36.682.900;;;180.000.000;NO;26069
C54;100nF;C_0201_0603Metric;;28.995.000;162.682.900;;;180.000.000;NO;26069
C54;100nF;C_0201_0603Metric;;63.535.000;162.682.900;;;180.000.000;NO;26069
C54;100nF;C_0201_0603Metric;;63.535.000;120.682.900;;;180.000.000;NO;26069
C54;100nF;C_0201_0603Metric;;132.615.000;120.682.900;;;180.000.000;NO;26069
C54;100nF;C_0201_0603Metric;;98.075.000;78.682.900;;;180.000.000;NO;26069
C55;1pF;C_0201_0603Metric;;27.545.000;36.682.900;;;180.000.000;NO;25983
C55;1pF;C_0201_0603Metric;;131.165.000;162.682.900;;;180.000.000;NO;25983
C55;1pF;C_0201_0603Metric;;96.625.000;36.682.900;;;180.000.000;NO;25983
C55;1pF;C_0201_0603Metric;;131.165.000;36.682.900;;;180.000.000;NO;25983
C55;1pF;C_0201_0603Metric;;62.085.000;78.682.900;;;180.000.000;NO;25983
C55;1pF;C_0201_0603Metric;;96.625.000;120.682.900;;;180.000.000;NO;25983
C55;1pF;C_0201_0603Metric;;27.545.000;120.682.900;;;180.000.000;NO;25983
C55;1pF;C_0201_0603Metric;;96.625.000;162.682.900;;;180.000.000;NO;25983
C55;1pF;C_0201_0603Metric;;131.165.000;78.682.900;;;180.000.000;NO;25983
C55;1pF;C_0201_0603Metric;;131.165.000;120.682.900;;;180.000.000;NO;25983
C55;1pF;C_0201_0603Metric;;27.545.000;78.682.900;;;180.000.000;NO;25983
C55;1pF;C_0201_0603Metric;;96.625.000;78.682.900;;;180.000.000;NO;25983
C55;1pF;C_0201_0603Metric;;62.085.000;120.682.900;;;180.000.000;NO;25983
C55;1pF;C_0201_0603Metric;;62.085.000;36.682.900;;;180.000.000;NO;25983
C55;1pF;C_0201_0603Metric;;62.085.000;162.682.900;;;180.000.000;NO;25983
C55;1pF;C_0201_0603Metric;;27.545.000;162.682.900;;;180.000.000;NO;25983
C56;1nF;C_0201_0603Metric;;63.535.000;123.132.900;;;180.000.000;NO;26088
C56;1nF;C_0201_0603Metric;;132.615.000;165.132.900;;;180.000.000;NO;26088
C56;1nF;C_0201_0603Metric;;28.995.000;165.132.900;;;180.000.000;NO;26088
C56;1nF;C_0201_0603Metric;;98.075.000;39.132.900;;;180.000.000;NO;26088
C56;1nF;C_0201_0603Metric;;28.995.000;39.132.900;;;180.000.000;NO;26088
C56;1nF;C_0201_0603Metric;;28.995.000;81.132.900;;;180.000.000;NO;26088
C56;1nF;C_0201_0603Metric;;132.615.000;81.132.900;;;180.000.000;NO;26088
C56;1nF;C_0201_0603Metric;;63.535.000;39.132.900;;;180.000.000;NO;26088
C56;1nF;C_0201_0603Metric;;28.995.000;123.132.900;;;180.000.000;NO;26088
C56;1nF;C_0201_0603Metric;;132.615.000;39.132.900;;;180.000.000;NO;26088
C56;1nF;C_0201_0603Metric;;63.535.000;165.132.900;;;180.000.000;NO;26088
C56;1nF;C_0201_0603Metric;;63.535.000;81.132.900;;;180.000.000;NO;26088
C56;1nF;C_0201_0603Metric;;98.075.000;123.132.900;;;180.000.000;NO;26088
C56;1nF;C_0201_0603Metric;;98.075.000;81.132.900;;;180.000.000;NO;26088
C56;1nF;C_0201_0603Metric;;132.615.000;123.132.900;;;180.000.000;NO;26088
C56;1nF;C_0201_0603Metric;;98.075.000;165.132.900;;;180.000.000;NO;26088
C57;1pF;C_0201_0603Metric;;27.545.000;165.132.900;;;180.000.000;NO;25983
C57;1pF;C_0201_0603Metric;;62.085.000;123.132.900;;;180.000.000;NO;25983
C57;1pF;C_0201_0603Metric;;131.165.000;39.132.900;;;180.000.000;NO;25983
C57;1pF;C_0201_0603Metric;;131.165.000;165.132.900;;;180.000.000;NO;25983
C57;1pF;C_0201_0603Metric;;131.165.000;81.132.900;;;180.000.000;NO;25983
C57;1pF;C_0201_0603Metric;;62.085.000;39.132.900;;;180.000.000;NO;25983
C57;1pF;C_0201_0603Metric;;96.625.000;165.132.900;;;180.000.000;NO;25983
C57;1pF;C_0201_0603Metric;;62.085.000;165.132.900;;;180.000.000;NO;25983
C57;1pF;C_0201_0603Metric;;27.545.000;123.132.900;;;180.000.000;NO;25983
C57;1pF;C_0201_0603Metric;;131.165.000;123.132.900;;;180.000.000;NO;25983
C57;1pF;C_0201_0603Metric;;62.085.000;81.132.900;;;180.000.000;NO;25983
C57;1pF;C_0201_0603Metric;;96.625.000;81.132.900;;;180.000.000;NO;25983
C57;1pF;C_0201_0603Metric;;96.625.000;123.132.900;;;180.000.000;NO;25983
C57;1pF;C_0201_0603Metric;;27.545.000;39.132.900;;;180.000.000;NO;25983
C57;1pF;C_0201_0603Metric;;27.545.000;81.132.900;;;180.000.000;NO;25983
C57;1pF;C_0201_0603Metric;;96.625.000;39.132.900;;;180.000.000;NO;25983
C58;1nF;C_0201_0603Metric;;134.365.000;162.142.900;;;180.000.000;NO;26088
C58;1nF;C_0201_0603Metric;;30.745.000;36.142.900;;;180.000.000;NO;26088
C58;1nF;C_0201_0603Metric;;134.365.000;120.142.900;;;180.000.000;NO;26088
C58;1nF;C_0201_0603Metric;;134.365.000;78.142.900;;;180.000.000;NO;26088
C58;1nF;C_0201_0603Metric;;99.825.000;120.142.900;;;180.000.000;NO;26088
C58;1nF;C_0201_0603Metric;;65.285.000;162.142.900;;;180.000.000;NO;26088
C58;1nF;C_0201_0603Metric;;65.285.000;78.142.900;;;180.000.000;NO;26088
C58;1nF;C_0201_0603Metric;;99.825.000;36.142.900;;;180.000.000;NO;26088
C58;1nF;C_0201_0603Metric;;30.745.000;162.142.900;;;180.000.000;NO;26088
C58;1nF;C_0201_0603Metric;;65.285.000;120.142.900;;;180.000.000;NO;26088
C58;1nF;C_0201_0603Metric;;30.745.000;120.142.900;;;180.000.000;NO;26088
C58;1nF;C_0201_0603Metric;;99.825.000;162.142.900;;;180.000.000;NO;26088
C58;1nF;C_0201_0603Metric;;30.745.000;78.142.900;;;180.000.000;NO;26088
C58;1nF;C_0201_0603Metric;;134.365.000;36.142.900;;;180.000.000;NO;26088
C58;1nF;C_0201_0603Metric;;99.825.000;78.142.900;;;180.000.000;NO;26088
C58;1nF;C_0201_0603Metric;;65.285.000;36.142.900;;;180.000.000;NO;26088
C59;100nF;C_0201_0603Metric;;101.275.000;162.682.900;;;180.000.000;NO;26069
C59;100nF;C_0201_0603Metric;;66.735.000;36.682.900;;;180.000.000;NO;26069
C59;100nF;C_0201_0603Metric;;32.195.000;36.682.900;;;180.000.000;NO;26069
C59;100nF;C_0201_0603Metric;;101.275.000;78.682.900;;;180.000.000;NO;26069
C59;100nF;C_0201_0603Metric;;101.275.000;36.682.900;;;180.000.000;NO;26069
C59;100nF;C_0201_0603Metric;;66.735.000;162.682.900;;;180.000.000;NO;26069
C59;100nF;C_0201_0603Metric;;66.735.000;78.682.900;;;180.000.000;NO;26069
C59;100nF;C_0201_0603Metric;;32.195.000;78.682.900;;;180.000.000;NO;26069
C59;100nF;C_0201_0603Metric;;32.195.000;162.682.900;;;180.000.000;NO;26069
C59;100nF;C_0201_0603Metric;;32.195.000;120.682.900;;;180.000.000;NO;26069
C59;100nF;C_0201_0603Metric;;135.815.000;36.682.900;;;180.000.000;NO;26069
C59;100nF;C_0201_0603Metric;;66.735.000;120.682.900;;;180.000.000;NO;26069
C59;100nF;C_0201_0603Metric;;135.815.000;78.682.900;;;180.000.000;NO;26069
C59;100nF;C_0201_0603Metric;;101.275.000;120.682.900;;;180.000.000;NO;26069
C59;100nF;C_0201_0603Metric;;135.815.000;120.682.900;;;180.000.000;NO;26069
C59;100nF;C_0201_0603Metric;;135.815.000;162.682.900;;;180.000.000;NO;26069
C60;1pF;C_0201_0603Metric;;30.745.000;78.682.900;;;180.000.000;NO;25983
C60;1pF;C_0201_0603Metric;;65.285.000;36.682.900;;;180.000.000;NO;25983
C60;1pF;C_0201_0603Metric;;99.825.000;120.682.900;;;180.000.000;NO;25983
C60;1pF;C_0201_0603Metric;;30.745.000;36.682.900;;;180.000.000;NO;25983
C60;1pF;C_0201_0603Metric;;134.365.000;120.682.900;;;180.000.000;NO;25983
C60;1pF;C_0201_0603Metric;;65.285.000;162.682.900;;;180.000.000;NO;25983
C60;1pF;C_0201_0603Metric;;65.285.000;120.682.900;;;180.000.000;NO;25983
C60;1pF;C_0201_0603Metric;;99.825.000;162.682.900;;;180.000.000;NO;25983
C60;1pF;C_0201_0603Metric;;134.365.000;78.682.900;;;180.000.000;NO;25983
C60;1pF;C_0201_0603Metric;;99.825.000;78.682.900;;;180.000.000;NO;25983
C60;1pF;C_0201_0603Metric;;99.825.000;36.682.900;;;180.000.000;NO;25983
C60;1pF;C_0201_0603Metric;;65.285.000;78.682.900;;;180.000.000;NO;25983
C60;1pF;C_0201_0603Metric;;134.365.000;162.682.900;;;180.000.000;NO;25983
C60;1pF;C_0201_0603Metric;;134.365.000;36.682.900;;;180.000.000;NO;25983
C60;1pF;C_0201_0603Metric;;30.745.000;162.682.900;;;180.000.000;NO;25983
C60;1pF;C_0201_0603Metric;;30.745.000;120.682.900;;;180.000.000;NO;25983
C61;1nF;C_0201_0603Metric;;135.815.000;81.132.900;;;180.000.000;NO;26088
C61;1nF;C_0201_0603Metric;;32.195.000;39.132.900;;;180.000.000;NO;26088
C61;1nF;C_0201_0603Metric;;135.815.000;39.132.900;;;180.000.000;NO;26088
C61;1nF;C_0201_0603Metric;;66.735.000;165.132.900;;;180.000.000;NO;26088
C61;1nF;C_0201_0603Metric;;66.735.000;123.132.900;;;180.000.000;NO;26088
C61;1nF;C_0201_0603Metric;;32.195.000;81.132.900;;;180.000.000;NO;26088
C61;1nF;C_0201_0603Metric;;101.275.000;81.132.900;;;180.000.000;NO;26088
C61;1nF;C_0201_0603Metric;;101.275.000;123.132.900;;;180.000.000;NO;26088
C61;1nF;C_0201_0603Metric;;135.815.000;165.132.900;;;180.000.000;NO;26088
C61;1nF;C_0201_0603Metric;;66.735.000;81.132.900;;;180.000.000;NO;26088
C61;1nF;C_0201_0603Metric;;101.275.000;165.132.900;;;180.000.000;NO;26088
C61;1nF;C_0201_0603Metric;;32.195.000;123.132.900;;;180.000.000;NO;26088
C61;1nF;C_0201_0603Metric;;101.275.000;39.132.900;;;180.000.000;NO;26088
C61;1nF;C_0201_0603Metric;;66.735.000;39.132.900;;;180.000.000;NO;26088
C61;1nF;C_0201_0603Metric;;32.195.000;165.132.900;;;180.000.000;NO;26088
C61;1nF;C_0201_0603Metric;;135.815.000;123.132.900;;;180.000.000;NO;26088
C62;1pF;C_0201_0603Metric;;99.825.000;165.132.900;;;180.000.000;NO;25983
C62;1pF;C_0201_0603Metric;;99.825.000;39.132.900;;;180.000.000;NO;25983
C62;1pF;C_0201_0603Metric;;65.285.000;165.132.900;;;180.000.000;NO;25983
C62;1pF;C_0201_0603Metric;;30.745.000;81.132.900;;;180.000.000;NO;25983
C62;1pF;C_0201_0603Metric;;65.285.000;81.132.900;;;180.000.000;NO;25983
C62;1pF;C_0201_0603Metric;;99.825.000;81.132.900;;;180.000.000;NO;25983
C62;1pF;C_0201_0603Metric;;65.285.000;123.132.900;;;180.000.000;NO;25983
C62;1pF;C_0201_0603Metric;;99.825.000;123.132.900;;;180.000.000;NO;25983
C62;1pF;C_0201_0603Metric;;134.365.000;81.132.900;;;180.000.000;NO;25983
C62;1pF;C_0201_0603Metric;;30.745.000;123.132.900;;;180.000.000;NO;25983
C62;1pF;C_0201_0603Metric;;65.285.000;39.132.900;;;180.000.000;NO;25983
C62;1pF;C_0201_0603Metric;;30.745.000;165.132.900;;;180.000.000;NO;25983
C62;1pF;C_0201_0603Metric;;30.745.000;39.132.900;;;180.000.000;NO;25983
C62;1pF;C_0201_0603Metric;;134.365.000;123.132.900;;;180.000.000;NO;25983
C62;1pF;C_0201_0603Metric;;134.365.000;39.132.900;;;180.000.000;NO;25983
C62;1pF;C_0201_0603Metric;;134.365.000;165.132.900;;;180.000.000;NO;25983
C63;1nF;C_0201_0603Metric;;87.025.000;31.912.900;;;180.000.000;NO;26088
C63;1nF;C_0201_0603Metric;;87.025.000;115.912.900;;;180.000.000;NO;26088
C63;1nF;C_0201_0603Metric;;17.945.000;73.912.900;;;180.000.000;NO;26088
C63;1nF;C_0201_0603Metric;;87.025.000;157.912.900;;;180.000.000;NO;26088
C63;1nF;C_0201_0603Metric;;52.485.000;157.912.900;;;180.000.000;NO;26088
C63;1nF;C_0201_0603Metric;;17.945.000;157.912.900;;;180.000.000;NO;26088
C63;1nF;C_0201_0603Metric;;17.945.000;31.912.900;;;180.000.000;NO;26088
C63;1nF;C_0201_0603Metric;;121.565.000;31.912.900;;;180.000.000;NO;26088
C63;1nF;C_0201_0603Metric;;121.565.000;73.912.900;;;180.000.000;NO;26088
C63;1nF;C_0201_0603Metric;;17.945.000;115.912.900;;;180.000.000;NO;26088
C63;1nF;C_0201_0603Metric;;87.025.000;73.912.900;;;180.000.000;NO;26088
C63;1nF;C_0201_0603Metric;;121.565.000;157.912.900;;;180.000.000;NO;26088
C63;1nF;C_0201_0603Metric;;52.485.000;73.912.900;;;180.000.000;NO;26088
C63;1nF;C_0201_0603Metric;;52.485.000;31.912.900;;;180.000.000;NO;26088
C63;1nF;C_0201_0603Metric;;52.485.000;115.912.900;;;180.000.000;NO;26088
C63;1nF;C_0201_0603Metric;;121.565.000;115.912.900;;;180.000.000;NO;26088
C64;100nF;C_0201_0603Metric;;88.475.000;158.452.900;;;180.000.000;NO;26069
C64;100nF;C_0201_0603Metric;;19.395.000;74.452.900;;;180.000.000;NO;26069
C64;100nF;C_0201_0603Metric;;123.015.000;74.452.900;;;180.000.000;NO;26069
C64;100nF;C_0201_0603Metric;;53.935.000;32.452.900;;;180.000.000;NO;26069
C64;100nF;C_0201_0603Metric;;19.395.000;158.452.900;;;180.000.000;NO;26069
C64;100nF;C_0201_0603Metric;;88.475.000;32.452.900;;;180.000.000;NO;26069
C64;100nF;C_0201_0603Metric;;19.395.000;116.452.900;;;180.000.000;NO;26069
C64;100nF;C_0201_0603Metric;;53.935.000;158.452.900;;;180.000.000;NO;26069
C64;100nF;C_0201_0603Metric;;19.395.000;32.452.900;;;180.000.000;NO;26069
C64;100nF;C_0201_0603Metric;;53.935.000;116.452.900;;;180.000.000;NO;26069
C64;100nF;C_0201_0603Metric;;88.475.000;74.452.900;;;180.000.000;NO;26069
C64;100nF;C_0201_0603Metric;;123.015.000;32.452.900;;;180.000.000;NO;26069
C64;100nF;C_0201_0603Metric;;123.015.000;158.452.900;;;180.000.000;NO;26069
C64;100nF;C_0201_0603Metric;;53.935.000;74.452.900;;;180.000.000;NO;26069
C64;100nF;C_0201_0603Metric;;88.475.000;116.452.900;;;180.000.000;NO;26069
C64;100nF;C_0201_0603Metric;;123.015.000;116.452.900;;;180.000.000;NO;26069
C65;1pF;C_0201_0603Metric;;121.565.000;116.452.900;;;180.000.000;NO;25983
C65;1pF;C_0201_0603Metric;;121.565.000;32.452.900;;;180.000.000;NO;25983
C65;1pF;C_0201_0603Metric;;52.485.000;32.452.900;;;180.000.000;NO;25983
C65;1pF;C_0201_0603Metric;;17.945.000;116.452.900;;;180.000.000;NO;25983
C65;1pF;C_0201_0603Metric;;87.025.000;158.452.900;;;180.000.000;NO;25983
C65;1pF;C_0201_0603Metric;;17.945.000;158.452.900;;;180.000.000;NO;25983
C65;1pF;C_0201_0603Metric;;52.485.000;158.452.900;;;180.000.000;NO;25983
C65;1pF;C_0201_0603Metric;;17.945.000;32.452.900;;;180.000.000;NO;25983
C65;1pF;C_0201_0603Metric;;121.565.000;74.452.900;;;180.000.000;NO;25983
C65;1pF;C_0201_0603Metric;;52.485.000;74.452.900;;;180.000.000;NO;25983
C65;1pF;C_0201_0603Metric;;87.025.000;116.452.900;;;180.000.000;NO;25983
C65;1pF;C_0201_0603Metric;;121.565.000;158.452.900;;;180.000.000;NO;25983
C65;1pF;C_0201_0603Metric;;52.485.000;116.452.900;;;180.000.000;NO;25983
C65;1pF;C_0201_0603Metric;;17.945.000;74.452.900;;;180.000.000;NO;25983
C65;1pF;C_0201_0603Metric;;87.025.000;74.452.900;;;180.000.000;NO;25983
C65;1pF;C_0201_0603Metric;;87.025.000;32.452.900;;;180.000.000;NO;25983
C66;1nF;C_0201_0603Metric;;53.935.000;76.902.900;;;180.000.000;NO;26088
C66;1nF;C_0201_0603Metric;;53.935.000;118.902.900;;;180.000.000;NO;26088
C66;1nF;C_0201_0603Metric;;88.475.000;34.902.900;;;180.000.000;NO;26088
C66;1nF;C_0201_0603Metric;;53.935.000;34.902.900;;;180.000.000;NO;26088
C66;1nF;C_0201_0603Metric;;19.395.000;34.902.900;;;180.000.000;NO;26088
C66;1nF;C_0201_0603Metric;;123.015.000;160.902.900;;;180.000.000;NO;26088
C66;1nF;C_0201_0603Metric;;19.395.000;76.902.900;;;180.000.000;NO;26088
C66;1nF;C_0201_0603Metric;;88.475.000;160.902.900;;;180.000.000;NO;26088
C66;1nF;C_0201_0603Metric;;123.015.000;34.902.900;;;180.000.000;NO;26088
C66;1nF;C_0201_0603Metric;;19.395.000;118.902.900;;;180.000.000;NO;26088
C66;1nF;C_0201_0603Metric;;123.015.000;76.902.900;;;180.000.000;NO;26088
C66;1nF;C_0201_0603Metric;;88.475.000;76.902.900;;;180.000.000;NO;26088
C66;1nF;C_0201_0603Metric;;53.935.000;160.902.900;;;180.000.000;NO;26088
C66;1nF;C_0201_0603Metric;;19.395.000;160.902.900;;;180.000.000;NO;26088
C66;1nF;C_0201_0603Metric;;88.475.000;118.902.900;;;180.000.000;NO;26088
C66;1nF;C_0201_0603Metric;;123.015.000;118.902.900;;;180.000.000;NO;26088
C67;1pF;C_0201_0603Metric;;52.485.000;160.902.900;;;180.000.000;NO;25983
C67;1pF;C_0201_0603Metric;;17.945.000;160.902.900;;;180.000.000;NO;25983
C67;1pF;C_0201_0603Metric;;17.945.000;34.902.900;;;180.000.000;NO;25983
C67;1pF;C_0201_0603Metric;;87.025.000;160.902.900;;;180.000.000;NO;25983
C67;1pF;C_0201_0603Metric;;87.025.000;34.902.900;;;180.000.000;NO;25983
C67;1pF;C_0201_0603Metric;;17.945.000;76.902.900;;;180.000.000;NO;25983
C67;1pF;C_0201_0603Metric;;121.565.000;34.902.900;;;180.000.000;NO;25983
C67;1pF;C_0201_0603Metric;;121.565.000;160.902.900;;;180.000.000;NO;25983
C67;1pF;C_0201_0603Metric;;87.025.000;76.902.900;;;180.000.000;NO;25983
C67;1pF;C_0201_0603Metric;;121.565.000;118.902.900;;;180.000.000;NO;25983
C67;1pF;C_0201_0603Metric;;52.485.000;34.902.900;;;180.000.000;NO;25983
C67;1pF;C_0201_0603Metric;;52.485.000;76.902.900;;;180.000.000;NO;25983
C67;1pF;C_0201_0603Metric;;52.485.000;118.902.900;;;180.000.000;NO;25983
C67;1pF;C_0201_0603Metric;;121.565.000;76.902.900;;;180.000.000;NO;25983
C67;1pF;C_0201_0603Metric;;17.945.000;118.902.900;;;180.000.000;NO;25983
C67;1pF;C_0201_0603Metric;;87.025.000;118.902.900;;;180.000.000;NO;25983
C68;1nF;C_0201_0603Metric;;137.565.000;78.142.900;;;180.000.000;NO;26088
C68;1nF;C_0201_0603Metric;;103.025.000;78.142.900;;;180.000.000;NO;26088
C68;1nF;C_0201_0603Metric;;68.485.000;78.142.900;;;180.000.000;NO;26088
C68;1nF;C_0201_0603Metric;;33.945.000;120.142.900;;;180.000.000;NO;26088
C68;1nF;C_0201_0603Metric;;68.485.000;162.142.900;;;180.000.000;NO;26088
C68;1nF;C_0201_0603Metric;;103.025.000;120.142.900;;;180.000.000;NO;26088
C68;1nF;C_0201_0603Metric;;137.565.000;36.142.900;;;180.000.000;NO;26088
C68;1nF;C_0201_0603Metric;;103.025.000;162.142.900;;;180.000.000;NO;26088
C68;1nF;C_0201_0603Metric;;68.485.000;120.142.900;;;180.000.000;NO;26088
C68;1nF;C_0201_0603Metric;;137.565.000;162.142.900;;;180.000.000;NO;26088
C68;1nF;C_0201_0603Metric;;68.485.000;36.142.900;;;180.000.000;NO;26088
C68;1nF;C_0201_0603Metric;;137.565.000;120.142.900;;;180.000.000;NO;26088
C68;1nF;C_0201_0603Metric;;33.945.000;78.142.900;;;180.000.000;NO;26088
C68;1nF;C_0201_0603Metric;;33.945.000;162.142.900;;;180.000.000;NO;26088
C68;1nF;C_0201_0603Metric;;33.945.000;36.142.900;;;180.000.000;NO;26088
C68;1nF;C_0201_0603Metric;;103.025.000;36.142.900;;;180.000.000;NO;26088
C69;100nF;C_0201_0603Metric;;35.395.000;78.682.900;;;180.000.000;NO;26069
C69;100nF;C_0201_0603Metric;;104.475.000;120.682.900;;;180.000.000;NO;26069
C69;100nF;C_0201_0603Metric;;139.015.000;36.682.900;;;180.000.000;NO;26069
C69;100nF;C_0201_0603Metric;;104.475.000;78.682.900;;;180.000.000;NO;26069
C69;100nF;C_0201_0603Metric;;104.475.000;36.682.900;;;180.000.000;NO;26069
C69;100nF;C_0201_0603Metric;;104.475.000;162.682.900;;;180.000.000;NO;26069
C69;100nF;C_0201_0603Metric;;139.015.000;162.682.900;;;180.000.000;NO;26069
C69;100nF;C_0201_0603Metric;;69.935.000;120.682.900;;;180.000.000;NO;26069
C69;100nF;C_0201_0603Metric;;139.015.000;120.682.900;;;180.000.000;NO;26069
C69;100nF;C_0201_0603Metric;;35.395.000;120.682.900;;;180.000.000;NO;26069
C69;100nF;C_0201_0603Metric;;35.395.000;36.682.900;;;180.000.000;NO;26069
C69;100nF;C_0201_0603Metric;;69.935.000;162.682.900;;;180.000.000;NO;26069
C69;100nF;C_0201_0603Metric;;139.015.000;78.682.900;;;180.000.000;NO;26069
C69;100nF;C_0201_0603Metric;;69.935.000;78.682.900;;;180.000.000;NO;26069
C69;100nF;C_0201_0603Metric;;35.395.000;162.682.900;;;180.000.000;NO;26069
C69;100nF;C_0201_0603Metric;;69.935.000;36.682.900;;;180.000.000;NO;26069
C70;1pF;C_0201_0603Metric;;137.565.000;36.682.900;;;180.000.000;NO;25983
C70;1pF;C_0201_0603Metric;;103.025.000;78.682.900;;;180.000.000;NO;25983
C70;1pF;C_0201_0603Metric;;68.485.000;78.682.900;;;180.000.000;NO;25983
C70;1pF;C_0201_0603Metric;;137.565.000;162.682.900;;;180.000.000;NO;25983
C70;1pF;C_0201_0603Metric;;68.485.000;36.682.900;;;180.000.000;NO;25983
C70;1pF;C_0201_0603Metric;;68.485.000;120.682.900;;;180.000.000;NO;25983
C70;1pF;C_0201_0603Metric;;33.945.000;120.682.900;;;180.000.000;NO;25983
C70;1pF;C_0201_0603Metric;;33.945.000;78.682.900;;;180.000.000;NO;25983
C70;1pF;C_0201_0603Metric;;103.025.000;162.682.900;;;180.000.000;NO;25983
C70;1pF;C_0201_0603Metric;;33.945.000;36.682.900;;;180.000.000;NO;25983
C70;1pF;C_0201_0603Metric;;137.565.000;120.682.900;;;180.000.000;NO;25983
C70;1pF;C_0201_0603Metric;;33.945.000;162.682.900;;;180.000.000;NO;25983
C70;1pF;C_0201_0603Metric;;137.565.000;78.682.900;;;180.000.000;NO;25983
C70;1pF;C_0201_0603Metric;;103.025.000;36.682.900;;;180.000.000;NO;25983
C70;1pF;C_0201_0603Metric;;68.485.000;162.682.900;;;180.000.000;NO;25983
C70;1pF;C_0201_0603Metric;;103.025.000;120.682.900;;;180.000.000;NO;25983
C71;1nF;C_0201_0603Metric;;104.475.000;165.132.900;;;180.000.000;NO;26088
C71;1nF;C_0201_0603Metric;;139.015.000;123.132.900;;;180.000.000;NO;26088
C71;1nF;C_0201_0603Metric;;69.935.000;39.132.900;;;180.000.000;NO;26088
C71;1nF;C_0201_0603Metric;;104.475.000;39.132.900;;;180.000.000;NO;26088
C71;1nF;C_0201_0603Metric;;139.015.000;165.132.900;;;180.000.000;NO;26088
C71;1nF;C_0201_0603Metric;;139.015.000;39.132.900;;;180.000.000;NO;26088
C71;1nF;C_0201_0603Metric;;35.395.000;123.132.900;;;180.000.000;NO;26088
C71;1nF;C_0201_0603Metric;;35.395.000;81.132.900;;;180.000.000;NO;26088
C71;1nF;C_0201_0603Metric;;69.935.000;81.132.900;;;180.000.000;NO;26088
C71;1nF;C_0201_0603Metric;;35.395.000;165.132.900;;;180.000.000;NO;26088
C71;1nF;C_0201_0603Metric;;35.395.000;39.132.900;;;180.000.000;NO;26088
C71;1nF;C_0201_0603Metric;;69.935.000;123.132.900;;;180.000.000;NO;26088
C71;1nF;C_0201_0603Metric;;69.935.000;165.132.900;;;180.000.000;NO;26088
C71;1nF;C_0201_0603Metric;;104.475.000;123.132.900;;;180.000.000;NO;26088
C71;1nF;C_0201_0603Metric;;139.015.000;81.132.900;;;180.000.000;NO;26088
C71;1nF;C_0201_0603Metric;;104.475.000;81.132.900;;;180.000.000;NO;26088
C72;1pF;C_0201_0603Metric;;68.485.000;123.132.900;;;180.000.000;NO;25983
C72;1pF;C_0201_0603Metric;;137.565.000;81.132.900;;;180.000.000;NO;25983
C72;1pF;C_0201_0603Metric;;68.485.000;165.132.900;;;180.000.000;NO;25983
C72;1pF;C_0201_0603Metric;;33.945.000;39.132.900;;;180.000.000;NO;25983
C72;1pF;C_0201_0603Metric;;137.565.000;39.132.900;;;180.000.000;NO;25983
C72;1pF;C_0201_0603Metric;;33.945.000;165.132.900;;;180.000.000;NO;25983
C72;1pF;C_0201_0603Metric;;137.565.000;165.132.900;;;180.000.000;NO;25983
C72;1pF;C_0201_0603Metric;;33.945.000;123.132.900;;;180.000.000;NO;25983
C72;1pF;C_0201_0603Metric;;103.025.000;123.132.900;;;180.000.000;NO;25983
C72;1pF;C_0201_0603Metric;;103.025.000;39.132.900;;;180.000.000;NO;25983
C72;1pF;C_0201_0603Metric;;103.025.000;165.132.900;;;180.000.000;NO;25983
C72;1pF;C_0201_0603Metric;;137.565.000;123.132.900;;;180.000.000;NO;25983
C72;1pF;C_0201_0603Metric;;103.025.000;81.132.900;;;180.000.000;NO;25983
C72;1pF;C_0201_0603Metric;;68.485.000;81.132.900;;;180.000.000;NO;25983
C72;1pF;C_0201_0603Metric;;33.945.000;81.132.900;;;180.000.000;NO;25983
C72;1pF;C_0201_0603Metric;;68.485.000;39.132.900;;;180.000.000;NO;25983
C73;1nF;C_0201_0603Metric;;107.675.000;66.382.900;;;0.000000;NO;26088
C73;1nF;C_0201_0603Metric;;107.675.000;24.382.900;;;0.000000;NO;26088
C73;1nF;C_0201_0603Metric;;38.595.000;108.382.900;;;0.000000;NO;26088
C73;1nF;C_0201_0603Metric;;142.215.000;108.382.900;;;0.000000;NO;26088
C73;1nF;C_0201_0603Metric;;38.595.000;66.382.900;;;0.000000;NO;26088
C73;1nF;C_0201_0603Metric;;142.215.000;66.382.900;;;0.000000;NO;26088
C73;1nF;C_0201_0603Metric;;107.675.000;108.382.900;;;0.000000;NO;26088
C73;1nF;C_0201_0603Metric;;142.215.000;150.382.900;;;0.000000;NO;26088
C73;1nF;C_0201_0603Metric;;142.215.000;24.382.900;;;0.000000;NO;26088
C73;1nF;C_0201_0603Metric;;38.595.000;150.382.900;;;0.000000;NO;26088
C73;1nF;C_0201_0603Metric;;107.675.000;150.382.900;;;0.000000;NO;26088
C73;1nF;C_0201_0603Metric;;73.135.000;108.382.900;;;0.000000;NO;26088
C73;1nF;C_0201_0603Metric;;73.135.000;66.382.900;;;0.000000;NO;26088
C73;1nF;C_0201_0603Metric;;73.135.000;24.382.900;;;0.000000;NO;26088
C73;1nF;C_0201_0603Metric;;73.135.000;150.382.900;;;0.000000;NO;26088
C73;1nF;C_0201_0603Metric;;38.595.000;24.382.900;;;0.000000;NO;26088
C74;100nF;C_0201_0603Metric;;37.145.000;65.842.900;;;0.000000;NO;26069
C74;100nF;C_0201_0603Metric;;140.765.000;65.842.900;;;0.000000;NO;26069
C74;100nF;C_0201_0603Metric;;37.145.000;149.842.900;;;0.000000;NO;26069
C74;100nF;C_0201_0603Metric;;37.145.000;107.842.900;;;0.000000;NO;26069
C74;100nF;C_0201_0603Metric;;71.685.000;107.842.900;;;0.000000;NO;26069
C74;100nF;C_0201_0603Metric;;71.685.000;149.842.900;;;0.000000;NO;26069
C74;100nF;C_0201_0603Metric;;140.765.000;23.842.900;;;0.000000;NO;26069
C74;100nF;C_0201_0603Metric;;71.685.000;23.842.900;;;0.000000;NO;26069
C74;100nF;C_0201_0603Metric;;140.765.000;107.842.900;;;0.000000;NO;26069
C74;100nF;C_0201_0603Metric;;106.225.000;149.842.900;;;0.000000;NO;26069
C74;100nF;C_0201_0603Metric;;106.225.000;23.842.900;;;0.000000;NO;26069
C74;100nF;C_0201_0603Metric;;106.225.000;65.842.900;;;0.000000;NO;26069
C74;100nF;C_0201_0603Metric;;37.145.000;23.842.900;;;0.000000;NO;26069
C74;100nF;C_0201_0603Metric;;71.685.000;65.842.900;;;0.000000;NO;26069
C74;100nF;C_0201_0603Metric;;140.765.000;149.842.900;;;0.000000;NO;26069
C74;100nF;C_0201_0603Metric;;106.225.000;107.842.900;;;0.000000;NO;26069
C75;1pF;C_0201_0603Metric;;73.135.000;23.842.900;;;0.000000;NO;25983
C75;1pF;C_0201_0603Metric;;142.215.000;65.842.900;;;0.000000;NO;25983
C75;1pF;C_0201_0603Metric;;73.135.000;65.842.900;;;0.000000;NO;25983
C75;1pF;C_0201_0603Metric;;107.675.000;23.842.900;;;0.000000;NO;25983
C75;1pF;C_0201_0603Metric;;107.675.000;65.842.900;;;0.000000;NO;25983
C75;1pF;C_0201_0603Metric;;73.135.000;149.842.900;;;0.000000;NO;25983
C75;1pF;C_0201_0603Metric;;38.595.000;23.842.900;;;0.000000;NO;25983
C75;1pF;C_0201_0603Metric;;73.135.000;107.842.900;;;0.000000;NO;25983
C75;1pF;C_0201_0603Metric;;38.595.000;107.842.900;;;0.000000;NO;25983
C75;1pF;C_0201_0603Metric;;142.215.000;107.842.900;;;0.000000;NO;25983
C75;1pF;C_0201_0603Metric;;38.595.000;65.842.900;;;0.000000;NO;25983
C75;1pF;C_0201_0603Metric;;107.675.000;107.842.900;;;0.000000;NO;25983
C75;1pF;C_0201_0603Metric;;142.215.000;149.842.900;;;0.000000;NO;25983
C75;1pF;C_0201_0603Metric;;38.595.000;149.842.900;;;0.000000;NO;25983
C75;1pF;C_0201_0603Metric;;142.215.000;23.842.900;;;0.000000;NO;25983
C75;1pF;C_0201_0603Metric;;107.675.000;149.842.900;;;0.000000;NO;25983
C76;1nF;C_0201_0603Metric;;140.765.000;147.392.900;;;0.000000;NO;26088
C76;1nF;C_0201_0603Metric;;106.225.000;63.392.900;;;0.000000;NO;26088
C76;1nF;C_0201_0603Metric;;140.765.000;63.392.900;;;0.000000;NO;26088
C76;1nF;C_0201_0603Metric;;37.145.000;21.392.900;;;0.000000;NO;26088
C76;1nF;C_0201_0603Metric;;140.765.000;105.392.900;;;0.000000;NO;26088
C76;1nF;C_0201_0603Metric;;140.765.000;21.392.900;;;0.000000;NO;26088
C76;1nF;C_0201_0603Metric;;106.225.000;105.392.900;;;0.000000;NO;26088
C76;1nF;C_0201_0603Metric;;37.145.000;147.392.900;;;0.000000;NO;26088
C76;1nF;C_0201_0603Metric;;71.685.000;147.392.900;;;0.000000;NO;26088
C76;1nF;C_0201_0603Metric;;37.145.000;63.392.900;;;0.000000;NO;26088
C76;1nF;C_0201_0603Metric;;71.685.000;63.392.900;;;0.000000;NO;26088
C76;1nF;C_0201_0603Metric;;37.145.000;105.392.900;;;0.000000;NO;26088
C76;1nF;C_0201_0603Metric;;106.225.000;147.392.900;;;0.000000;NO;26088
C76;1nF;C_0201_0603Metric;;71.685.000;105.392.900;;;0.000000;NO;26088
C76;1nF;C_0201_0603Metric;;106.225.000;21.392.900;;;0.000000;NO;26088
C76;1nF;C_0201_0603Metric;;71.685.000;21.392.900;;;0.000000;NO;26088
C77;1pF;C_0201_0603Metric;;38.595.000;105.392.900;;;0.000000;NO;25983
C77;1pF;C_0201_0603Metric;;142.215.000;105.392.900;;;0.000000;NO;25983
C77;1pF;C_0201_0603Metric;;73.135.000;21.392.900;;;0.000000;NO;25983
C77;1pF;C_0201_0603Metric;;142.215.000;21.392.900;;;0.000000;NO;25983
C77;1pF;C_0201_0603Metric;;142.215.000;147.392.900;;;0.000000;NO;25983
C77;1pF;C_0201_0603Metric;;107.675.000;63.392.900;;;0.000000;NO;25983
C77;1pF;C_0201_0603Metric;;38.595.000;147.392.900;;;0.000000;NO;25983
C77;1pF;C_0201_0603Metric;;142.215.000;63.392.900;;;0.000000;NO;25983
C77;1pF;C_0201_0603Metric;;73.135.000;63.392.900;;;0.000000;NO;25983
C77;1pF;C_0201_0603Metric;;107.675.000;105.392.900;;;0.000000;NO;25983
C77;1pF;C_0201_0603Metric;;38.595.000;63.392.900;;;0.000000;NO;25983
C77;1pF;C_0201_0603Metric;;38.595.000;21.392.900;;;0.000000;NO;25983
C77;1pF;C_0201_0603Metric;;73.135.000;147.392.900;;;0.000000;NO;25983
C77;1pF;C_0201_0603Metric;;107.675.000;147.392.900;;;0.000000;NO;25983
C77;1pF;C_0201_0603Metric;;107.675.000;21.392.900;;;0.000000;NO;25983
C77;1pF;C_0201_0603Metric;;73.135.000;105.392.900;;;0.000000;NO;25983
C78;1nF;C_0201_0603Metric;;104.475.000;108.382.900;;;0.000000;NO;26088
C78;1nF;C_0201_0603Metric;;104.475.000;66.382.900;;;0.000000;NO;26088
C78;1nF;C_0201_0603Metric;;35.395.000;108.382.900;;;0.000000;NO;26088
C78;1nF;C_0201_0603Metric;;69.935.000;150.382.900;;;0.000000;NO;26088
C78;1nF;C_0201_0603Metric;;69.935.000;66.382.900;;;0.000000;NO;26088
C78;1nF;C_0201_0603Metric;;104.475.000;24.382.900;;;0.000000;NO;26088
C78;1nF;C_0201_0603Metric;;35.395.000;24.382.900;;;0.000000;NO;26088
C78;1nF;C_0201_0603Metric;;35.395.000;150.382.900;;;0.000000;NO;26088
C78;1nF;C_0201_0603Metric;;104.475.000;150.382.900;;;0.000000;NO;26088
C78;1nF;C_0201_0603Metric;;139.015.000;150.382.900;;;0.000000;NO;26088
C78;1nF;C_0201_0603Metric;;139.015.000;24.382.900;;;0.000000;NO;26088
C78;1nF;C_0201_0603Metric;;69.935.000;108.382.900;;;0.000000;NO;26088
C78;1nF;C_0201_0603Metric;;139.015.000;108.382.900;;;0.000000;NO;26088
C78;1nF;C_0201_0603Metric;;69.935.000;24.382.900;;;0.000000;NO;26088
C78;1nF;C_0201_0603Metric;;139.015.000;66.382.900;;;0.000000;NO;26088
C78;1nF;C_0201_0603Metric;;35.395.000;66.382.900;;;0.000000;NO;26088
C79;100nF;C_0201_0603Metric;;103.025.000;23.842.900;;;0.000000;NO;26069
C79;100nF;C_0201_0603Metric;;68.485.000;107.842.900;;;0.000000;NO;26069
C79;100nF;C_0201_0603Metric;;103.025.000;107.842.900;;;0.000000;NO;26069
C79;100nF;C_0201_0603Metric;;103.025.000;149.842.900;;;0.000000;NO;26069
C79;100nF;C_0201_0603Metric;;137.565.000;23.842.900;;;0.000000;NO;26069
C79;100nF;C_0201_0603Metric;;68.485.000;23.842.900;;;0.000000;NO;26069
C79;100nF;C_0201_0603Metric;;68.485.000;65.842.900;;;0.000000;NO;26069
C79;100nF;C_0201_0603Metric;;33.945.000;149.842.900;;;0.000000;NO;26069
C79;100nF;C_0201_0603Metric;;137.565.000;149.842.900;;;0.000000;NO;26069
C79;100nF;C_0201_0603Metric;;137.565.000;65.842.900;;;0.000000;NO;26069
C79;100nF;C_0201_0603Metric;;68.485.000;149.842.900;;;0.000000;NO;26069
C79;100nF;C_0201_0603Metric;;33.945.000;23.842.900;;;0.000000;NO;26069
C79;100nF;C_0201_0603Metric;;33.945.000;65.842.900;;;0.000000;NO;26069
C79;100nF;C_0201_0603Metric;;33.945.000;107.842.900;;;0.000000;NO;26069
C79;100nF;C_0201_0603Metric;;137.565.000;107.842.900;;;0.000000;NO;26069
C79;100nF;C_0201_0603Metric;;103.025.000;65.842.900;;;0.000000;NO;26069
C80;1pF;C_0201_0603Metric;;104.475.000;23.842.900;;;0.000000;NO;25983
C80;1pF;C_0201_0603Metric;;35.395.000;65.842.900;;;0.000000;NO;25983
C80;1pF;C_0201_0603Metric;;69.935.000;149.842.900;;;0.000000;NO;25983
C80;1pF;C_0201_0603Metric;;104.475.000;107.842.900;;;0.000000;NO;25983
C80;1pF;C_0201_0603Metric;;139.015.000;65.842.900;;;0.000000;NO;25983
C80;1pF;C_0201_0603Metric;;139.015.000;23.842.900;;;0.000000;NO;25983
C80;1pF;C_0201_0603Metric;;35.395.000;23.842.900;;;0.000000;NO;25983
C80;1pF;C_0201_0603Metric;;35.395.000;149.842.900;;;0.000000;NO;25983
C80;1pF;C_0201_0603Metric;;139.015.000;149.842.900;;;0.000000;NO;25983
C80;1pF;C_0201_0603Metric;;104.475.000;65.842.900;;;0.000000;NO;25983
C80;1pF;C_0201_0603Metric;;35.395.000;107.842.900;;;0.000000;NO;25983
C80;1pF;C_0201_0603Metric;;104.475.000;149.842.900;;;0.000000;NO;25983
C80;1pF;C_0201_0603Metric;;139.015.000;107.842.900;;;0.000000;NO;25983
C80;1pF;C_0201_0603Metric;;69.935.000;23.842.900;;;0.000000;NO;25983
C80;1pF;C_0201_0603Metric;;69.935.000;107.842.900;;;0.000000;NO;25983
C80;1pF;C_0201_0603Metric;;69.935.000;65.842.900;;;0.000000;NO;25983
C81;1nF;C_0201_0603Metric;;33.945.000;147.392.900;;;0.000000;NO;26088
C81;1nF;C_0201_0603Metric;;68.485.000;63.392.900;;;0.000000;NO;26088
C81;1nF;C_0201_0603Metric;;68.485.000;105.392.900;;;0.000000;NO;26088
C81;1nF;C_0201_0603Metric;;33.945.000;105.392.900;;;0.000000;NO;26088
C81;1nF;C_0201_0603Metric;;33.945.000;63.392.900;;;0.000000;NO;26088
C81;1nF;C_0201_0603Metric;;103.025.000;21.392.900;;;0.000000;NO;26088
C81;1nF;C_0201_0603Metric;;103.025.000;147.392.900;;;0.000000;NO;26088
C81;1nF;C_0201_0603Metric;;103.025.000;63.392.900;;;0.000000;NO;26088
C81;1nF;C_0201_0603Metric;;137.565.000;105.392.900;;;0.000000;NO;26088
C81;1nF;C_0201_0603Metric;;103.025.000;105.392.900;;;0.000000;NO;26088
C81;1nF;C_0201_0603Metric;;137.565.000;63.392.900;;;0.000000;NO;26088
C81;1nF;C_0201_0603Metric;;68.485.000;147.392.900;;;0.000000;NO;26088
C81;1nF;C_0201_0603Metric;;33.945.000;21.392.900;;;0.000000;NO;26088
C81;1nF;C_0201_0603Metric;;137.565.000;21.392.900;;;0.000000;NO;26088
C81;1nF;C_0201_0603Metric;;68.485.000;21.392.900;;;0.000000;NO;26088
C81;1nF;C_0201_0603Metric;;137.565.000;147.392.900;;;0.000000;NO;26088
C82;1pF;C_0201_0603Metric;;139.015.000;147.392.900;;;0.000000;NO;25983
C82;1pF;C_0201_0603Metric;;104.475.000;21.392.900;;;0.000000;NO;25983
C82;1pF;C_0201_0603Metric;;139.015.000;63.392.900;;;0.000000;NO;25983
C82;1pF;C_0201_0603Metric;;104.475.000;147.392.900;;;0.000000;NO;25983
C82;1pF;C_0201_0603Metric;;35.395.000;105.392.900;;;0.000000;NO;25983
C82;1pF;C_0201_0603Metric;;104.475.000;105.392.900;;;0.000000;NO;25983
C82;1pF;C_0201_0603Metric;;35.395.000;21.392.900;;;0.000000;NO;25983
C82;1pF;C_0201_0603Metric;;139.015.000;21.392.900;;;0.000000;NO;25983
C82;1pF;C_0201_0603Metric;;69.935.000;105.392.900;;;0.000000;NO;25983
C82;1pF;C_0201_0603Metric;;69.935.000;21.392.900;;;0.000000;NO;25983
C82;1pF;C_0201_0603Metric;;69.935.000;63.392.900;;;0.000000;NO;25983
C82;1pF;C_0201_0603Metric;;139.015.000;105.392.900;;;0.000000;NO;25983
C82;1pF;C_0201_0603Metric;;35.395.000;63.392.900;;;0.000000;NO;25983
C82;1pF;C_0201_0603Metric;;35.395.000;147.392.900;;;0.000000;NO;25983
C82;1pF;C_0201_0603Metric;;104.475.000;63.392.900;;;0.000000;NO;25983
C82;1pF;C_0201_0603Metric;;69.935.000;147.392.900;;;0.000000;NO;25983
C83;1nF;C_0201_0603Metric;;135.815.000;66.382.900;;;0.000000;NO;26088
C83;1nF;C_0201_0603Metric;;135.815.000;24.382.900;;;0.000000;NO;26088
C83;1nF;C_0201_0603Metric;;32.195.000;108.382.900;;;0.000000;NO;26088
C83;1nF;C_0201_0603Metric;;66.735.000;150.382.900;;;0.000000;NO;26088
C83;1nF;C_0201_0603Metric;;32.195.000;66.382.900;;;0.000000;NO;26088
C83;1nF;C_0201_0603Metric;;66.735.000;66.382.900;;;0.000000;NO;26088
C83;1nF;C_0201_0603Metric;;101.275.000;24.382.900;;;0.000000;NO;26088
C83;1nF;C_0201_0603Metric;;66.735.000;108.382.900;;;0.000000;NO;26088
C83;1nF;C_0201_0603Metric;;32.195.000;150.382.900;;;0.000000;NO;26088
C83;1nF;C_0201_0603Metric;;101.275.000;108.382.900;;;0.000000;NO;26088
C83;1nF;C_0201_0603Metric;;135.815.000;108.382.900;;;0.000000;NO;26088
C83;1nF;C_0201_0603Metric;;66.735.000;24.382.900;;;0.000000;NO;26088
C83;1nF;C_0201_0603Metric;;135.815.000;150.382.900;;;0.000000;NO;26088
C83;1nF;C_0201_0603Metric;;101.275.000;66.382.900;;;0.000000;NO;26088
C83;1nF;C_0201_0603Metric;;32.195.000;24.382.900;;;0.000000;NO;26088
C83;1nF;C_0201_0603Metric;;101.275.000;150.382.900;;;0.000000;NO;26088
C84;100nF;C_0201_0603Metric;;65.285.000;149.842.900;;;0.000000;NO;26069
C84;100nF;C_0201_0603Metric;;30.745.000;23.842.900;;;0.000000;NO;26069
C84;100nF;C_0201_0603Metric;;30.745.000;149.842.900;;;0.000000;NO;26069
C84;100nF;C_0201_0603Metric;;99.825.000;149.842.900;;;0.000000;NO;26069
C84;100nF;C_0201_0603Metric;;65.285.000;23.842.900;;;0.000000;NO;26069
C84;100nF;C_0201_0603Metric;;65.285.000;65.842.900;;;0.000000;NO;26069
C84;100nF;C_0201_0603Metric;;99.825.000;65.842.900;;;0.000000;NO;26069
C84;100nF;C_0201_0603Metric;;134.365.000;107.842.900;;;0.000000;NO;26069
C84;100nF;C_0201_0603Metric;;99.825.000;23.842.900;;;0.000000;NO;26069
C84;100nF;C_0201_0603Metric;;134.365.000;149.842.900;;;0.000000;NO;26069
C84;100nF;C_0201_0603Metric;;99.825.000;107.842.900;;;0.000000;NO;26069
C84;100nF;C_0201_0603Metric;;30.745.000;107.842.900;;;0.000000;NO;26069
C84;100nF;C_0201_0603Metric;;134.365.000;23.842.900;;;0.000000;NO;26069
C84;100nF;C_0201_0603Metric;;134.365.000;65.842.900;;;0.000000;NO;26069
C84;100nF;C_0201_0603Metric;;65.285.000;107.842.900;;;0.000000;NO;26069
C84;100nF;C_0201_0603Metric;;30.745.000;65.842.900;;;0.000000;NO;26069
C85;1pF;C_0201_0603Metric;;66.735.000;23.842.900;;;0.000000;NO;25983
C85;1pF;C_0201_0603Metric;;101.275.000;149.842.900;;;0.000000;NO;25983
C85;1pF;C_0201_0603Metric;;101.275.000;65.842.900;;;0.000000;NO;25983
C85;1pF;C_0201_0603Metric;;135.815.000;149.842.900;;;0.000000;NO;25983
C85;1pF;C_0201_0603Metric;;32.195.000;65.842.900;;;0.000000;NO;25983
C85;1pF;C_0201_0603Metric;;135.815.000;23.842.900;;;0.000000;NO;25983
C85;1pF;C_0201_0603Metric;;101.275.000;23.842.900;;;0.000000;NO;25983
C85;1pF;C_0201_0603Metric;;66.735.000;149.842.900;;;0.000000;NO;25983
C85;1pF;C_0201_0603Metric;;32.195.000;107.842.900;;;0.000000;NO;25983
C85;1pF;C_0201_0603Metric;;32.195.000;149.842.900;;;0.000000;NO;25983
C85;1pF;C_0201_0603Metric;;66.735.000;65.842.900;;;0.000000;NO;25983
C85;1pF;C_0201_0603Metric;;66.735.000;107.842.900;;;0.000000;NO;25983
C85;1pF;C_0201_0603Metric;;135.815.000;65.842.900;;;0.000000;NO;25983
C85;1pF;C_0201_0603Metric;;101.275.000;107.842.900;;;0.000000;NO;25983
C85;1pF;C_0201_0603Metric;;135.815.000;107.842.900;;;0.000000;NO;25983
C85;1pF;C_0201_0603Metric;;32.195.000;23.842.900;;;0.000000;NO;25983
C86;1nF;C_0201_0603Metric;;65.285.000;63.392.900;;;0.000000;NO;26088
C86;1nF;C_0201_0603Metric;;134.365.000;147.392.900;;;0.000000;NO;26088
C86;1nF;C_0201_0603Metric;;30.745.000;147.392.900;;;0.000000;NO;26088
C86;1nF;C_0201_0603Metric;;99.825.000;63.392.900;;;0.000000;NO;26088
C86;1nF;C_0201_0603Metric;;30.745.000;105.392.900;;;0.000000;NO;26088
C86;1nF;C_0201_0603Metric;;99.825.000;21.392.900;;;0.000000;NO;26088
C86;1nF;C_0201_0603Metric;;99.825.000;105.392.900;;;0.000000;NO;26088
C86;1nF;C_0201_0603Metric;;134.365.000;63.392.900;;;0.000000;NO;26088
C86;1nF;C_0201_0603Metric;;99.825.000;147.392.900;;;0.000000;NO;26088
C86;1nF;C_0201_0603Metric;;134.365.000;105.392.900;;;0.000000;NO;26088
C86;1nF;C_0201_0603Metric;;65.285.000;21.392.900;;;0.000000;NO;26088
C86;1nF;C_0201_0603Metric;;134.365.000;21.392.900;;;0.000000;NO;26088
C86;1nF;C_0201_0603Metric;;30.745.000;63.392.900;;;0.000000;NO;26088
C86;1nF;C_0201_0603Metric;;65.285.000;147.392.900;;;0.000000;NO;26088
C86;1nF;C_0201_0603Metric;;65.285.000;105.392.900;;;0.000000;NO;26088
C86;1nF;C_0201_0603Metric;;30.745.000;21.392.900;;;0.000000;NO;26088
C87;1pF;C_0201_0603Metric;;66.735.000;21.392.900;;;0.000000;NO;25983
C87;1pF;C_0201_0603Metric;;135.815.000;105.392.900;;;0.000000;NO;25983
C87;1pF;C_0201_0603Metric;;32.195.000;105.392.900;;;0.000000;NO;25983
C87;1pF;C_0201_0603Metric;;66.735.000;147.392.900;;;0.000000;NO;25983
C87;1pF;C_0201_0603Metric;;66.735.000;63.392.900;;;0.000000;NO;25983
C87;1pF;C_0201_0603Metric;;101.275.000;21.392.900;;;0.000000;NO;25983
C87;1pF;C_0201_0603Metric;;135.815.000;21.392.900;;;0.000000;NO;25983
C87;1pF;C_0201_0603Metric;;101.275.000;147.392.900;;;0.000000;NO;25983
C87;1pF;C_0201_0603Metric;;101.275.000;105.392.900;;;0.000000;NO;25983
C87;1pF;C_0201_0603Metric;;32.195.000;63.392.900;;;0.000000;NO;25983
C87;1pF;C_0201_0603Metric;;32.195.000;147.392.900;;;0.000000;NO;25983
C87;1pF;C_0201_0603Metric;;32.195.000;21.392.900;;;0.000000;NO;25983
C87;1pF;C_0201_0603Metric;;135.815.000;63.392.900;;;0.000000;NO;25983
C87;1pF;C_0201_0603Metric;;66.735.000;105.392.900;;;0.000000;NO;25983
C87;1pF;C_0201_0603Metric;;101.275.000;63.392.900;;;0.000000;NO;25983
C87;1pF;C_0201_0603Metric;;135.815.000;147.392.900;;;0.000000;NO;25983
C88;1nF;C_0201_0603Metric;;63.535.000;104.152.900;;;0.000000;NO;26088
C88;1nF;C_0201_0603Metric;;98.075.000;20.152.900;;;0.000000;NO;26088
C88;1nF;C_0201_0603Metric;;132.615.000;62.152.900;;;0.000000;NO;26088
C88;1nF;C_0201_0603Metric;;98.075.000;62.152.900;;;0.000000;NO;26088
C88;1nF;C_0201_0603Metric;;98.075.000;146.152.900;;;0.000000;NO;26088
C88;1nF;C_0201_0603Metric;;132.615.000;20.152.900;;;0.000000;NO;26088
C88;1nF;C_0201_0603Metric;;28.995.000;146.152.900;;;0.000000;NO;26088
C88;1nF;C_0201_0603Metric;;63.535.000;62.152.900;;;0.000000;NO;26088
C88;1nF;C_0201_0603Metric;;28.995.000;20.152.900;;;0.000000;NO;26088
C88;1nF;C_0201_0603Metric;;28.995.000;104.152.900;;;0.000000;NO;26088
C88;1nF;C_0201_0603Metric;;28.995.000;62.152.900;;;0.000000;NO;26088
C88;1nF;C_0201_0603Metric;;63.535.000;146.152.900;;;0.000000;NO;26088
C88;1nF;C_0201_0603Metric;;132.615.000;104.152.900;;;0.000000;NO;26088
C88;1nF;C_0201_0603Metric;;63.535.000;20.152.900;;;0.000000;NO;26088
C88;1nF;C_0201_0603Metric;;132.615.000;146.152.900;;;0.000000;NO;26088
C88;1nF;C_0201_0603Metric;;98.075.000;104.152.900;;;0.000000;NO;26088
C89;100nF;C_0201_0603Metric;;62.085.000;103.612.900;;;0.000000;NO;26069
C89;100nF;C_0201_0603Metric;;27.545.000;19.612.900;;;0.000000;NO;26069
C89;100nF;C_0201_0603Metric;;27.545.000;145.612.900;;;0.000000;NO;26069
C89;100nF;C_0201_0603Metric;;96.625.000;19.612.900;;;0.000000;NO;26069
C89;100nF;C_0201_0603Metric;;96.625.000;61.612.900;;;0.000000;NO;26069
C89;100nF;C_0201_0603Metric;;131.165.000;19.612.900;;;0.000000;NO;26069
C89;100nF;C_0201_0603Metric;;62.085.000;61.612.900;;;0.000000;NO;26069
C89;100nF;C_0201_0603Metric;;27.545.000;61.612.900;;;0.000000;NO;26069
C89;100nF;C_0201_0603Metric;;131.165.000;103.612.900;;;0.000000;NO;26069
C89;100nF;C_0201_0603Metric;;62.085.000;19.612.900;;;0.000000;NO;26069
C89;100nF;C_0201_0603Metric;;96.625.000;145.612.900;;;0.000000;NO;26069
C89;100nF;C_0201_0603Metric;;131.165.000;145.612.900;;;0.000000;NO;26069
C89;100nF;C_0201_0603Metric;;96.625.000;103.612.900;;;0.000000;NO;26069
C89;100nF;C_0201_0603Metric;;27.545.000;103.612.900;;;0.000000;NO;26069
C89;100nF;C_0201_0603Metric;;62.085.000;145.612.900;;;0.000000;NO;26069
C89;100nF;C_0201_0603Metric;;131.165.000;61.612.900;;;0.000000;NO;26069
C90;1pF;C_0201_0603Metric;;98.075.000;145.612.900;;;0.000000;NO;25983
C90;1pF;C_0201_0603Metric;;28.995.000;19.612.900;;;0.000000;NO;25983
C90;1pF;C_0201_0603Metric;;132.615.000;19.612.900;;;0.000000;NO;25983
C90;1pF;C_0201_0603Metric;;28.995.000;103.612.900;;;0.000000;NO;25983
C90;1pF;C_0201_0603Metric;;98.075.000;103.612.900;;;0.000000;NO;25983
C90;1pF;C_0201_0603Metric;;28.995.000;145.612.900;;;0.000000;NO;25983
C90;1pF;C_0201_0603Metric;;63.535.000;19.612.900;;;0.000000;NO;25983
C90;1pF;C_0201_0603Metric;;63.535.000;61.612.900;;;0.000000;NO;25983
C90;1pF;C_0201_0603Metric;;28.995.000;61.612.900;;;0.000000;NO;25983
C90;1pF;C_0201_0603Metric;;132.615.000;145.612.900;;;0.000000;NO;25983
C90;1pF;C_0201_0603Metric;;63.535.000;145.612.900;;;0.000000;NO;25983
C90;1pF;C_0201_0603Metric;;63.535.000;103.612.900;;;0.000000;NO;25983
C90;1pF;C_0201_0603Metric;;98.075.000;61.612.900;;;0.000000;NO;25983
C90;1pF;C_0201_0603Metric;;132.615.000;103.612.900;;;0.000000;NO;25983
C90;1pF;C_0201_0603Metric;;98.075.000;19.612.900;;;0.000000;NO;25983
C90;1pF;C_0201_0603Metric;;132.615.000;61.612.900;;;0.000000;NO;25983
C91;1nF;C_0201_0603Metric;;96.625.000;17.162.900;;;0.000000;NO;26088
C91;1nF;C_0201_0603Metric;;27.545.000;143.162.900;;;0.000000;NO;26088
C91;1nF;C_0201_0603Metric;;27.545.000;59.162.900;;;0.000000;NO;26088
C91;1nF;C_0201_0603Metric;;131.165.000;101.162.900;;;0.000000;NO;26088
C91;1nF;C_0201_0603Metric;;131.165.000;17.162.900;;;0.000000;NO;26088
C91;1nF;C_0201_0603Metric;;27.545.000;101.162.900;;;0.000000;NO;26088
C91;1nF;C_0201_0603Metric;;96.625.000;143.162.900;;;0.000000;NO;26088
C91;1nF;C_0201_0603Metric;;62.085.000;59.162.900;;;0.000000;NO;26088
C91;1nF;C_0201_0603Metric;;62.085.000;143.162.900;;;0.000000;NO;26088
C91;1nF;C_0201_0603Metric;;131.165.000;143.162.900;;;0.000000;NO;26088
C91;1nF;C_0201_0603Metric;;131.165.000;59.162.900;;;0.000000;NO;26088
C91;1nF;C_0201_0603Metric;;62.085.000;17.162.900;;;0.000000;NO;26088
C91;1nF;C_0201_0603Metric;;96.625.000;101.162.900;;;0.000000;NO;26088
C91;1nF;C_0201_0603Metric;;27.545.000;17.162.900;;;0.000000;NO;26088
C91;1nF;C_0201_0603Metric;;62.085.000;101.162.900;;;0.000000;NO;26088
C91;1nF;C_0201_0603Metric;;96.625.000;59.162.900;;;0.000000;NO;26088
C92;1pF;C_0201_0603Metric;;63.535.000;143.162.900;;;0.000000;NO;25983
C92;1pF;C_0201_0603Metric;;132.615.000;143.162.900;;;0.000000;NO;25983
C92;1pF;C_0201_0603Metric;;63.535.000;59.162.900;;;0.000000;NO;25983
C92;1pF;C_0201_0603Metric;;132.615.000;17.162.900;;;0.000000;NO;25983
C92;1pF;C_0201_0603Metric;;98.075.000;101.162.900;;;0.000000;NO;25983
C92;1pF;C_0201_0603Metric;;63.535.000;101.162.900;;;0.000000;NO;25983
C92;1pF;C_0201_0603Metric;;132.615.000;59.162.900;;;0.000000;NO;25983
C92;1pF;C_0201_0603Metric;;28.995.000;59.162.900;;;0.000000;NO;25983
C92;1pF;C_0201_0603Metric;;63.535.000;17.162.900;;;0.000000;NO;25983
C92;1pF;C_0201_0603Metric;;98.075.000;143.162.900;;;0.000000;NO;25983
C92;1pF;C_0201_0603Metric;;98.075.000;17.162.900;;;0.000000;NO;25983
C92;1pF;C_0201_0603Metric;;28.995.000;17.162.900;;;0.000000;NO;25983
C92;1pF;C_0201_0603Metric;;98.075.000;59.162.900;;;0.000000;NO;25983
C92;1pF;C_0201_0603Metric;;28.995.000;101.162.900;;;0.000000;NO;25983
C92;1pF;C_0201_0603Metric;;28.995.000;143.162.900;;;0.000000;NO;25983
C92;1pF;C_0201_0603Metric;;132.615.000;101.162.900;;;0.000000;NO;25983
C93;1nF;C_0201_0603Metric;;53.935.000;108.382.900;;;0.000000;NO;26088
C93;1nF;C_0201_0603Metric;;19.395.000;24.382.900;;;0.000000;NO;26088
C93;1nF;C_0201_0603Metric;;123.015.000;24.382.900;;;0.000000;NO;26088
C93;1nF;C_0201_0603Metric;;123.015.000;150.382.900;;;0.000000;NO;26088
C93;1nF;C_0201_0603Metric;;53.935.000;24.382.900;;;0.000000;NO;26088
C93;1nF;C_0201_0603Metric;;88.475.000;150.382.900;;;0.000000;NO;26088
C93;1nF;C_0201_0603Metric;;19.395.000;66.382.900;;;0.000000;NO;26088
C93;1nF;C_0201_0603Metric;;53.935.000;66.382.900;;;0.000000;NO;26088
C93;1nF;C_0201_0603Metric;;123.015.000;66.382.900;;;0.000000;NO;26088
C93;1nF;C_0201_0603Metric;;19.395.000;150.382.900;;;0.000000;NO;26088
C93;1nF;C_0201_0603Metric;;123.015.000;108.382.900;;;0.000000;NO;26088
C93;1nF;C_0201_0603Metric;;88.475.000;24.382.900;;;0.000000;NO;26088
C93;1nF;C_0201_0603Metric;;88.475.000;66.382.900;;;0.000000;NO;26088
C93;1nF;C_0201_0603Metric;;53.935.000;150.382.900;;;0.000000;NO;26088
C93;1nF;C_0201_0603Metric;;88.475.000;108.382.900;;;0.000000;NO;26088
C93;1nF;C_0201_0603Metric;;19.395.000;108.382.900;;;0.000000;NO;26088
C94;100nF;C_0201_0603Metric;;121.565.000;23.842.900;;;0.000000;NO;26069
C94;100nF;C_0201_0603Metric;;87.025.000;23.842.900;;;0.000000;NO;26069
C94;100nF;C_0201_0603Metric;;121.565.000;149.842.900;;;0.000000;NO;26069
C94;100nF;C_0201_0603Metric;;52.485.000;65.842.900;;;0.000000;NO;26069
C94;100nF;C_0201_0603Metric;;17.945.000;149.842.900;;;0.000000;NO;26069
C94;100nF;C_0201_0603Metric;;52.485.000;23.842.900;;;0.000000;NO;26069
C94;100nF;C_0201_0603Metric;;17.945.000;107.842.900;;;0.000000;NO;26069
C94;100nF;C_0201_0603Metric;;121.565.000;65.842.900;;;0.000000;NO;26069
C94;100nF;C_0201_0603Metric;;87.025.000;107.842.900;;;0.000000;NO;26069
C94;100nF;C_0201_0603Metric;;87.025.000;149.842.900;;;0.000000;NO;26069
C94;100nF;C_0201_0603Metric;;17.945.000;23.842.900;;;0.000000;NO;26069
C94;100nF;C_0201_0603Metric;;121.565.000;107.842.900;;;0.000000;NO;26069
C94;100nF;C_0201_0603Metric;;52.485.000;107.842.900;;;0.000000;NO;26069
C94;100nF;C_0201_0603Metric;;52.485.000;149.842.900;;;0.000000;NO;26069
C94;100nF;C_0201_0603Metric;;87.025.000;65.842.900;;;0.000000;NO;26069
C94;100nF;C_0201_0603Metric;;17.945.000;65.842.900;;;0.000000;NO;26069
C95;1pF;C_0201_0603Metric;;123.015.000;65.842.900;;;0.000000;NO;25983
C95;1pF;C_0201_0603Metric;;53.935.000;23.842.900;;;0.000000;NO;25983
C95;1pF;C_0201_0603Metric;;123.015.000;149.842.900;;;0.000000;NO;25983
C95;1pF;C_0201_0603Metric;;19.395.000;149.842.900;;;0.000000;NO;25983
C95;1pF;C_0201_0603Metric;;53.935.000;107.842.900;;;0.000000;NO;25983
C95;1pF;C_0201_0603Metric;;19.395.000;107.842.900;;;0.000000;NO;25983
C95;1pF;C_0201_0603Metric;;19.395.000;65.842.900;;;0.000000;NO;25983
C95;1pF;C_0201_0603Metric;;123.015.000;107.842.900;;;0.000000;NO;25983
C95;1pF;C_0201_0603Metric;;19.395.000;23.842.900;;;0.000000;NO;25983
C95;1pF;C_0201_0603Metric;;88.475.000;65.842.900;;;0.000000;NO;25983
C95;1pF;C_0201_0603Metric;;88.475.000;23.842.900;;;0.000000;NO;25983
C95;1pF;C_0201_0603Metric;;123.015.000;23.842.900;;;0.000000;NO;25983
C95;1pF;C_0201_0603Metric;;88.475.000;149.842.900;;;0.000000;NO;25983
C95;1pF;C_0201_0603Metric;;88.475.000;107.842.900;;;0.000000;NO;25983
C95;1pF;C_0201_0603Metric;;53.935.000;65.842.900;;;0.000000;NO;25983
C95;1pF;C_0201_0603Metric;;53.935.000;149.842.900;;;0.000000;NO;25983
C96;1nF;C_0201_0603Metric;;87.025.000;105.392.900;;;0.000000;NO;26088
C96;1nF;C_0201_0603Metric;;17.945.000;63.392.900;;;0.000000;NO;26088
C96;1nF;C_0201_0603Metric;;52.485.000;63.392.900;;;0.000000;NO;26088
C96;1nF;C_0201_0603Metric;;121.565.000;105.392.900;;;0.000000;NO;26088
C96;1nF;C_0201_0603Metric;;17.945.000;147.392.900;;;0.000000;NO;26088
C96;1nF;C_0201_0603Metric;;121.565.000;21.392.900;;;0.000000;NO;26088
C96;1nF;C_0201_0603Metric;;121.565.000;147.392.900;;;0.000000;NO;26088
C96;1nF;C_0201_0603Metric;;87.025.000;63.392.900;;;0.000000;NO;26088
C96;1nF;C_0201_0603Metric;;52.485.000;21.392.900;;;0.000000;NO;26088
C96;1nF;C_0201_0603Metric;;87.025.000;147.392.900;;;0.000000;NO;26088
C96;1nF;C_0201_0603Metric;;87.025.000;21.392.900;;;0.000000;NO;26088
C96;1nF;C_0201_0603Metric;;17.945.000;21.392.900;;;0.000000;NO;26088
C96;1nF;C_0201_0603Metric;;17.945.000;105.392.900;;;0.000000;NO;26088
C96;1nF;C_0201_0603Metric;;52.485.000;147.392.900;;;0.000000;NO;26088
C96;1nF;C_0201_0603Metric;;52.485.000;105.392.900;;;0.000000;NO;26088
C96;1nF;C_0201_0603Metric;;121.565.000;63.392.900;;;0.000000;NO;26088
C97;1pF;C_0201_0603Metric;;53.935.000;147.392.900;;;0.000000;NO;25983
C97;1pF;C_0201_0603Metric;;88.475.000;63.392.900;;;0.000000;NO;25983
C97;1pF;C_0201_0603Metric;;123.015.000;147.392.900;;;0.000000;NO;25983
C97;1pF;C_0201_0603Metric;;19.395.000;147.392.900;;;0.000000;NO;25983
C97;1pF;C_0201_0603Metric;;53.935.000;21.392.900;;;0.000000;NO;25983
C97;1pF;C_0201_0603Metric;;123.015.000;21.392.900;;;0.000000;NO;25983
C97;1pF;C_0201_0603Metric;;19.395.000;105.392.900;;;0.000000;NO;25983
C97;1pF;C_0201_0603Metric;;123.015.000;105.392.900;;;0.000000;NO;25983
C97;1pF;C_0201_0603Metric;;19.395.000;63.392.900;;;0.000000;NO;25983
C97;1pF;C_0201_0603Metric;;88.475.000;147.392.900;;;0.000000;NO;25983
C97;1pF;C_0201_0603Metric;;123.015.000;63.392.900;;;0.000000;NO;25983
C97;1pF;C_0201_0603Metric;;53.935.000;63.392.900;;;0.000000;NO;25983
C97;1pF;C_0201_0603Metric;;53.935.000;105.392.900;;;0.000000;NO;25983
C97;1pF;C_0201_0603Metric;;19.395.000;21.392.900;;;0.000000;NO;25983
C97;1pF;C_0201_0603Metric;;88.475.000;105.392.900;;;0.000000;NO;25983
C97;1pF;C_0201_0603Metric;;88.475.000;21.392.900;;;0.000000;NO;25983
C98;1nF;C_0201_0603Metric;;145.415.000;150.382.900;;;0.000000;NO;26088
C98;1nF;C_0201_0603Metric;;41.795.000;150.382.900;;;0.000000;NO;26088
C98;1nF;C_0201_0603Metric;;145.415.000;108.382.900;;;0.000000;NO;26088
C98;1nF;C_0201_0603Metric;;110.875.000;66.382.900;;;0.000000;NO;26088
C98;1nF;C_0201_0603Metric;;110.875.000;24.382.900;;;0.000000;NO;26088
C98;1nF;C_0201_0603Metric;;110.875.000;150.382.900;;;0.000000;NO;26088
C98;1nF;C_0201_0603Metric;;41.795.000;108.382.900;;;0.000000;NO;26088
C98;1nF;C_0201_0603Metric;;41.795.000;66.382.900;;;0.000000;NO;26088
C98;1nF;C_0201_0603Metric;;76.335.000;150.382.900;;;0.000000;NO;26088
C98;1nF;C_0201_0603Metric;;76.335.000;24.382.900;;;0.000000;NO;26088
C98;1nF;C_0201_0603Metric;;145.415.000;66.382.900;;;0.000000;NO;26088
C98;1nF;C_0201_0603Metric;;76.335.000;108.382.900;;;0.000000;NO;26088
C98;1nF;C_0201_0603Metric;;110.875.000;108.382.900;;;0.000000;NO;26088
C98;1nF;C_0201_0603Metric;;76.335.000;66.382.900;;;0.000000;NO;26088
C98;1nF;C_0201_0603Metric;;41.795.000;24.382.900;;;0.000000;NO;26088
C98;1nF;C_0201_0603Metric;;145.415.000;24.382.900;;;0.000000;NO;26088
C99;100nF;C_0201_0603Metric;;109.425.000;65.842.900;;;0.000000;NO;26069
C99;100nF;C_0201_0603Metric;;40.345.000;149.842.900;;;0.000000;NO;26069
C99;100nF;C_0201_0603Metric;;143.965.000;149.842.900;;;0.000000;NO;26069
C99;100nF;C_0201_0603Metric;;74.885.000;23.842.900;;;0.000000;NO;26069
C99;100nF;C_0201_0603Metric;;143.965.000;23.842.900;;;0.000000;NO;26069
C99;100nF;C_0201_0603Metric;;40.345.000;23.842.900;;;0.000000;NO;26069
C99;100nF;C_0201_0603Metric;;143.965.000;107.842.900;;;0.000000;NO;26069
C99;100nF;C_0201_0603Metric;;74.885.000;65.842.900;;;0.000000;NO;26069
C99;100nF;C_0201_0603Metric;;109.425.000;149.842.900;;;0.000000;NO;26069
C99;100nF;C_0201_0603Metric;;74.885.000;149.842.900;;;0.000000;NO;26069
C99;100nF;C_0201_0603Metric;;74.885.000;107.842.900;;;0.000000;NO;26069
C99;100nF;C_0201_0603Metric;;109.425.000;23.842.900;;;0.000000;NO;26069
C99;100nF;C_0201_0603Metric;;143.965.000;65.842.900;;;0.000000;NO;26069
C99;100nF;C_0201_0603Metric;;40.345.000;65.842.900;;;0.000000;NO;26069
C99;100nF;C_0201_0603Metric;;109.425.000;107.842.900;;;0.000000;NO;26069
C99;100nF;C_0201_0603Metric;;40.345.000;107.842.900;;;0.000000;NO;26069
C100;1pF;C_0201_0603Metric;;145.415.000;149.842.900;;;0.000000;NO;25983
C100;1pF;C_0201_0603Metric;;41.795.000;65.842.900;;;0.000000;NO;25983
C100;1pF;C_0201_0603Metric;;76.335.000;23.842.900;;;0.000000;NO;25983
C100;1pF;C_0201_0603Metric;;110.875.000;149.842.900;;;0.000000;NO;25983
C100;1pF;C_0201_0603Metric;;41.795.000;149.842.900;;;0.000000;NO;25983
C100;1pF;C_0201_0603Metric;;145.415.000;65.842.900;;;0.000000;NO;25983
C100;1pF;C_0201_0603Metric;;76.335.000;65.842.900;;;0.000000;NO;25983
C100;1pF;C_0201_0603Metric;;110.875.000;107.842.900;;;0.000000;NO;25983
C100;1pF;C_0201_0603Metric;;41.795.000;107.842.900;;;0.000000;NO;25983
C100;1pF;C_0201_0603Metric;;110.875.000;65.842.900;;;0.000000;NO;25983
C100;1pF;C_0201_0603Metric;;110.875.000;23.842.900;;;0.000000;NO;25983
C100;1pF;C_0201_0603Metric;;41.795.000;23.842.900;;;0.000000;NO;25983
C100;1pF;C_0201_0603Metric;;145.415.000;107.842.900;;;0.000000;NO;25983
C100;1pF;C_0201_0603Metric;;76.335.000;149.842.900;;;0.000000;NO;25983
C100;1pF;C_0201_0603Metric;;76.335.000;107.842.900;;;0.000000;NO;25983
C100;1pF;C_0201_0603Metric;;145.415.000;23.842.900;;;0.000000;NO;25983
C101;1nF;C_0201_0603Metric;;74.885.000;105.392.900;;;0.000000;NO;26088
C101;1nF;C_0201_0603Metric;;40.345.000;147.392.900;;;0.000000;NO;26088
C101;1nF;C_0201_0603Metric;;40.345.000;63.392.900;;;0.000000;NO;26088
C101;1nF;C_0201_0603Metric;;109.425.000;147.392.900;;;0.000000;NO;26088
C101;1nF;C_0201_0603Metric;;74.885.000;63.392.900;;;0.000000;NO;26088
C101;1nF;C_0201_0603Metric;;143.965.000;147.392.900;;;0.000000;NO;26088
C101;1nF;C_0201_0603Metric;;109.425.000;105.392.900;;;0.000000;NO;26088
C101;1nF;C_0201_0603Metric;;109.425.000;21.392.900;;;0.000000;NO;26088
C101;1nF;C_0201_0603Metric;;40.345.000;21.392.900;;;0.000000;NO;26088
C101;1nF;C_0201_0603Metric;;74.885.000;147.392.900;;;0.000000;NO;26088
C101;1nF;C_0201_0603Metric;;40.345.000;105.392.900;;;0.000000;NO;26088
C101;1nF;C_0201_0603Metric;;143.965.000;21.392.900;;;0.000000;NO;26088
C101;1nF;C_0201_0603Metric;;74.885.000;21.392.900;;;0.000000;NO;26088
C101;1nF;C_0201_0603Metric;;143.965.000;105.392.900;;;0.000000;NO;26088
C101;1nF;C_0201_0603Metric;;143.965.000;63.392.900;;;0.000000;NO;26088
C101;1nF;C_0201_0603Metric;;109.425.000;63.392.900;;;0.000000;NO;26088
C102;1pF;C_0201_0603Metric;;76.335.000;147.392.900;;;0.000000;NO;25983
C102;1pF;C_0201_0603Metric;;110.875.000;105.392.900;;;0.000000;NO;25983
C102;1pF;C_0201_0603Metric;;110.875.000;147.392.900;;;0.000000;NO;25983
C102;1pF;C_0201_0603Metric;;76.335.000;63.392.900;;;0.000000;NO;25983
C102;1pF;C_0201_0603Metric;;110.875.000;63.392.900;;;0.000000;NO;25983
C102;1pF;C_0201_0603Metric;;145.415.000;105.392.900;;;0.000000;NO;25983
C102;1pF;C_0201_0603Metric;;41.795.000;147.392.900;;;0.000000;NO;25983
C102;1pF;C_0201_0603Metric;;145.415.000;147.392.900;;;0.000000;NO;25983
C102;1pF;C_0201_0603Metric;;145.415.000;21.392.900;;;0.000000;NO;25983
C102;1pF;C_0201_0603Metric;;110.875.000;21.392.900;;;0.000000;NO;25983
C102;1pF;C_0201_0603Metric;;41.795.000;105.392.900;;;0.000000;NO;25983
C102;1pF;C_0201_0603Metric;;76.335.000;105.392.900;;;0.000000;NO;25983
C102;1pF;C_0201_0603Metric;;41.795.000;63.392.900;;;0.000000;NO;25983
C102;1pF;C_0201_0603Metric;;76.335.000;21.392.900;;;0.000000;NO;25983
C102;1pF;C_0201_0603Metric;;145.415.000;63.392.900;;;0.000000;NO;25983
C102;1pF;C_0201_0603Metric;;41.795.000;21.392.900;;;0.000000;NO;25983
C103;1nF;C_0201_0603Metric;;126.215.000;150.382.900;;;0.000000;NO;26088
C103;1nF;C_0201_0603Metric;;91.675.000;108.382.900;;;0.000000;NO;26088
C103;1nF;C_0201_0603Metric;;57.135.000;150.382.900;;;0.000000;NO;26088
C103;1nF;C_0201_0603Metric;;126.215.000;108.382.900;;;0.000000;NO;26088
C103;1nF;C_0201_0603Metric;;126.215.000;24.382.900;;;0.000000;NO;26088
C103;1nF;C_0201_0603Metric;;91.675.000;66.382.900;;;0.000000;NO;26088
C103;1nF;C_0201_0603Metric;;57.135.000;66.382.900;;;0.000000;NO;26088
C103;1nF;C_0201_0603Metric;;57.135.000;108.382.900;;;0.000000;NO;26088
C103;1nF;C_0201_0603Metric;;57.135.000;24.382.900;;;0.000000;NO;26088
C103;1nF;C_0201_0603Metric;;22.595.000;24.382.900;;;0.000000;NO;26088
C103;1nF;C_0201_0603Metric;;22.595.000;66.382.900;;;0.000000;NO;26088
C103;1nF;C_0201_0603Metric;;22.595.000;108.382.900;;;0.000000;NO;26088
C103;1nF;C_0201_0603Metric;;126.215.000;66.382.900;;;0.000000;NO;26088
C103;1nF;C_0201_0603Metric;;91.675.000;150.382.900;;;0.000000;NO;26088
C103;1nF;C_0201_0603Metric;;91.675.000;24.382.900;;;0.000000;NO;26088
C103;1nF;C_0201_0603Metric;;22.595.000;150.382.900;;;0.000000;NO;26088
C104;100nF;C_0201_0603Metric;;90.225.000;107.842.900;;;0.000000;NO;26069
C104;100nF;C_0201_0603Metric;;90.225.000;23.842.900;;;0.000000;NO;26069
C104;100nF;C_0201_0603Metric;;124.765.000;23.842.900;;;0.000000;NO;26069
C104;100nF;C_0201_0603Metric;;124.765.000;65.842.900;;;0.000000;NO;26069
C104;100nF;C_0201_0603Metric;;90.225.000;149.842.900;;;0.000000;NO;26069
C104;100nF;C_0201_0603Metric;;21.145.000;107.842.900;;;0.000000;NO;26069
C104;100nF;C_0201_0603Metric;;55.685.000;65.842.900;;;0.000000;NO;26069
C104;100nF;C_0201_0603Metric;;55.685.000;107.842.900;;;0.000000;NO;26069
C104;100nF;C_0201_0603Metric;;21.145.000;149.842.900;;;0.000000;NO;26069
C104;100nF;C_0201_0603Metric;;55.685.000;149.842.900;;;0.000000;NO;26069
C104;100nF;C_0201_0603Metric;;90.225.000;65.842.900;;;0.000000;NO;26069
C104;100nF;C_0201_0603Metric;;124.765.000;149.842.900;;;0.000000;NO;26069
C104;100nF;C_0201_0603Metric;;21.145.000;23.842.900;;;0.000000;NO;26069
C104;100nF;C_0201_0603Metric;;21.145.000;65.842.900;;;0.000000;NO;26069
C104;100nF;C_0201_0603Metric;;55.685.000;23.842.900;;;0.000000;NO;26069
C104;100nF;C_0201_0603Metric;;124.765.000;107.842.900;;;0.000000;NO;26069
C105;1pF;C_0201_0603Metric;;91.675.000;65.842.900;;;0.000000;NO;25983
C105;1pF;C_0201_0603Metric;;22.595.000;107.842.900;;;0.000000;NO;25983
C105;1pF;C_0201_0603Metric;;22.595.000;149.842.900;;;0.000000;NO;25983
C105;1pF;C_0201_0603Metric;;126.215.000;149.842.900;;;0.000000;NO;25983
C105;1pF;C_0201_0603Metric;;57.135.000;23.842.900;;;0.000000;NO;25983
C105;1pF;C_0201_0603Metric;;91.675.000;149.842.900;;;0.000000;NO;25983
C105;1pF;C_0201_0603Metric;;57.135.000;107.842.900;;;0.000000;NO;25983
C105;1pF;C_0201_0603Metric;;91.675.000;107.842.900;;;0.000000;NO;25983
C105;1pF;C_0201_0603Metric;;57.135.000;149.842.900;;;0.000000;NO;25983
C105;1pF;C_0201_0603Metric;;22.595.000;65.842.900;;;0.000000;NO;25983
C105;1pF;C_0201_0603Metric;;126.215.000;107.842.900;;;0.000000;NO;25983
C105;1pF;C_0201_0603Metric;;126.215.000;23.842.900;;;0.000000;NO;25983
C105;1pF;C_0201_0603Metric;;126.215.000;65.842.900;;;0.000000;NO;25983
C105;1pF;C_0201_0603Metric;;91.675.000;23.842.900;;;0.000000;NO;25983
C105;1pF;C_0201_0603Metric;;22.595.000;23.842.900;;;0.000000;NO;25983
C105;1pF;C_0201_0603Metric;;57.135.000;65.842.900;;;0.000000;NO;25983
C106;1nF;C_0201_0603Metric;;124.765.000;105.392.900;;;0.000000;NO;26088
C106;1nF;C_0201_0603Metric;;55.685.000;147.392.900;;;0.000000;NO;26088
C106;1nF;C_0201_0603Metric;;55.685.000;105.392.900;;;0.000000;NO;26088
C106;1nF;C_0201_0603Metric;;21.145.000;21.392.900;;;0.000000;NO;26088
C106;1nF;C_0201_0603Metric;;90.225.000;105.392.900;;;0.000000;NO;26088
C106;1nF;C_0201_0603Metric;;124.765.000;21.392.900;;;0.000000;NO;26088
C106;1nF;C_0201_0603Metric;;90.225.000;147.392.900;;;0.000000;NO;26088
C106;1nF;C_0201_0603Metric;;124.765.000;147.392.900;;;0.000000;NO;26088
C106;1nF;C_0201_0603Metric;;21.145.000;105.392.900;;;0.000000;NO;26088
C106;1nF;C_0201_0603Metric;;124.765.000;63.392.900;;;0.000000;NO;26088
C106;1nF;C_0201_0603Metric;;55.685.000;21.392.900;;;0.000000;NO;26088
C106;1nF;C_0201_0603Metric;;21.145.000;147.392.900;;;0.000000;NO;26088
C106;1nF;C_0201_0603Metric;;90.225.000;21.392.900;;;0.000000;NO;26088
C106;1nF;C_0201_0603Metric;;21.145.000;63.392.900;;;0.000000;NO;26088
C106;1nF;C_0201_0603Metric;;90.225.000;63.392.900;;;0.000000;NO;26088
C106;1nF;C_0201_0603Metric;;55.685.000;63.392.900;;;0.000000;NO;26088
C107;1pF;C_0201_0603Metric;;126.215.000;105.392.900;;;0.000000;NO;25983
C107;1pF;C_0201_0603Metric;;91.675.000;147.392.900;;;0.000000;NO;25983
C107;1pF;C_0201_0603Metric;;126.215.000;21.392.900;;;0.000000;NO;25983
C107;1pF;C_0201_0603Metric;;57.135.000;21.392.900;;;0.000000;NO;25983
C107;1pF;C_0201_0603Metric;;22.595.000;21.392.900;;;0.000000;NO;25983
C107;1pF;C_0201_0603Metric;;91.675.000;105.392.900;;;0.000000;NO;25983
C107;1pF;C_0201_0603Metric;;126.215.000;63.392.900;;;0.000000;NO;25983
C107;1pF;C_0201_0603Metric;;91.675.000;21.392.900;;;0.000000;NO;25983
C107;1pF;C_0201_0603Metric;;57.135.000;147.392.900;;;0.000000;NO;25983
C107;1pF;C_0201_0603Metric;;57.135.000;105.392.900;;;0.000000;NO;25983
C107;1pF;C_0201_0603Metric;;22.595.000;147.392.900;;;0.000000;NO;25983
C107;1pF;C_0201_0603Metric;;22.595.000;63.392.900;;;0.000000;NO;25983
C107;1pF;C_0201_0603Metric;;57.135.000;63.392.900;;;0.000000;NO;25983
C107;1pF;C_0201_0603Metric;;22.595.000;105.392.900;;;0.000000;NO;25983
C107;1pF;C_0201_0603Metric;;91.675.000;63.392.900;;;0.000000;NO;25983
C107;1pF;C_0201_0603Metric;;126.215.000;147.392.900;;;0.000000;NO;25983
C108;1nF;C_0201_0603Metric;;94.875.000;20.152.900;;;0.000000;NO;26088
C108;1nF;C_0201_0603Metric;;129.415.000;62.152.900;;;0.000000;NO;26088
C108;1nF;C_0201_0603Metric;;129.415.000;20.152.900;;;0.000000;NO;26088
C108;1nF;C_0201_0603Metric;;25.795.000;62.152.900;;;0.000000;NO;26088
C108;1nF;C_0201_0603Metric;;94.875.000;104.152.900;;;0.000000;NO;26088
C108;1nF;C_0201_0603Metric;;60.335.000;146.152.900;;;0.000000;NO;26088
C108;1nF;C_0201_0603Metric;;60.335.000;20.152.900;;;0.000000;NO;26088
C108;1nF;C_0201_0603Metric;;129.415.000;146.152.900;;;0.000000;NO;26088
C108;1nF;C_0201_0603Metric;;60.335.000;104.152.900;;;0.000000;NO;26088
C108;1nF;C_0201_0603Metric;;129.415.000;104.152.900;;;0.000000;NO;26088
C108;1nF;C_0201_0603Metric;;94.875.000;62.152.900;;;0.000000;NO;26088
C108;1nF;C_0201_0603Metric;;94.875.000;146.152.900;;;0.000000;NO;26088
C108;1nF;C_0201_0603Metric;;60.335.000;62.152.900;;;0.000000;NO;26088
C108;1nF;C_0201_0603Metric;;25.795.000;20.152.900;;;0.000000;NO;26088
C108;1nF;C_0201_0603Metric;;25.795.000;146.152.900;;;0.000000;NO;26088
C108;1nF;C_0201_0603Metric;;25.795.000;104.152.900;;;0.000000;NO;26088
C109;100nF;C_0201_0603Metric;;127.965.000;103.612.900;;;0.000000;NO;26069
C109;100nF;C_0201_0603Metric;;58.885.000;103.612.900;;;0.000000;NO;26069
C109;100nF;C_0201_0603Metric;;127.965.000;19.612.900;;;0.000000;NO;26069
C109;100nF;C_0201_0603Metric;;127.965.000;61.612.900;;;0.000000;NO;26069
C109;100nF;C_0201_0603Metric;;93.425.000;103.612.900;;;0.000000;NO;26069
C109;100nF;C_0201_0603Metric;;58.885.000;145.612.900;;;0.000000;NO;26069
C109;100nF;C_0201_0603Metric;;24.345.000;61.612.900;;;0.000000;NO;26069
C109;100nF;C_0201_0603Metric;;58.885.000;61.612.900;;;0.000000;NO;26069
C109;100nF;C_0201_0603Metric;;24.345.000;145.612.900;;;0.000000;NO;26069
C109;100nF;C_0201_0603Metric;;93.425.000;19.612.900;;;0.000000;NO;26069
C109;100nF;C_0201_0603Metric;;93.425.000;61.612.900;;;0.000000;NO;26069
C109;100nF;C_0201_0603Metric;;24.345.000;19.612.900;;;0.000000;NO;26069
C109;100nF;C_0201_0603Metric;;127.965.000;145.612.900;;;0.000000;NO;26069
C109;100nF;C_0201_0603Metric;;24.345.000;103.612.900;;;0.000000;NO;26069
C109;100nF;C_0201_0603Metric;;93.425.000;145.612.900;;;0.000000;NO;26069
C109;100nF;C_0201_0603Metric;;58.885.000;19.612.900;;;0.000000;NO;26069
C110;1pF;C_0201_0603Metric;;129.415.000;145.612.900;;;0.000000;NO;25983
C110;1pF;C_0201_0603Metric;;129.415.000;61.612.900;;;0.000000;NO;25983
C110;1pF;C_0201_0603Metric;;94.875.000;103.612.900;;;0.000000;NO;25983
C110;1pF;C_0201_0603Metric;;60.335.000;103.612.900;;;0.000000;NO;25983
C110;1pF;C_0201_0603Metric;;25.795.000;145.612.900;;;0.000000;NO;25983
C110;1pF;C_0201_0603Metric;;94.875.000;61.612.900;;;0.000000;NO;25983
C110;1pF;C_0201_0603Metric;;129.415.000;103.612.900;;;0.000000;NO;25983
C110;1pF;C_0201_0603Metric;;129.415.000;19.612.900;;;0.000000;NO;25983
C110;1pF;C_0201_0603Metric;;60.335.000;61.612.900;;;0.000000;NO;25983
C110;1pF;C_0201_0603Metric;;25.795.000;103.612.900;;;0.000000;NO;25983
C110;1pF;C_0201_0603Metric;;60.335.000;19.612.900;;;0.000000;NO;25983
C110;1pF;C_0201_0603Metric;;94.875.000;19.612.900;;;0.000000;NO;25983
C110;1pF;C_0201_0603Metric;;25.795.000;19.612.900;;;0.000000;NO;25983
C110;1pF;C_0201_0603Metric;;25.795.000;61.612.900;;;0.000000;NO;25983
C110;1pF;C_0201_0603Metric;;94.875.000;145.612.900;;;0.000000;NO;25983
C110;1pF;C_0201_0603Metric;;60.335.000;145.612.900;;;0.000000;NO;25983
C111;1nF;C_0201_0603Metric;;93.425.000;17.162.900;;;0.000000;NO;26088
C111;1nF;C_0201_0603Metric;;58.885.000;59.162.900;;;0.000000;NO;26088
C111;1nF;C_0201_0603Metric;;58.885.000;17.162.900;;;0.000000;NO;26088
C111;1nF;C_0201_0603Metric;;127.965.000;59.162.900;;;0.000000;NO;26088
C111;1nF;C_0201_0603Metric;;127.965.000;101.162.900;;;0.000000;NO;26088
C111;1nF;C_0201_0603Metric;;58.885.000;143.162.900;;;0.000000;NO;26088
C111;1nF;C_0201_0603Metric;;24.345.000;101.162.900;;;0.000000;NO;26088
C111;1nF;C_0201_0603Metric;;93.425.000;101.162.900;;;0.000000;NO;26088
C111;1nF;C_0201_0603Metric;;93.425.000;59.162.900;;;0.000000;NO;26088
C111;1nF;C_0201_0603Metric;;24.345.000;143.162.900;;;0.000000;NO;26088
C111;1nF;C_0201_0603Metric;;93.425.000;143.162.900;;;0.000000;NO;26088
C111;1nF;C_0201_0603Metric;;127.965.000;143.162.900;;;0.000000;NO;26088
C111;1nF;C_0201_0603Metric;;24.345.000;17.162.900;;;0.000000;NO;26088
C111;1nF;C_0201_0603Metric;;58.885.000;101.162.900;;;0.000000;NO;26088
C111;1nF;C_0201_0603Metric;;24.345.000;59.162.900;;;0.000000;NO;26088
C111;1nF;C_0201_0603Metric;;127.965.000;17.162.900;;;0.000000;NO;26088
C112;1pF;C_0201_0603Metric;;25.795.000;143.162.900;;;0.000000;NO;25983
C112;1pF;C_0201_0603Metric;;129.415.000;101.162.900;;;0.000000;NO;25983
C112;1pF;C_0201_0603Metric;;94.875.000;17.162.900;;;0.000000;NO;25983
C112;1pF;C_0201_0603Metric;;60.335.000;17.162.900;;;0.000000;NO;25983
C112;1pF;C_0201_0603Metric;;94.875.000;59.162.900;;;0.000000;NO;25983
C112;1pF;C_0201_0603Metric;;60.335.000;59.162.900;;;0.000000;NO;25983
C112;1pF;C_0201_0603Metric;;129.415.000;59.162.900;;;0.000000;NO;25983
C112;1pF;C_0201_0603Metric;;129.415.000;143.162.900;;;0.000000;NO;25983
C112;1pF;C_0201_0603Metric;;129.415.000;17.162.900;;;0.000000;NO;25983
C112;1pF;C_0201_0603Metric;;94.875.000;101.162.900;;;0.000000;NO;25983
C112;1pF;C_0201_0603Metric;;60.335.000;101.162.900;;;0.000000;NO;25983
C112;1pF;C_0201_0603Metric;;25.795.000;101.162.900;;;0.000000;NO;25983
C112;1pF;C_0201_0603Metric;;60.335.000;143.162.900;;;0.000000;NO;25983
C112;1pF;C_0201_0603Metric;;25.795.000;59.162.900;;;0.000000;NO;25983
C112;1pF;C_0201_0603Metric;;25.795.000;17.162.900;;;0.000000;NO;25983
C112;1pF;C_0201_0603Metric;;94.875.000;143.162.900;;;0.000000;NO;25983
C113;1nF;C_0201_0603Metric;;126.215.000;146.152.900;;;0.000000;NO;26088
C113;1nF;C_0201_0603Metric;;91.675.000;146.152.900;;;0.000000;NO;26088
C113;1nF;C_0201_0603Metric;;57.135.000;62.152.900;;;0.000000;NO;26088
C113;1nF;C_0201_0603Metric;;126.215.000;104.152.900;;;0.000000;NO;26088
C113;1nF;C_0201_0603Metric;;57.135.000;104.152.900;;;0.000000;NO;26088
C113;1nF;C_0201_0603Metric;;22.595.000;20.152.900;;;0.000000;NO;26088
C113;1nF;C_0201_0603Metric;;22.595.000;104.152.900;;;0.000000;NO;26088
C113;1nF;C_0201_0603Metric;;22.595.000;146.152.900;;;0.000000;NO;26088
C113;1nF;C_0201_0603Metric;;91.675.000;20.152.900;;;0.000000;NO;26088
C113;1nF;C_0201_0603Metric;;57.135.000;146.152.900;;;0.000000;NO;26088
C113;1nF;C_0201_0603Metric;;22.595.000;62.152.900;;;0.000000;NO;26088
C113;1nF;C_0201_0603Metric;;126.215.000;20.152.900;;;0.000000;NO;26088
C113;1nF;C_0201_0603Metric;;91.675.000;62.152.900;;;0.000000;NO;26088
C113;1nF;C_0201_0603Metric;;126.215.000;62.152.900;;;0.000000;NO;26088
C113;1nF;C_0201_0603Metric;;91.675.000;104.152.900;;;0.000000;NO;26088
C113;1nF;C_0201_0603Metric;;57.135.000;20.152.900;;;0.000000;NO;26088
C114;100nF;C_0201_0603Metric;;55.685.000;61.612.900;;;0.000000;NO;26069
C114;100nF;C_0201_0603Metric;;55.685.000;145.612.900;;;0.000000;NO;26069
C114;100nF;C_0201_0603Metric;;90.225.000;103.612.900;;;0.000000;NO;26069
C114;100nF;C_0201_0603Metric;;55.685.000;19.612.900;;;0.000000;NO;26069
C114;100nF;C_0201_0603Metric;;55.685.000;103.612.900;;;0.000000;NO;26069
C114;100nF;C_0201_0603Metric;;90.225.000;61.612.900;;;0.000000;NO;26069
C114;100nF;C_0201_0603Metric;;124.765.000;103.612.900;;;0.000000;NO;26069
C114;100nF;C_0201_0603Metric;;21.145.000;61.612.900;;;0.000000;NO;26069
C114;100nF;C_0201_0603Metric;;90.225.000;19.612.900;;;0.000000;NO;26069
C114;100nF;C_0201_0603Metric;;124.765.000;145.612.900;;;0.000000;NO;26069
C114;100nF;C_0201_0603Metric;;124.765.000;61.612.900;;;0.000000;NO;26069
C114;100nF;C_0201_0603Metric;;90.225.000;145.612.900;;;0.000000;NO;26069
C114;100nF;C_0201_0603Metric;;124.765.000;19.612.900;;;0.000000;NO;26069
C114;100nF;C_0201_0603Metric;;21.145.000;145.612.900;;;0.000000;NO;26069
C114;100nF;C_0201_0603Metric;;21.145.000;19.612.900;;;0.000000;NO;26069
C114;100nF;C_0201_0603Metric;;21.145.000;103.612.900;;;0.000000;NO;26069
C115;1pF;C_0201_0603Metric;;22.595.000;61.612.900;;;0.000000;NO;25983
C115;1pF;C_0201_0603Metric;;126.215.000;19.612.900;;;0.000000;NO;25983
C115;1pF;C_0201_0603Metric;;91.675.000;61.612.900;;;0.000000;NO;25983
C115;1pF;C_0201_0603Metric;;126.215.000;145.612.900;;;0.000000;NO;25983
C115;1pF;C_0201_0603Metric;;57.135.000;19.612.900;;;0.000000;NO;25983
C115;1pF;C_0201_0603Metric;;57.135.000;61.612.900;;;0.000000;NO;25983
C115;1pF;C_0201_0603Metric;;22.595.000;145.612.900;;;0.000000;NO;25983
C115;1pF;C_0201_0603Metric;;91.675.000;103.612.900;;;0.000000;NO;25983
C115;1pF;C_0201_0603Metric;;57.135.000;103.612.900;;;0.000000;NO;25983
C115;1pF;C_0201_0603Metric;;91.675.000;19.612.900;;;0.000000;NO;25983
C115;1pF;C_0201_0603Metric;;22.595.000;19.612.900;;;0.000000;NO;25983
C115;1pF;C_0201_0603Metric;;22.595.000;103.612.900;;;0.000000;NO;25983
C115;1pF;C_0201_0603Metric;;57.135.000;145.612.900;;;0.000000;NO;25983
C115;1pF;C_0201_0603Metric;;91.675.000;145.612.900;;;0.000000;NO;25983
C115;1pF;C_0201_0603Metric;;126.215.000;103.612.900;;;0.000000;NO;25983
C115;1pF;C_0201_0603Metric;;126.215.000;61.612.900;;;0.000000;NO;25983
C116;1nF;C_0201_0603Metric;;124.765.000;143.162.900;;;0.000000;NO;26088
C116;1nF;C_0201_0603Metric;;124.765.000;59.162.900;;;0.000000;NO;26088
C116;1nF;C_0201_0603Metric;;21.145.000;59.162.900;;;0.000000;NO;26088
C116;1nF;C_0201_0603Metric;;90.225.000;17.162.900;;;0.000000;NO;26088
C116;1nF;C_0201_0603Metric;;21.145.000;101.162.900;;;0.000000;NO;26088
C116;1nF;C_0201_0603Metric;;124.765.000;17.162.900;;;0.000000;NO;26088
C116;1nF;C_0201_0603Metric;;90.225.000;101.162.900;;;0.000000;NO;26088
C116;1nF;C_0201_0603Metric;;21.145.000;143.162.900;;;0.000000;NO;26088
C116;1nF;C_0201_0603Metric;;55.685.000;101.162.900;;;0.000000;NO;26088
C116;1nF;C_0201_0603Metric;;55.685.000;143.162.900;;;0.000000;NO;26088
C116;1nF;C_0201_0603Metric;;124.765.000;101.162.900;;;0.000000;NO;26088
C116;1nF;C_0201_0603Metric;;55.685.000;17.162.900;;;0.000000;NO;26088
C116;1nF;C_0201_0603Metric;;90.225.000;59.162.900;;;0.000000;NO;26088
C116;1nF;C_0201_0603Metric;;21.145.000;17.162.900;;;0.000000;NO;26088
C116;1nF;C_0201_0603Metric;;90.225.000;143.162.900;;;0.000000;NO;26088
C116;1nF;C_0201_0603Metric;;55.685.000;59.162.900;;;0.000000;NO;26088
C117;1pF;C_0201_0603Metric;;91.675.000;101.162.900;;;0.000000;NO;25983
C117;1pF;C_0201_0603Metric;;22.595.000;101.162.900;;;0.000000;NO;25983
C117;1pF;C_0201_0603Metric;;22.595.000;59.162.900;;;0.000000;NO;25983
C117;1pF;C_0201_0603Metric;;126.215.000;17.162.900;;;0.000000;NO;25983
C117;1pF;C_0201_0603Metric;;22.595.000;143.162.900;;;0.000000;NO;25983
C117;1pF;C_0201_0603Metric;;126.215.000;101.162.900;;;0.000000;NO;25983
C117;1pF;C_0201_0603Metric;;57.135.000;59.162.900;;;0.000000;NO;25983
C117;1pF;C_0201_0603Metric;;91.675.000;17.162.900;;;0.000000;NO;25983
C117;1pF;C_0201_0603Metric;;126.215.000;59.162.900;;;0.000000;NO;25983
C117;1pF;C_0201_0603Metric;;22.595.000;17.162.900;;;0.000000;NO;25983
C117;1pF;C_0201_0603Metric;;91.675.000;143.162.900;;;0.000000;NO;25983
C117;1pF;C_0201_0603Metric;;57.135.000;17.162.900;;;0.000000;NO;25983
C117;1pF;C_0201_0603Metric;;57.135.000;143.162.900;;;0.000000;NO;25983
C117;1pF;C_0201_0603Metric;;57.135.000;101.162.900;;;0.000000;NO;25983
C117;1pF;C_0201_0603Metric;;91.675.000;59.162.900;;;0.000000;NO;25983
C117;1pF;C_0201_0603Metric;;126.215.000;143.162.900;;;0.000000;NO;25983
C118;1nF;C_0201_0603Metric;;66.735.000;62.152.900;;;0.000000;NO;26088
C118;1nF;C_0201_0603Metric;;135.815.000;146.152.900;;;0.000000;NO;26088
C118;1nF;C_0201_0603Metric;;32.195.000;20.152.900;;;0.000000;NO;26088
C118;1nF;C_0201_0603Metric;;135.815.000;62.152.900;;;0.000000;NO;26088
C118;1nF;C_0201_0603Metric;;32.195.000;62.152.900;;;0.000000;NO;26088
C118;1nF;C_0201_0603Metric;;101.275.000;62.152.900;;;0.000000;NO;26088
C118;1nF;C_0201_0603Metric;;135.815.000;20.152.900;;;0.000000;NO;26088
C118;1nF;C_0201_0603Metric;;32.195.000;104.152.900;;;0.000000;NO;26088
C118;1nF;C_0201_0603Metric;;66.735.000;104.152.900;;;0.000000;NO;26088
C118;1nF;C_0201_0603Metric;;101.275.000;104.152.900;;;0.000000;NO;26088
C118;1nF;C_0201_0603Metric;;135.815.000;104.152.900;;;0.000000;NO;26088
C118;1nF;C_0201_0603Metric;;66.735.000;20.152.900;;;0.000000;NO;26088
C118;1nF;C_0201_0603Metric;;32.195.000;146.152.900;;;0.000000;NO;26088
C118;1nF;C_0201_0603Metric;;101.275.000;20.152.900;;;0.000000;NO;26088
C118;1nF;C_0201_0603Metric;;101.275.000;146.152.900;;;0.000000;NO;26088
C118;1nF;C_0201_0603Metric;;66.735.000;146.152.900;;;0.000000;NO;26088
C119;100nF;C_0201_0603Metric;;30.745.000;145.612.900;;;0.000000;NO;26069
C119;100nF;C_0201_0603Metric;;65.285.000;145.612.900;;;0.000000;NO;26069
C119;100nF;C_0201_0603Metric;;134.365.000;19.612.900;;;0.000000;NO;26069
C119;100nF;C_0201_0603Metric;;30.745.000;19.612.900;;;0.000000;NO;26069
C119;100nF;C_0201_0603Metric;;99.825.000;19.612.900;;;0.000000;NO;26069
C119;100nF;C_0201_0603Metric;;65.285.000;61.612.900;;;0.000000;NO;26069
C119;100nF;C_0201_0603Metric;;30.745.000;61.612.900;;;0.000000;NO;26069
C119;100nF;C_0201_0603Metric;;134.365.000;145.612.900;;;0.000000;NO;26069
C119;100nF;C_0201_0603Metric;;134.365.000;103.612.900;;;0.000000;NO;26069
C119;100nF;C_0201_0603Metric;;99.825.000;61.612.900;;;0.000000;NO;26069
C119;100nF;C_0201_0603Metric;;99.825.000;145.612.900;;;0.000000;NO;26069
C119;100nF;C_0201_0603Metric;;30.745.000;103.612.900;;;0.000000;NO;26069
C119;100nF;C_0201_0603Metric;;65.285.000;103.612.900;;;0.000000;NO;26069
C119;100nF;C_0201_0603Metric;;99.825.000;103.612.900;;;0.000000;NO;26069
C119;100nF;C_0201_0603Metric;;65.285.000;19.612.900;;;0.000000;NO;26069
C119;100nF;C_0201_0603Metric;;134.365.000;61.612.900;;;0.000000;NO;26069
C120;1pF;C_0201_0603Metric;;32.195.000;19.612.900;;;0.000000;NO;25983
C120;1pF;C_0201_0603Metric;;32.195.000;103.612.900;;;0.000000;NO;25983
C120;1pF;C_0201_0603Metric;;66.735.000;145.612.900;;;0.000000;NO;25983
C120;1pF;C_0201_0603Metric;;101.275.000;61.612.900;;;0.000000;NO;25983
C120;1pF;C_0201_0603Metric;;101.275.000;103.612.900;;;0.000000;NO;25983
C120;1pF;C_0201_0603Metric;;101.275.000;145.612.900;;;0.000000;NO;25983
C120;1pF;C_0201_0603Metric;;135.815.000;103.612.900;;;0.000000;NO;25983
C120;1pF;C_0201_0603Metric;;32.195.000;145.612.900;;;0.000000;NO;25983
C120;1pF;C_0201_0603Metric;;135.815.000;145.612.900;;;0.000000;NO;25983
C120;1pF;C_0201_0603Metric;;66.735.000;61.612.900;;;0.000000;NO;25983
C120;1pF;C_0201_0603Metric;;101.275.000;19.612.900;;;0.000000;NO;25983
C120;1pF;C_0201_0603Metric;;66.735.000;103.612.900;;;0.000000;NO;25983
C120;1pF;C_0201_0603Metric;;135.815.000;61.612.900;;;0.000000;NO;25983
C120;1pF;C_0201_0603Metric;;32.195.000;61.612.900;;;0.000000;NO;25983
C120;1pF;C_0201_0603Metric;;66.735.000;19.612.900;;;0.000000;NO;25983
C120;1pF;C_0201_0603Metric;;135.815.000;19.612.900;;;0.000000;NO;25983
C121;1nF;C_0201_0603Metric;;134.365.000;143.162.900;;;0.000000;NO;26088
C121;1nF;C_0201_0603Metric;;65.285.000;143.162.900;;;0.000000;NO;26088
C121;1nF;C_0201_0603Metric;;65.285.000;17.162.900;;;0.000000;NO;26088
C121;1nF;C_0201_0603Metric;;99.825.000;59.162.900;;;0.000000;NO;26088
C121;1nF;C_0201_0603Metric;;134.365.000;101.162.900;;;0.000000;NO;26088
C121;1nF;C_0201_0603Metric;;30.745.000;101.162.900;;;0.000000;NO;26088
C121;1nF;C_0201_0603Metric;;65.285.000;59.162.900;;;0.000000;NO;26088
C121;1nF;C_0201_0603Metric;;30.745.000;59.162.900;;;0.000000;NO;26088
C121;1nF;C_0201_0603Metric;;30.745.000;143.162.900;;;0.000000;NO;26088
C121;1nF;C_0201_0603Metric;;99.825.000;143.162.900;;;0.000000;NO;26088
C121;1nF;C_0201_0603Metric;;99.825.000;17.162.900;;;0.000000;NO;26088
C121;1nF;C_0201_0603Metric;;30.745.000;17.162.900;;;0.000000;NO;26088
C121;1nF;C_0201_0603Metric;;65.285.000;101.162.900;;;0.000000;NO;26088
C121;1nF;C_0201_0603Metric;;134.365.000;59.162.900;;;0.000000;NO;26088
C121;1nF;C_0201_0603Metric;;99.825.000;101.162.900;;;0.000000;NO;26088
C121;1nF;C_0201_0603Metric;;134.365.000;17.162.900;;;0.000000;NO;26088
C122;1pF;C_0201_0603Metric;;66.735.000;101.162.900;;;0.000000;NO;25983
C122;1pF;C_0201_0603Metric;;101.275.000;101.162.900;;;0.000000;NO;25983
C122;1pF;C_0201_0603Metric;;135.815.000;59.162.900;;;0.000000;NO;25983
C122;1pF;C_0201_0603Metric;;32.195.000;59.162.900;;;0.000000;NO;25983
C122;1pF;C_0201_0603Metric;;32.195.000;143.162.900;;;0.000000;NO;25983
C122;1pF;C_0201_0603Metric;;32.195.000;17.162.900;;;0.000000;NO;25983
C122;1pF;C_0201_0603Metric;;101.275.000;59.162.900;;;0.000000;NO;25983
C122;1pF;C_0201_0603Metric;;66.735.000;59.162.900;;;0.000000;NO;25983
C122;1pF;C_0201_0603Metric;;66.735.000;17.162.900;;;0.000000;NO;25983
C122;1pF;C_0201_0603Metric;;66.735.000;143.162.900;;;0.000000;NO;25983
C122;1pF;C_0201_0603Metric;;135.815.000;101.162.900;;;0.000000;NO;25983
C122;1pF;C_0201_0603Metric;;101.275.000;143.162.900;;;0.000000;NO;25983
C122;1pF;C_0201_0603Metric;;135.815.000;17.162.900;;;0.000000;NO;25983
C122;1pF;C_0201_0603Metric;;135.815.000;143.162.900;;;0.000000;NO;25983
C122;1pF;C_0201_0603Metric;;101.275.000;17.162.900;;;0.000000;NO;25983
C122;1pF;C_0201_0603Metric;;32.195.000;101.162.900;;;0.000000;NO;25983
C123;1nF;C_0201_0603Metric;;129.415.000;24.382.900;;;0.000000;NO;26088
C123;1nF;C_0201_0603Metric;;94.875.000;150.382.900;;;0.000000;NO;26088
C123;1nF;C_0201_0603Metric;;25.795.000;24.382.900;;;0.000000;NO;26088
C123;1nF;C_0201_0603Metric;;129.415.000;66.382.900;;;0.000000;NO;26088
C123;1nF;C_0201_0603Metric;;129.415.000;150.382.900;;;0.000000;NO;26088
C123;1nF;C_0201_0603Metric;;129.415.000;108.382.900;;;0.000000;NO;26088
C123;1nF;C_0201_0603Metric;;60.335.000;108.382.900;;;0.000000;NO;26088
C123;1nF;C_0201_0603Metric;;60.335.000;66.382.900;;;0.000000;NO;26088
C123;1nF;C_0201_0603Metric;;60.335.000;24.382.900;;;0.000000;NO;26088
C123;1nF;C_0201_0603Metric;;94.875.000;108.382.900;;;0.000000;NO;26088
C123;1nF;C_0201_0603Metric;;25.795.000;66.382.900;;;0.000000;NO;26088
C123;1nF;C_0201_0603Metric;;25.795.000;150.382.900;;;0.000000;NO;26088
C123;1nF;C_0201_0603Metric;;25.795.000;108.382.900;;;0.000000;NO;26088
C123;1nF;C_0201_0603Metric;;60.335.000;150.382.900;;;0.000000;NO;26088
C123;1nF;C_0201_0603Metric;;94.875.000;66.382.900;;;0.000000;NO;26088
C123;1nF;C_0201_0603Metric;;94.875.000;24.382.900;;;0.000000;NO;26088
C124;100nF;C_0201_0603Metric;;58.885.000;65.842.900;;;0.000000;NO;26069
C124;100nF;C_0201_0603Metric;;24.345.000;23.842.900;;;0.000000;NO;26069
C124;100nF;C_0201_0603Metric;;24.345.000;65.842.900;;;0.000000;NO;26069
C124;100nF;C_0201_0603Metric;;127.965.000;65.842.900;;;0.000000;NO;26069
C124;100nF;C_0201_0603Metric;;24.345.000;107.842.900;;;0.000000;NO;26069
C124;100nF;C_0201_0603Metric;;127.965.000;23.842.900;;;0.000000;NO;26069
C124;100nF;C_0201_0603Metric;;58.885.000;149.842.900;;;0.000000;NO;26069
C124;100nF;C_0201_0603Metric;;93.425.000;149.842.900;;;0.000000;NO;26069
C124;100nF;C_0201_0603Metric;;127.965.000;149.842.900;;;0.000000;NO;26069
C124;100nF;C_0201_0603Metric;;58.885.000;107.842.900;;;0.000000;NO;26069
C124;100nF;C_0201_0603Metric;;93.425.000;107.842.900;;;0.000000;NO;26069
C124;100nF;C_0201_0603Metric;;93.425.000;65.842.900;;;0.000000;NO;26069
C124;100nF;C_0201_0603Metric;;24.345.000;149.842.900;;;0.000000;NO;26069
C124;100nF;C_0201_0603Metric;;58.885.000;23.842.900;;;0.000000;NO;26069
C124;100nF;C_0201_0603Metric;;93.425.000;23.842.900;;;0.000000;NO;26069
C124;100nF;C_0201_0603Metric;;127.965.000;107.842.900;;;0.000000;NO;26069
C125;1pF;C_0201_0603Metric;;60.335.000;149.842.900;;;0.000000;NO;25983
C125;1pF;C_0201_0603Metric;;25.795.000;23.842.900;;;0.000000;NO;25983
C125;1pF;C_0201_0603Metric;;94.875.000;65.842.900;;;0.000000;NO;25983
C125;1pF;C_0201_0603Metric;;25.795.000;65.842.900;;;0.000000;NO;25983
C125;1pF;C_0201_0603Metric;;60.335.000;23.842.900;;;0.000000;NO;25983
C125;1pF;C_0201_0603Metric;;25.795.000;107.842.900;;;0.000000;NO;25983
C125;1pF;C_0201_0603Metric;;129.415.000;23.842.900;;;0.000000;NO;25983
C125;1pF;C_0201_0603Metric;;60.335.000;107.842.900;;;0.000000;NO;25983
C125;1pF;C_0201_0603Metric;;129.415.000;107.842.900;;;0.000000;NO;25983
C125;1pF;C_0201_0603Metric;;94.875.000;149.842.900;;;0.000000;NO;25983
C125;1pF;C_0201_0603Metric;;129.415.000;65.842.900;;;0.000000;NO;25983
C125;1pF;C_0201_0603Metric;;25.795.000;149.842.900;;;0.000000;NO;25983
C125;1pF;C_0201_0603Metric;;94.875.000;107.842.900;;;0.000000;NO;25983
C125;1pF;C_0201_0603Metric;;129.415.000;149.842.900;;;0.000000;NO;25983
C125;1pF;C_0201_0603Metric;;94.875.000;23.842.900;;;0.000000;NO;25983
C125;1pF;C_0201_0603Metric;;60.335.000;65.842.900;;;0.000000;NO;25983
C126;1nF;C_0201_0603Metric;;24.345.000;21.392.900;;;0.000000;NO;26088
C126;1nF;C_0201_0603Metric;;127.965.000;63.392.900;;;0.000000;NO;26088
C126;1nF;C_0201_0603Metric;;24.345.000;147.392.900;;;0.000000;NO;26088
C126;1nF;C_0201_0603Metric;;93.425.000;105.392.900;;;0.000000;NO;26088
C126;1nF;C_0201_0603Metric;;93.425.000;147.392.900;;;0.000000;NO;26088
C126;1nF;C_0201_0603Metric;;58.885.000;105.392.900;;;0.000000;NO;26088
C126;1nF;C_0201_0603Metric;;127.965.000;105.392.900;;;0.000000;NO;26088
C126;1nF;C_0201_0603Metric;;58.885.000;21.392.900;;;0.000000;NO;26088
C126;1nF;C_0201_0603Metric;;58.885.000;147.392.900;;;0.000000;NO;26088
C126;1nF;C_0201_0603Metric;;24.345.000;63.392.900;;;0.000000;NO;26088
C126;1nF;C_0201_0603Metric;;24.345.000;105.392.900;;;0.000000;NO;26088
C126;1nF;C_0201_0603Metric;;127.965.000;21.392.900;;;0.000000;NO;26088
C126;1nF;C_0201_0603Metric;;93.425.000;21.392.900;;;0.000000;NO;26088
C126;1nF;C_0201_0603Metric;;58.885.000;63.392.900;;;0.000000;NO;26088
C126;1nF;C_0201_0603Metric;;93.425.000;63.392.900;;;0.000000;NO;26088
C126;1nF;C_0201_0603Metric;;127.965.000;147.392.900;;;0.000000;NO;26088
C127;1pF;C_0201_0603Metric;;94.875.000;105.392.900;;;0.000000;NO;25983
C127;1pF;C_0201_0603Metric;;25.795.000;147.392.900;;;0.000000;NO;25983
C127;1pF;C_0201_0603Metric;;60.335.000;21.392.900;;;0.000000;NO;25983
C127;1pF;C_0201_0603Metric;;94.875.000;147.392.900;;;0.000000;NO;25983
C127;1pF;C_0201_0603Metric;;25.795.000;63.392.900;;;0.000000;NO;25983
C127;1pF;C_0201_0603Metric;;129.415.000;147.392.900;;;0.000000;NO;25983
C127;1pF;C_0201_0603Metric;;60.335.000;63.392.900;;;0.000000;NO;25983
C127;1pF;C_0201_0603Metric;;94.875.000;21.392.900;;;0.000000;NO;25983
C127;1pF;C_0201_0603Metric;;60.335.000;147.392.900;;;0.000000;NO;25983
C127;1pF;C_0201_0603Metric;;129.415.000;105.392.900;;;0.000000;NO;25983
C127;1pF;C_0201_0603Metric;;60.335.000;105.392.900;;;0.000000;NO;25983
C127;1pF;C_0201_0603Metric;;94.875.000;63.392.900;;;0.000000;NO;25983
C127;1pF;C_0201_0603Metric;;129.415.000;63.392.900;;;0.000000;NO;25983
C127;1pF;C_0201_0603Metric;;25.795.000;21.392.900;;;0.000000;NO;25983
C127;1pF;C_0201_0603Metric;;129.415.000;21.392.900;;;0.000000;NO;25983
C127;1pF;C_0201_0603Metric;;25.795.000;105.392.900;;;0.000000;NO;25983
C128;1nF;C_0201_0603Metric;;69.935.000;104.152.900;;;0.000000;NO;26088
C128;1nF;C_0201_0603Metric;;69.935.000;62.152.900;;;0.000000;NO;26088
C128;1nF;C_0201_0603Metric;;35.395.000;146.152.900;;;0.000000;NO;26088
C128;1nF;C_0201_0603Metric;;69.935.000;146.152.900;;;0.000000;NO;26088
C128;1nF;C_0201_0603Metric;;139.015.000;20.152.900;;;0.000000;NO;26088
C128;1nF;C_0201_0603Metric;;139.015.000;62.152.900;;;0.000000;NO;26088
C128;1nF;C_0201_0603Metric;;35.395.000;20.152.900;;;0.000000;NO;26088
C128;1nF;C_0201_0603Metric;;104.475.000;62.152.900;;;0.000000;NO;26088
C128;1nF;C_0201_0603Metric;;139.015.000;146.152.900;;;0.000000;NO;26088
C128;1nF;C_0201_0603Metric;;104.475.000;104.152.900;;;0.000000;NO;26088
C128;1nF;C_0201_0603Metric;;35.395.000;62.152.900;;;0.000000;NO;26088
C128;1nF;C_0201_0603Metric;;104.475.000;146.152.900;;;0.000000;NO;26088
C128;1nF;C_0201_0603Metric;;35.395.000;104.152.900;;;0.000000;NO;26088
C128;1nF;C_0201_0603Metric;;69.935.000;20.152.900;;;0.000000;NO;26088
C128;1nF;C_0201_0603Metric;;139.015.000;104.152.900;;;0.000000;NO;26088
C128;1nF;C_0201_0603Metric;;104.475.000;20.152.900;;;0.000000;NO;26088
C129;100nF;C_0201_0603Metric;;103.025.000;19.612.900;;;0.000000;NO;26069
C129;100nF;C_0201_0603Metric;;137.565.000;145.612.900;;;0.000000;NO;26069
C129;100nF;C_0201_0603Metric;;103.025.000;103.612.900;;;0.000000;NO;26069
C129;100nF;C_0201_0603Metric;;33.945.000;145.612.900;;;0.000000;NO;26069
C129;100nF;C_0201_0603Metric;;137.565.000;103.612.900;;;0.000000;NO;26069
C129;100nF;C_0201_0603Metric;;137.565.000;61.612.900;;;0.000000;NO;26069
C129;100nF;C_0201_0603Metric;;103.025.000;145.612.900;;;0.000000;NO;26069
C129;100nF;C_0201_0603Metric;;103.025.000;61.612.900;;;0.000000;NO;26069
C129;100nF;C_0201_0603Metric;;68.485.000;145.612.900;;;0.000000;NO;26069
C129;100nF;C_0201_0603Metric;;137.565.000;19.612.900;;;0.000000;NO;26069
C129;100nF;C_0201_0603Metric;;33.945.000;61.612.900;;;0.000000;NO;26069
C129;100nF;C_0201_0603Metric;;33.945.000;19.612.900;;;0.000000;NO;26069
C129;100nF;C_0201_0603Metric;;33.945.000;103.612.900;;;0.000000;NO;26069
C129;100nF;C_0201_0603Metric;;68.485.000;19.612.900;;;0.000000;NO;26069
C129;100nF;C_0201_0603Metric;;68.485.000;103.612.900;;;0.000000;NO;26069
C129;100nF;C_0201_0603Metric;;68.485.000;61.612.900;;;0.000000;NO;26069
C130;1pF;C_0201_0603Metric;;35.395.000;103.612.900;;;0.000000;NO;25983
C130;1pF;C_0201_0603Metric;;69.935.000;145.612.900;;;0.000000;NO;25983
C130;1pF;C_0201_0603Metric;;139.015.000;103.612.900;;;0.000000;NO;25983
C130;1pF;C_0201_0603Metric;;104.475.000;19.612.900;;;0.000000;NO;25983
C130;1pF;C_0201_0603Metric;;104.475.000;103.612.900;;;0.000000;NO;25983
C130;1pF;C_0201_0603Metric;;69.935.000;61.612.900;;;0.000000;NO;25983
C130;1pF;C_0201_0603Metric;;69.935.000;103.612.900;;;0.000000;NO;25983
C130;1pF;C_0201_0603Metric;;35.395.000;61.612.900;;;0.000000;NO;25983
C130;1pF;C_0201_0603Metric;;139.015.000;19.612.900;;;0.000000;NO;25983
C130;1pF;C_0201_0603Metric;;139.015.000;61.612.900;;;0.000000;NO;25983
C130;1pF;C_0201_0603Metric;;104.475.000;61.612.900;;;0.000000;NO;25983
C130;1pF;C_0201_0603Metric;;35.395.000;145.612.900;;;0.000000;NO;25983
C130;1pF;C_0201_0603Metric;;35.395.000;19.612.900;;;0.000000;NO;25983
C130;1pF;C_0201_0603Metric;;104.475.000;145.612.900;;;0.000000;NO;25983
C130;1pF;C_0201_0603Metric;;139.015.000;145.612.900;;;0.000000;NO;25983
C130;1pF;C_0201_0603Metric;;69.935.000;19.612.900;;;0.000000;NO;25983
C131;1nF;C_0201_0603Metric;;137.565.000;143.162.900;;;0.000000;NO;26088
C131;1nF;C_0201_0603Metric;;103.025.000;59.162.900;;;0.000000;NO;26088
C131;1nF;C_0201_0603Metric;;137.565.000;59.162.900;;;0.000000;NO;26088
C131;1nF;C_0201_0603Metric;;33.945.000;17.162.900;;;0.000000;NO;26088
C131;1nF;C_0201_0603Metric;;103.025.000;17.162.900;;;0.000000;NO;26088
C131;1nF;C_0201_0603Metric;;33.945.000;143.162.900;;;0.000000;NO;26088
C131;1nF;C_0201_0603Metric;;68.485.000;59.162.900;;;0.000000;NO;26088
C131;1nF;C_0201_0603Metric;;103.025.000;143.162.900;;;0.000000;NO;26088
C131;1nF;C_0201_0603Metric;;33.945.000;59.162.900;;;0.000000;NO;26088
C131;1nF;C_0201_0603Metric;;103.025.000;101.162.900;;;0.000000;NO;26088
C131;1nF;C_0201_0603Metric;;68.485.000;101.162.900;;;0.000000;NO;26088
C131;1nF;C_0201_0603Metric;;33.945.000;101.162.900;;;0.000000;NO;26088
C131;1nF;C_0201_0603Metric;;68.485.000;143.162.900;;;0.000000;NO;26088
C131;1nF;C_0201_0603Metric;;137.565.000;17.162.900;;;0.000000;NO;26088
C131;1nF;C_0201_0603Metric;;68.485.000;17.162.900;;;0.000000;NO;26088
C131;1nF;C_0201_0603Metric;;137.565.000;101.162.900;;;0.000000;NO;26088
C132;1pF;C_0201_0603Metric;;69.935.000;101.162.900;;;0.000000;NO;25983
C132;1pF;C_0201_0603Metric;;69.935.000;143.162.900;;;0.000000;NO;25983
C132;1pF;C_0201_0603Metric;;35.395.000;59.162.900;;;0.000000;NO;25983
C132;1pF;C_0201_0603Metric;;35.395.000;143.162.900;;;0.000000;NO;25983
C132;1pF;C_0201_0603Metric;;104.475.000;101.162.900;;;0.000000;NO;25983
C132;1pF;C_0201_0603Metric;;69.935.000;17.162.900;;;0.000000;NO;25983
C132;1pF;C_0201_0603Metric;;139.015.000;101.162.900;;;0.000000;NO;25983
C132;1pF;C_0201_0603Metric;;104.475.000;17.162.900;;;0.000000;NO;25983
C132;1pF;C_0201_0603Metric;;139.015.000;143.162.900;;;0.000000;NO;25983
C132;1pF;C_0201_0603Metric;;139.015.000;59.162.900;;;0.000000;NO;25983
C132;1pF;C_0201_0603Metric;;104.475.000;143.162.900;;;0.000000;NO;25983
C132;1pF;C_0201_0603Metric;;69.935.000;59.162.900;;;0.000000;NO;25983
C132;1pF;C_0201_0603Metric;;35.395.000;17.162.900;;;0.000000;NO;25983
C132;1pF;C_0201_0603Metric;;139.015.000;17.162.900;;;0.000000;NO;25983
C132;1pF;C_0201_0603Metric;;104.475.000;59.162.900;;;0.000000;NO;25983
C132;1pF;C_0201_0603Metric;;35.395.000;101.162.900;;;0.000000;NO;25983
C133;1nF;C_0201_0603Metric;;16.195.000;66.382.900;;;0.000000;NO;26088
C133;1nF;C_0201_0603Metric;;119.815.000;108.382.900;;;0.000000;NO;26088
C133;1nF;C_0201_0603Metric;;50.735.000;150.382.900;;;0.000000;NO;26088
C133;1nF;C_0201_0603Metric;;85.275.000;24.382.900;;;0.000000;NO;26088
C133;1nF;C_0201_0603Metric;;16.195.000;108.382.900;;;0.000000;NO;26088
C133;1nF;C_0201_0603Metric;;85.275.000;150.382.900;;;0.000000;NO;26088
C133;1nF;C_0201_0603Metric;;16.195.000;24.382.900;;;0.000000;NO;26088
C133;1nF;C_0201_0603Metric;;16.195.000;150.382.900;;;0.000000;NO;26088
C133;1nF;C_0201_0603Metric;;119.815.000;150.382.900;;;0.000000;NO;26088
C133;1nF;C_0201_0603Metric;;85.275.000;108.382.900;;;0.000000;NO;26088
C133;1nF;C_0201_0603Metric;;50.735.000;24.382.900;;;0.000000;NO;26088
C133;1nF;C_0201_0603Metric;;119.815.000;66.382.900;;;0.000000;NO;26088
C133;1nF;C_0201_0603Metric;;50.735.000;108.382.900;;;0.000000;NO;26088
C133;1nF;C_0201_0603Metric;;50.735.000;66.382.900;;;0.000000;NO;26088
C133;1nF;C_0201_0603Metric;;119.815.000;24.382.900;;;0.000000;NO;26088
C133;1nF;C_0201_0603Metric;;85.275.000;66.382.900;;;0.000000;NO;26088
C134;100nF;C_0201_0603Metric;;83.825.000;107.842.900;;;0.000000;NO;26069
C134;100nF;C_0201_0603Metric;;14.745.000;149.842.900;;;0.000000;NO;26069
C134;100nF;C_0201_0603Metric;;118.365.000;23.842.900;;;0.000000;NO;26069
C134;100nF;C_0201_0603Metric;;14.745.000;65.842.900;;;0.000000;NO;26069
C134;100nF;C_0201_0603Metric;;83.825.000;149.842.900;;;0.000000;NO;26069
C134;100nF;C_0201_0603Metric;;49.285.000;65.842.900;;;0.000000;NO;26069
C134;100nF;C_0201_0603Metric;;83.825.000;23.842.900;;;0.000000;NO;26069
C134;100nF;C_0201_0603Metric;;49.285.000;23.842.900;;;0.000000;NO;26069
C134;100nF;C_0201_0603Metric;;14.745.000;23.842.900;;;0.000000;NO;26069
C134;100nF;C_0201_0603Metric;;83.825.000;65.842.900;;;0.000000;NO;26069
C134;100nF;C_0201_0603Metric;;118.365.000;107.842.900;;;0.000000;NO;26069
C134;100nF;C_0201_0603Metric;;118.365.000;65.842.900;;;0.000000;NO;26069
C134;100nF;C_0201_0603Metric;;14.745.000;107.842.900;;;0.000000;NO;26069
C134;100nF;C_0201_0603Metric;;49.285.000;107.842.900;;;0.000000;NO;26069
C134;100nF;C_0201_0603Metric;;49.285.000;149.842.900;;;0.000000;NO;26069
C134;100nF;C_0201_0603Metric;;118.365.000;149.842.900;;;0.000000;NO;26069
C135;1pF;C_0201_0603Metric;;85.275.000;149.842.900;;;0.000000;NO;25983
C135;1pF;C_0201_0603Metric;;50.735.000;23.842.900;;;0.000000;NO;25983
C135;1pF;C_0201_0603Metric;;16.195.000;107.842.900;;;0.000000;NO;25983
C135;1pF;C_0201_0603Metric;;50.735.000;65.842.900;;;0.000000;NO;25983
C135;1pF;C_0201_0603Metric;;16.195.000;65.842.900;;;0.000000;NO;25983
C135;1pF;C_0201_0603Metric;;85.275.000;65.842.900;;;0.000000;NO;25983
C135;1pF;C_0201_0603Metric;;16.195.000;149.842.900;;;0.000000;NO;25983
C135;1pF;C_0201_0603Metric;;50.735.000;149.842.900;;;0.000000;NO;25983
C135;1pF;C_0201_0603Metric;;85.275.000;107.842.900;;;0.000000;NO;25983
C135;1pF;C_0201_0603Metric;;85.275.000;23.842.900;;;0.000000;NO;25983
C135;1pF;C_0201_0603Metric;;50.735.000;107.842.900;;;0.000000;NO;25983
C135;1pF;C_0201_0603Metric;;119.815.000;23.842.900;;;0.000000;NO;25983
C135;1pF;C_0201_0603Metric;;16.195.000;23.842.900;;;0.000000;NO;25983
C135;1pF;C_0201_0603Metric;;119.815.000;149.842.900;;;0.000000;NO;25983
C135;1pF;C_0201_0603Metric;;119.815.000;107.842.900;;;0.000000;NO;25983
C135;1pF;C_0201_0603Metric;;119.815.000;65.842.900;;;0.000000;NO;25983
C136;1nF;C_0201_0603Metric;;83.825.000;63.392.900;;;0.000000;NO;26088
C136;1nF;C_0201_0603Metric;;14.745.000;105.392.900;;;0.000000;NO;26088
C136;1nF;C_0201_0603Metric;;49.285.000;147.392.900;;;0.000000;NO;26088
C136;1nF;C_0201_0603Metric;;49.285.000;21.392.900;;;0.000000;NO;26088
C136;1nF;C_0201_0603Metric;;83.825.000;21.392.900;;;0.000000;NO;26088
C136;1nF;C_0201_0603Metric;;14.745.000;63.392.900;;;0.000000;NO;26088
C136;1nF;C_0201_0603Metric;;83.825.000;147.392.900;;;0.000000;NO;26088
C136;1nF;C_0201_0603Metric;;118.365.000;147.392.900;;;0.000000;NO;26088
C136;1nF;C_0201_0603Metric;;118.365.000;105.392.900;;;0.000000;NO;26088
C136;1nF;C_0201_0603Metric;;49.285.000;105.392.900;;;0.000000;NO;26088
C136;1nF;C_0201_0603Metric;;118.365.000;21.392.900;;;0.000000;NO;26088
C136;1nF;C_0201_0603Metric;;14.745.000;147.392.900;;;0.000000;NO;26088
C136;1nF;C_0201_0603Metric;;14.745.000;21.392.900;;;0.000000;NO;26088
C136;1nF;C_0201_0603Metric;;118.365.000;63.392.900;;;0.000000;NO;26088
C136;1nF;C_0201_0603Metric;;49.285.000;63.392.900;;;0.000000;NO;26088
C136;1nF;C_0201_0603Metric;;83.825.000;105.392.900;;;0.000000;NO;26088
C137;1pF;C_0201_0603Metric;;16.195.000;105.392.900;;;0.000000;NO;25983
C137;1pF;C_0201_0603Metric;;16.195.000;21.392.900;;;0.000000;NO;25983
C137;1pF;C_0201_0603Metric;;50.735.000;147.392.900;;;0.000000;NO;25983
C137;1pF;C_0201_0603Metric;;85.275.000;105.392.900;;;0.000000;NO;25983
C137;1pF;C_0201_0603Metric;;50.735.000;21.392.900;;;0.000000;NO;25983
C137;1pF;C_0201_0603Metric;;16.195.000;147.392.900;;;0.000000;NO;25983
C137;1pF;C_0201_0603Metric;;50.735.000;63.392.900;;;0.000000;NO;25983
C137;1pF;C_0201_0603Metric;;85.275.000;21.392.900;;;0.000000;NO;25983
C137;1pF;C_0201_0603Metric;;119.815.000;147.392.900;;;0.000000;NO;25983
C137;1pF;C_0201_0603Metric;;85.275.000;63.392.900;;;0.000000;NO;25983
C137;1pF;C_0201_0603Metric;;16.195.000;63.392.900;;;0.000000;NO;25983
C137;1pF;C_0201_0603Metric;;119.815.000;105.392.900;;;0.000000;NO;25983
C137;1pF;C_0201_0603Metric;;119.815.000;21.392.900;;;0.000000;NO;25983
C137;1pF;C_0201_0603Metric;;85.275.000;147.392.900;;;0.000000;NO;25983
C137;1pF;C_0201_0603Metric;;50.735.000;105.392.900;;;0.000000;NO;25983
C137;1pF;C_0201_0603Metric;;119.815.000;63.392.900;;;0.000000;NO;25983
C138;1nF;C_0201_0603Metric;;98.075.000;66.382.900;;;0.000000;NO;26088
C138;1nF;C_0201_0603Metric;;28.995.000;150.382.900;;;0.000000;NO;26088
C138;1nF;C_0201_0603Metric;;28.995.000;66.382.900;;;0.000000;NO;26088
C138;1nF;C_0201_0603Metric;;63.535.000;150.382.900;;;0.000000;NO;26088
C138;1nF;C_0201_0603Metric;;132.615.000;24.382.900;;;0.000000;NO;26088
C138;1nF;C_0201_0603Metric;;98.075.000;108.382.900;;;0.000000;NO;26088
C138;1nF;C_0201_0603Metric;;63.535.000;108.382.900;;;0.000000;NO;26088
C138;1nF;C_0201_0603Metric;;63.535.000;66.382.900;;;0.000000;NO;26088
C138;1nF;C_0201_0603Metric;;98.075.000;150.382.900;;;0.000000;NO;26088
C138;1nF;C_0201_0603Metric;;132.615.000;66.382.900;;;0.000000;NO;26088
C138;1nF;C_0201_0603Metric;;132.615.000;108.382.900;;;0.000000;NO;26088
C138;1nF;C_0201_0603Metric;;28.995.000;24.382.900;;;0.000000;NO;26088
C138;1nF;C_0201_0603Metric;;132.615.000;150.382.900;;;0.000000;NO;26088
C138;1nF;C_0201_0603Metric;;63.535.000;24.382.900;;;0.000000;NO;26088
C138;1nF;C_0201_0603Metric;;28.995.000;108.382.900;;;0.000000;NO;26088
C138;1nF;C_0201_0603Metric;;98.075.000;24.382.900;;;0.000000;NO;26088
C139;100nF;C_0201_0603Metric;;96.625.000;23.842.900;;;0.000000;NO;26069
C139;100nF;C_0201_0603Metric;;131.165.000;65.842.900;;;0.000000;NO;26069
C139;100nF;C_0201_0603Metric;;27.545.000;107.842.900;;;0.000000;NO;26069
C139;100nF;C_0201_0603Metric;;96.625.000;107.842.900;;;0.000000;NO;26069
C139;100nF;C_0201_0603Metric;;27.545.000;65.842.900;;;0.000000;NO;26069
C139;100nF;C_0201_0603Metric;;131.165.000;23.842.900;;;0.000000;NO;26069
C139;100nF;C_0201_0603Metric;;62.085.000;23.842.900;;;0.000000;NO;26069
C139;100nF;C_0201_0603Metric;;27.545.000;149.842.900;;;0.000000;NO;26069
C139;100nF;C_0201_0603Metric;;131.165.000;149.842.900;;;0.000000;NO;26069
C139;100nF;C_0201_0603Metric;;62.085.000;65.842.900;;;0.000000;NO;26069
C139;100nF;C_0201_0603Metric;;96.625.000;149.842.900;;;0.000000;NO;26069
C139;100nF;C_0201_0603Metric;;131.165.000;107.842.900;;;0.000000;NO;26069
C139;100nF;C_0201_0603Metric;;96.625.000;65.842.900;;;0.000000;NO;26069
C139;100nF;C_0201_0603Metric;;27.545.000;23.842.900;;;0.000000;NO;26069
C139;100nF;C_0201_0603Metric;;62.085.000;107.842.900;;;0.000000;NO;26069
C139;100nF;C_0201_0603Metric;;62.085.000;149.842.900;;;0.000000;NO;26069
C140;1pF;C_0201_0603Metric;;63.535.000;149.842.900;;;0.000000;NO;25983
C140;1pF;C_0201_0603Metric;;132.615.000;23.842.900;;;0.000000;NO;25983
C140;1pF;C_0201_0603Metric;;98.075.000;23.842.900;;;0.000000;NO;25983
C140;1pF;C_0201_0603Metric;;28.995.000;107.842.900;;;0.000000;NO;25983
C140;1pF;C_0201_0603Metric;;28.995.000;149.842.900;;;0.000000;NO;25983
C140;1pF;C_0201_0603Metric;;63.535.000;23.842.900;;;0.000000;NO;25983
C140;1pF;C_0201_0603Metric;;98.075.000;107.842.900;;;0.000000;NO;25983
C140;1pF;C_0201_0603Metric;;98.075.000;149.842.900;;;0.000000;NO;25983
C140;1pF;C_0201_0603Metric;;132.615.000;65.842.900;;;0.000000;NO;25983
C140;1pF;C_0201_0603Metric;;132.615.000;149.842.900;;;0.000000;NO;25983
C140;1pF;C_0201_0603Metric;;98.075.000;65.842.900;;;0.000000;NO;25983
C140;1pF;C_0201_0603Metric;;132.615.000;107.842.900;;;0.000000;NO;25983
C140;1pF;C_0201_0603Metric;;63.535.000;107.842.900;;;0.000000;NO;25983
C140;1pF;C_0201_0603Metric;;63.535.000;65.842.900;;;0.000000;NO;25983
C140;1pF;C_0201_0603Metric;;28.995.000;65.842.900;;;0.000000;NO;25983
C140;1pF;C_0201_0603Metric;;28.995.000;23.842.900;;;0.000000;NO;25983
C141;1nF;C_0201_0603Metric;;96.625.000;147.392.900;;;0.000000;NO;26088
C141;1nF;C_0201_0603Metric;;96.625.000;105.392.900;;;0.000000;NO;26088
C141;1nF;C_0201_0603Metric;;62.085.000;147.392.900;;;0.000000;NO;26088
C141;1nF;C_0201_0603Metric;;131.165.000;147.392.900;;;0.000000;NO;26088
C141;1nF;C_0201_0603Metric;;131.165.000;21.392.900;;;0.000000;NO;26088
C141;1nF;C_0201_0603Metric;;131.165.000;63.392.900;;;0.000000;NO;26088
C141;1nF;C_0201_0603Metric;;27.545.000;63.392.900;;;0.000000;NO;26088
C141;1nF;C_0201_0603Metric;;27.545.000;105.392.900;;;0.000000;NO;26088
C141;1nF;C_0201_0603Metric;;62.085.000;63.392.900;;;0.000000;NO;26088
C141;1nF;C_0201_0603Metric;;62.085.000;105.392.900;;;0.000000;NO;26088
C141;1nF;C_0201_0603Metric;;96.625.000;21.392.900;;;0.000000;NO;26088
C141;1nF;C_0201_0603Metric;;96.625.000;63.392.900;;;0.000000;NO;26088
C141;1nF;C_0201_0603Metric;;131.165.000;105.392.900;;;0.000000;NO;26088
C141;1nF;C_0201_0603Metric;;27.545.000;21.392.900;;;0.000000;NO;26088
C141;1nF;C_0201_0603Metric;;62.085.000;21.392.900;;;0.000000;NO;26088
C141;1nF;C_0201_0603Metric;;27.545.000;147.392.900;;;0.000000;NO;26088
C142;1pF;C_0201_0603Metric;;98.075.000;21.392.900;;;0.000000;NO;25983
C142;1pF;C_0201_0603Metric;;98.075.000;147.392.900;;;0.000000;NO;25983
C142;1pF;C_0201_0603Metric;;98.075.000;105.392.900;;;0.000000;NO;25983
C142;1pF;C_0201_0603Metric;;63.535.000;105.392.900;;;0.000000;NO;25983
C142;1pF;C_0201_0603Metric;;132.615.000;63.392.900;;;0.000000;NO;25983
C142;1pF;C_0201_0603Metric;;132.615.000;147.392.900;;;0.000000;NO;25983
C142;1pF;C_0201_0603Metric;;132.615.000;105.392.900;;;0.000000;NO;25983
C142;1pF;C_0201_0603Metric;;63.535.000;147.392.900;;;0.000000;NO;25983
C142;1pF;C_0201_0603Metric;;28.995.000;63.392.900;;;0.000000;NO;25983
C142;1pF;C_0201_0603Metric;;98.075.000;63.392.900;;;0.000000;NO;25983
C142;1pF;C_0201_0603Metric;;28.995.000;105.392.900;;;0.000000;NO;25983
C142;1pF;C_0201_0603Metric;;28.995.000;147.392.900;;;0.000000;NO;25983
C142;1pF;C_0201_0603Metric;;28.995.000;21.392.900;;;0.000000;NO;25983
C142;1pF;C_0201_0603Metric;;63.535.000;21.392.900;;;0.000000;NO;25983
C142;1pF;C_0201_0603Metric;;63.535.000;63.392.900;;;0.000000;NO;25983
C142;1pF;C_0201_0603Metric;;132.615.000;21.392.900;;;0.000000;NO;25983
C323;100nF;C_0402_1005Metric;;83.182.500;80.202.500;;;135.000.000;NO;26069
C323;100nF;C_0402_1005Metric;;14.102.500;38.202.500;;;135.000.000;NO;26069
C323;100nF;C_0402_1005Metric;;83.182.500;164.202.500;;;135.000.000;NO;26069
C323;100nF;C_0402_1005Metric;;48.642.500;122.202.500;;;135.000.000;NO;26069
C323;100nF;C_0402_1005Metric;;48.642.500;38.202.500;;;135.000.000;NO;26069
C323;100nF;C_0402_1005Metric;;48.642.500;80.202.500;;;135.000.000;NO;26069
C323;100nF;C_0402_1005Metric;;48.642.500;164.202.500;;;135.000.000;NO;26069
C323;100nF;C_0402_1005Metric;;117.722.500;80.202.500;;;135.000.000;NO;26069
C323;100nF;C_0402_1005Metric;;117.722.500;38.202.500;;;135.000.000;NO;26069
C323;100nF;C_0402_1005Metric;;117.722.500;122.202.500;;;135.000.000;NO;26069
C323;100nF;C_0402_1005Metric;;83.182.500;122.202.500;;;135.000.000;NO;26069
C323;100nF;C_0402_1005Metric;;14.102.500;80.202.500;;;135.000.000;NO;26069
C323;100nF;C_0402_1005Metric;;83.182.500;38.202.500;;;135.000.000;NO;26069
C323;100nF;C_0402_1005Metric;;14.102.500;164.202.500;;;135.000.000;NO;26069
C323;100nF;C_0402_1005Metric;;117.722.500;164.202.500;;;135.000.000;NO;26069
C323;100nF;C_0402_1005Metric;;14.102.500;122.202.500;;;135.000.000;NO;26069
C324;100nF;C_0402_1005Metric;;118.371.200;164.851.200;;;135.000.000;NO;26069
C324;100nF;C_0402_1005Metric;;49.291.200;122.851.200;;;135.000.000;NO;26069
C324;100nF;C_0402_1005Metric;;14.751.200;122.851.200;;;135.000.000;NO;26069
C324;100nF;C_0402_1005Metric;;49.291.200;80.851.200;;;135.000.000;NO;26069
C324;100nF;C_0402_1005Metric;;49.291.200;38.851.200;;;135.000.000;NO;26069
C324;100nF;C_0402_1005Metric;;49.291.200;164.851.200;;;135.000.000;NO;26069
C324;100nF;C_0402_1005Metric;;14.751.200;164.851.200;;;135.000.000;NO;26069
C324;100nF;C_0402_1005Metric;;83.831.200;122.851.200;;;135.000.000;NO;26069
C324;100nF;C_0402_1005Metric;;83.831.200;164.851.200;;;135.000.000;NO;26069
C324;100nF;C_0402_1005Metric;;14.751.200;38.851.200;;;135.000.000;NO;26069
C324;100nF;C_0402_1005Metric;;118.371.200;122.851.200;;;135.000.000;NO;26069
C324;100nF;C_0402_1005Metric;;118.371.200;38.851.200;;;135.000.000;NO;26069
C324;100nF;C_0402_1005Metric;;14.751.200;80.851.200;;;135.000.000;NO;26069
C324;100nF;C_0402_1005Metric;;83.831.200;80.851.200;;;135.000.000;NO;26069
C324;100nF;C_0402_1005Metric;;118.371.200;80.851.200;;;135.000.000;NO;26069
C324;100nF;C_0402_1005Metric;;83.831.200;38.851.200;;;135.000.000;NO;26069
C325;100nF;C_0402_1005Metric;;15.400.000;123.500.000;;;135.000.000;NO;26069
C325;100nF;C_0402_1005Metric;;119.020.000;165.500.000;;;135.000.000;NO;26069
C325;100nF;C_0402_1005Metric;;49.940.000;165.500.000;;;135.000.000;NO;26069
C325;100nF;C_0402_1005Metric;;49.940.000;39.500.000;;;135.000.000;NO;26069
C325;100nF;C_0402_1005Metric;;15.400.000;39.500.000;;;135.000.000;NO;26069
C325;100nF;C_0402_1005Metric;;15.400.000;165.500.000;;;135.000.000;NO;26069
C325;100nF;C_0402_1005Metric;;84.480.000;39.500.000;;;135.000.000;NO;26069
C325;100nF;C_0402_1005Metric;;84.480.000;123.500.000;;;135.000.000;NO;26069
C325;100nF;C_0402_1005Metric;;84.480.000;81.500.000;;;135.000.000;NO;26069
C325;100nF;C_0402_1005Metric;;15.400.000;81.500.000;;;135.000.000;NO;26069
C325;100nF;C_0402_1005Metric;;119.020.000;39.500.000;;;135.000.000;NO;26069
C325;100nF;C_0402_1005Metric;;119.020.000;123.500.000;;;135.000.000;NO;26069
C325;100nF;C_0402_1005Metric;;49.940.000;123.500.000;;;135.000.000;NO;26069
C325;100nF;C_0402_1005Metric;;49.940.000;81.500.000;;;135.000.000;NO;26069
C325;100nF;C_0402_1005Metric;;119.020.000;81.500.000;;;135.000.000;NO;26069
C325;100nF;C_0402_1005Metric;;84.480.000;165.500.000;;;135.000.000;NO;26069
C326;100nF;C_0402_1005Metric;;85.128.800;124.148.800;;;135.000.000;NO;26069
C326;100nF;C_0402_1005Metric;;85.128.800;40.148.800;;;135.000.000;NO;26069
C326;100nF;C_0402_1005Metric;;16.048.800;82.148.800;;;135.000.000;NO;26069
C326;100nF;C_0402_1005Metric;;50.588.800;166.148.800;;;135.000.000;NO;26069
C326;100nF;C_0402_1005Metric;;119.668.800;166.148.800;;;135.000.000;NO;26069
C326;100nF;C_0402_1005Metric;;85.128.800;82.148.800;;;135.000.000;NO;26069
C326;100nF;C_0402_1005Metric;;50.588.800;40.148.800;;;135.000.000;NO;26069
C326;100nF;C_0402_1005Metric;;50.588.800;124.148.800;;;135.000.000;NO;26069
C326;100nF;C_0402_1005Metric;;16.048.800;166.148.800;;;135.000.000;NO;26069
C326;100nF;C_0402_1005Metric;;119.668.800;40.148.800;;;135.000.000;NO;26069
C326;100nF;C_0402_1005Metric;;119.668.800;124.148.800;;;135.000.000;NO;26069
C326;100nF;C_0402_1005Metric;;16.048.800;40.148.800;;;135.000.000;NO;26069
C326;100nF;C_0402_1005Metric;;85.128.800;166.148.800;;;135.000.000;NO;26069
C326;100nF;C_0402_1005Metric;;16.048.800;124.148.800;;;135.000.000;NO;26069
C326;100nF;C_0402_1005Metric;;119.668.800;82.148.800;;;135.000.000;NO;26069
C326;100nF;C_0402_1005Metric;;50.588.800;82.148.800;;;135.000.000;NO;26069
C327;100nF;C_0402_1005Metric;;51.237.500;40.797.500;;;135.000.000;NO;26069
C327;100nF;C_0402_1005Metric;;120.317.500;82.797.500;;;135.000.000;NO;26069
C327;100nF;C_0402_1005Metric;;120.317.500;40.797.500;;;135.000.000;NO;26069
C327;100nF;C_0402_1005Metric;;120.317.500;124.797.500;;;135.000.000;NO;26069
C327;100nF;C_0402_1005Metric;;16.697.500;82.797.500;;;135.000.000;NO;26069
C327;100nF;C_0402_1005Metric;;85.777.500;166.797.500;;;135.000.000;NO;26069
C327;100nF;C_0402_1005Metric;;51.237.500;166.797.500;;;135.000.000;NO;26069
C327;100nF;C_0402_1005Metric;;16.697.500;166.797.500;;;135.000.000;NO;26069
C327;100nF;C_0402_1005Metric;;16.697.500;40.797.500;;;135.000.000;NO;26069
C327;100nF;C_0402_1005Metric;;51.237.500;124.797.500;;;135.000.000;NO;26069
C327;100nF;C_0402_1005Metric;;16.697.500;124.797.500;;;135.000.000;NO;26069
C327;100nF;C_0402_1005Metric;;85.777.500;40.797.500;;;135.000.000;NO;26069
C327;100nF;C_0402_1005Metric;;51.237.500;82.797.500;;;135.000.000;NO;26069
C327;100nF;C_0402_1005Metric;;120.317.500;166.797.500;;;135.000.000;NO;26069
C327;100nF;C_0402_1005Metric;;85.777.500;124.797.500;;;135.000.000;NO;26069
C327;100nF;C_0402_1005Metric;;85.777.500;82.797.500;;;135.000.000;NO;26069
C328;100nF;C_0402_1005Metric;;51.237.500;98.202.500;;;225.000.000;NO;26069
C328;100nF;C_0402_1005Metric;;120.317.500;14.202.500;;;225.000.000;NO;26069
C328;100nF;C_0402_1005Metric;;51.237.500;14.202.500;;;225.000.000;NO;26069
C328;100nF;C_0402_1005Metric;;16.697.500;140.202.500;;;225.000.000;NO;26069
C328;100nF;C_0402_1005Metric;;51.237.500;56.202.500;;;225.000.000;NO;26069
C328;100nF;C_0402_1005Metric;;16.697.500;56.202.500;;;225.000.000;NO;26069
C328;100nF;C_0402_1005Metric;;120.317.500;98.202.500;;;225.000.000;NO;26069
C328;100nF;C_0402_1005Metric;;120.317.500;56.202.500;;;225.000.000;NO;26069
C328;100nF;C_0402_1005Metric;;85.777.500;98.202.500;;;225.000.000;NO;26069
C328;100nF;C_0402_1005Metric;;85.777.500;14.202.500;;;225.000.000;NO;26069
C328;100nF;C_0402_1005Metric;;16.697.500;98.202.500;;;225.000.000;NO;26069
C328;100nF;C_0402_1005Metric;;120.317.500;140.202.500;;;225.000.000;NO;26069
C328;100nF;C_0402_1005Metric;;85.777.500;140.202.500;;;225.000.000;NO;26069
C328;100nF;C_0402_1005Metric;;85.777.500;56.202.500;;;225.000.000;NO;26069
C328;100nF;C_0402_1005Metric;;51.237.500;140.202.500;;;225.000.000;NO;26069
C328;100nF;C_0402_1005Metric;;16.697.500;14.202.500;;;225.000.000;NO;26069
C329;100nF;C_0402_1005Metric;;50.588.800;56.851.200;;;225.000.000;NO;26069
C329;100nF;C_0402_1005Metric;;16.048.800;98.851.200;;;225.000.000;NO;26069
C329;100nF;C_0402_1005Metric;;85.128.800;56.851.200;;;225.000.000;NO;26069
C329;100nF;C_0402_1005Metric;;50.588.800;140.851.200;;;225.000.000;NO;26069
C329;100nF;C_0402_1005Metric;;85.128.800;14.851.200;;;225.000.000;NO;26069
C329;100nF;C_0402_1005Metric;;85.128.800;98.851.200;;;225.000.000;NO;26069
C329;100nF;C_0402_1005Metric;;16.048.800;140.851.200;;;225.000.000;NO;26069
C329;100nF;C_0402_1005Metric;;119.668.800;98.851.200;;;225.000.000;NO;26069
C329;100nF;C_0402_1005Metric;;50.588.800;14.851.200;;;225.000.000;NO;26069
C329;100nF;C_0402_1005Metric;;50.588.800;98.851.200;;;225.000.000;NO;26069
C329;100nF;C_0402_1005Metric;;16.048.800;56.851.200;;;225.000.000;NO;26069
C329;100nF;C_0402_1005Metric;;85.128.800;140.851.200;;;225.000.000;NO;26069
C329;100nF;C_0402_1005Metric;;119.668.800;14.851.200;;;225.000.000;NO;26069
C329;100nF;C_0402_1005Metric;;119.668.800;56.851.200;;;225.000.000;NO;26069
C329;100nF;C_0402_1005Metric;;119.668.800;140.851.200;;;225.000.000;NO;26069
C329;100nF;C_0402_1005Metric;;16.048.800;14.851.200;;;225.000.000;NO;26069
C330;100nF;C_0402_1005Metric;;119.020.000;99.500.000;;;225.000.000;NO;26069
C330;100nF;C_0402_1005Metric;;15.400.000;15.500.000;;;225.000.000;NO;26069
C330;100nF;C_0402_1005Metric;;15.400.000;57.500.000;;;225.000.000;NO;26069
C330;100nF;C_0402_1005Metric;;84.480.000;99.500.000;;;225.000.000;NO;26069
C330;100nF;C_0402_1005Metric;;84.480.000;57.500.000;;;225.000.000;NO;26069
C330;100nF;C_0402_1005Metric;;49.940.000;57.500.000;;;225.000.000;NO;26069
C330;100nF;C_0402_1005Metric;;119.020.000;141.500.000;;;225.000.000;NO;26069
C330;100nF;C_0402_1005Metric;;15.400.000;99.500.000;;;225.000.000;NO;26069
C330;100nF;C_0402_1005Metric;;119.020.000;15.500.000;;;225.000.000;NO;26069
C330;100nF;C_0402_1005Metric;;49.940.000;141.500.000;;;225.000.000;NO;26069
C330;100nF;C_0402_1005Metric;;84.480.000;15.500.000;;;225.000.000;NO;26069
C330;100nF;C_0402_1005Metric;;84.480.000;141.500.000;;;225.000.000;NO;26069
C330;100nF;C_0402_1005Metric;;119.020.000;57.500.000;;;225.000.000;NO;26069
C330;100nF;C_0402_1005Metric;;49.940.000;99.500.000;;;225.000.000;NO;26069
C330;100nF;C_0402_1005Metric;;15.400.000;141.500.000;;;225.000.000;NO;26069
C330;100nF;C_0402_1005Metric;;49.940.000;15.500.000;;;225.000.000;NO;26069
C331;100nF;C_0402_1005Metric;;83.831.200;16.148.800;;;225.000.000;NO;26069
C331;100nF;C_0402_1005Metric;;49.291.200;100.148.800;;;225.000.000;NO;26069
C331;100nF;C_0402_1005Metric;;118.371.200;16.148.800;;;225.000.000;NO;26069
C331;100nF;C_0402_1005Metric;;118.371.200;142.148.800;;;225.000.000;NO;26069
C331;100nF;C_0402_1005Metric;;14.751.200;142.148.800;;;225.000.000;NO;26069
C331;100nF;C_0402_1005Metric;;118.371.200;100.148.800;;;225.000.000;NO;26069
C331;100nF;C_0402_1005Metric;;83.831.200;100.148.800;;;225.000.000;NO;26069
C331;100nF;C_0402_1005Metric;;83.831.200;58.148.800;;;225.000.000;NO;26069
C331;100nF;C_0402_1005Metric;;14.751.200;58.148.800;;;225.000.000;NO;26069
C331;100nF;C_0402_1005Metric;;49.291.200;58.148.800;;;225.000.000;NO;26069
C331;100nF;C_0402_1005Metric;;118.371.200;58.148.800;;;225.000.000;NO;26069
C331;100nF;C_0402_1005Metric;;49.291.200;142.148.800;;;225.000.000;NO;26069
C331;100nF;C_0402_1005Metric;;83.831.200;142.148.800;;;225.000.000;NO;26069
C331;100nF;C_0402_1005Metric;;14.751.200;100.148.800;;;225.000.000;NO;26069
C331;100nF;C_0402_1005Metric;;49.291.200;16.148.800;;;225.000.000;NO;26069
C331;100nF;C_0402_1005Metric;;14.751.200;16.148.800;;;225.000.000;NO;26069
C332;100nF;C_0402_1005Metric;;83.182.500;100.797.600;;;225.000.000;NO;26069
C332;100nF;C_0402_1005Metric;;48.642.500;100.797.600;;;225.000.000;NO;26069
C332;100nF;C_0402_1005Metric;;117.722.500;16.797.500;;;225.000.000;NO;26069
C332;100nF;C_0402_1005Metric;;14.102.500;16.797.500;;;225.000.000;NO;26069
C332;100nF;C_0402_1005Metric;;117.722.500;58.797.500;;;225.000.000;NO;26069
C332;100nF;C_0402_1005Metric;;117.722.500;142.797.600;;;225.000.000;NO;26069
C332;100nF;C_0402_1005Metric;;83.182.500;16.797.500;;;225.000.000;NO;26069
C332;100nF;C_0402_1005Metric;;83.182.500;58.797.500;;;225.000.000;NO;26069
C332;100nF;C_0402_1005Metric;;48.642.500;58.797.500;;;225.000.000;NO;26069
C332;100nF;C_0402_1005Metric;;48.642.500;142.797.600;;;225.000.000;NO;26069
C332;100nF;C_0402_1005Metric;;83.182.500;142.797.600;;;225.000.000;NO;26069
C332;100nF;C_0402_1005Metric;;48.642.500;16.797.500;;;225.000.000;NO;26069
C332;100nF;C_0402_1005Metric;;14.102.500;142.797.600;;;225.000.000;NO;26069
C332;100nF;C_0402_1005Metric;;14.102.500;100.797.600;;;225.000.000;NO;26069
C332;100nF;C_0402_1005Metric;;117.722.500;100.797.600;;;225.000.000;NO;26069
C332;100nF;C_0402_1005Metric;;14.102.500;58.797.500;;;225.000.000;NO;26069
C333;100nF;C_0402_1005Metric;;74.382.500;40.797.500;;;45.000.000;NO;26069
C333;100nF;C_0402_1005Metric;;143.462.500;166.797.500;;;45.000.000;NO;26069
C333;100nF;C_0402_1005Metric;;39.842.500;124.797.500;;;45.000.000;NO;26069
C333;100nF;C_0402_1005Metric;;74.382.500;124.797.500;;;45.000.000;NO;26069
C333;100nF;C_0402_1005Metric;;74.382.500;82.797.500;;;45.000.000;NO;26069
C333;100nF;C_0402_1005Metric;;143.462.500;82.797.500;;;45.000.000;NO;26069
C333;100nF;C_0402_1005Metric;;143.462.500;40.797.500;;;45.000.000;NO;26069
C333;100nF;C_0402_1005Metric;;74.382.500;166.797.500;;;45.000.000;NO;26069
C333;100nF;C_0402_1005Metric;;39.842.500;40.797.500;;;45.000.000;NO;26069
C333;100nF;C_0402_1005Metric;;108.922.500;166.797.500;;;45.000.000;NO;26069
C333;100nF;C_0402_1005Metric;;39.842.500;166.797.500;;;45.000.000;NO;26069
C333;100nF;C_0402_1005Metric;;39.842.500;82.797.500;;;45.000.000;NO;26069
C333;100nF;C_0402_1005Metric;;143.462.500;124.797.500;;;45.000.000;NO;26069
C333;100nF;C_0402_1005Metric;;108.922.500;40.797.500;;;45.000.000;NO;26069
C333;100nF;C_0402_1005Metric;;108.922.500;82.797.500;;;45.000.000;NO;26069
C333;100nF;C_0402_1005Metric;;108.922.500;124.797.500;;;45.000.000;NO;26069
C334;100nF;C_0402_1005Metric;;40.491.200;82.148.800;;;45.000.000;NO;26069
C334;100nF;C_0402_1005Metric;;144.111.200;40.148.800;;;45.000.000;NO;26069
C334;100nF;C_0402_1005Metric;;75.031.200;124.148.800;;;45.000.000;NO;26069
C334;100nF;C_0402_1005Metric;;144.111.200;124.148.800;;;45.000.000;NO;26069
C334;100nF;C_0402_1005Metric;;109.571.200;40.148.800;;;45.000.000;NO;26069
C334;100nF;C_0402_1005Metric;;109.571.200;82.148.800;;;45.000.000;NO;26069
C334;100nF;C_0402_1005Metric;;40.491.200;124.148.800;;;45.000.000;NO;26069
C334;100nF;C_0402_1005Metric;;40.491.200;40.148.800;;;45.000.000;NO;26069
C334;100nF;C_0402_1005Metric;;40.491.200;166.148.800;;;45.000.000;NO;26069
C334;100nF;C_0402_1005Metric;;75.031.200;82.148.800;;;45.000.000;NO;26069
C334;100nF;C_0402_1005Metric;;75.031.200;40.148.800;;;45.000.000;NO;26069
C334;100nF;C_0402_1005Metric;;75.031.200;166.148.800;;;45.000.000;NO;26069
C334;100nF;C_0402_1005Metric;;109.571.200;166.148.800;;;45.000.000;NO;26069
C334;100nF;C_0402_1005Metric;;144.111.200;166.148.800;;;45.000.000;NO;26069
C334;100nF;C_0402_1005Metric;;144.111.200;82.148.800;;;45.000.000;NO;26069
C334;100nF;C_0402_1005Metric;;109.571.200;124.148.800;;;45.000.000;NO;26069
C335;100nF;C_0402_1005Metric;;75.680.000;123.500.000;;;45.000.000;NO;26069
C335;100nF;C_0402_1005Metric;;110.220.000;165.500.000;;;45.000.000;NO;26069
C335;100nF;C_0402_1005Metric;;144.760.000;39.500.000;;;45.000.000;NO;26069
C335;100nF;C_0402_1005Metric;;75.680.000;81.500.000;;;45.000.000;NO;26069
C335;100nF;C_0402_1005Metric;;144.760.000;81.500.000;;;45.000.000;NO;26069
C335;100nF;C_0402_1005Metric;;41.140.000;165.500.000;;;45.000.000;NO;26069
C335;100nF;C_0402_1005Metric;;144.760.000;165.500.000;;;45.000.000;NO;26069
C335;100nF;C_0402_1005Metric;;75.680.000;165.500.000;;;45.000.000;NO;26069
C335;100nF;C_0402_1005Metric;;41.140.000;39.500.000;;;45.000.000;NO;26069
C335;100nF;C_0402_1005Metric;;144.760.000;123.500.000;;;45.000.000;NO;26069
C335;100nF;C_0402_1005Metric;;110.220.000;123.500.000;;;45.000.000;NO;26069
C335;100nF;C_0402_1005Metric;;41.140.000;123.500.000;;;45.000.000;NO;26069
C335;100nF;C_0402_1005Metric;;41.140.000;81.500.000;;;45.000.000;NO;26069
C335;100nF;C_0402_1005Metric;;75.680.000;39.500.000;;;45.000.000;NO;26069
C335;100nF;C_0402_1005Metric;;110.220.000;39.500.000;;;45.000.000;NO;26069
C335;100nF;C_0402_1005Metric;;110.220.000;81.500.000;;;45.000.000;NO;26069
C336;100nF;C_0402_1005Metric;;145.408.800;80.851.200;;;45.000.000;NO;26069
C336;100nF;C_0402_1005Metric;;76.328.800;122.851.200;;;45.000.000;NO;26069
C336;100nF;C_0402_1005Metric;;110.868.800;164.851.200;;;45.000.000;NO;26069
C336;100nF;C_0402_1005Metric;;41.788.800;164.851.200;;;45.000.000;NO;26069
C336;100nF;C_0402_1005Metric;;145.408.800;164.851.200;;;45.000.000;NO;26069
C336;100nF;C_0402_1005Metric;;110.868.800;80.851.200;;;45.000.000;NO;26069
C336;100nF;C_0402_1005Metric;;41.788.800;38.851.200;;;45.000.000;NO;26069
C336;100nF;C_0402_1005Metric;;110.868.800;38.851.200;;;45.000.000;NO;26069
C336;100nF;C_0402_1005Metric;;76.328.800;80.851.200;;;45.000.000;NO;26069
C336;100nF;C_0402_1005Metric;;76.328.800;164.851.200;;;45.000.000;NO;26069
C336;100nF;C_0402_1005Metric;;110.868.800;122.851.200;;;45.000.000;NO;26069
C336;100nF;C_0402_1005Metric;;145.408.800;122.851.200;;;45.000.000;NO;26069
C336;100nF;C_0402_1005Metric;;76.328.800;38.851.200;;;45.000.000;NO;26069
C336;100nF;C_0402_1005Metric;;41.788.800;122.851.200;;;45.000.000;NO;26069
C336;100nF;C_0402_1005Metric;;41.788.800;80.851.200;;;45.000.000;NO;26069
C336;100nF;C_0402_1005Metric;;145.408.800;38.851.200;;;45.000.000;NO;26069
C337;100nF;C_0402_1005Metric;;76.977.500;80.202.500;;;45.000.000;NO;26069
C337;100nF;C_0402_1005Metric;;76.977.500;164.202.500;;;45.000.000;NO;26069
C337;100nF;C_0402_1005Metric;;146.057.500;164.202.500;;;45.000.000;NO;26069
C337;100nF;C_0402_1005Metric;;111.517.500;122.202.500;;;45.000.000;NO;26069
C337;100nF;C_0402_1005Metric;;76.977.500;122.202.500;;;45.000.000;NO;26069
C337;100nF;C_0402_1005Metric;;146.057.500;122.202.500;;;45.000.000;NO;26069
C337;100nF;C_0402_1005Metric;;111.517.500;80.202.500;;;45.000.000;NO;26069
C337;100nF;C_0402_1005Metric;;42.437.500;122.202.500;;;45.000.000;NO;26069
C337;100nF;C_0402_1005Metric;;42.437.500;38.202.500;;;45.000.000;NO;26069
C337;100nF;C_0402_1005Metric;;111.517.500;38.202.500;;;45.000.000;NO;26069
C337;100nF;C_0402_1005Metric;;76.977.500;38.202.500;;;45.000.000;NO;26069
C337;100nF;C_0402_1005Metric;;111.517.500;164.202.500;;;45.000.000;NO;26069
C337;100nF;C_0402_1005Metric;;42.437.500;80.202.500;;;45.000.000;NO;26069
C337;100nF;C_0402_1005Metric;;146.057.500;80.202.500;;;45.000.000;NO;26069
C337;100nF;C_0402_1005Metric;;42.437.500;164.202.500;;;45.000.000;NO;26069
C337;100nF;C_0402_1005Metric;;146.057.500;38.202.500;;;45.000.000;NO;26069
C338;100nF;C_0402_1005Metric;;146.057.500;58.797.500;;;315.000.000;NO;26069
C338;100nF;C_0402_1005Metric;;76.977.500;100.797.600;;;315.000.000;NO;26069
C338;100nF;C_0402_1005Metric;;76.977.500;142.797.600;;;315.000.000;NO;26069
C338;100nF;C_0402_1005Metric;;42.437.500;16.797.500;;;315.000.000;NO;26069
C338;100nF;C_0402_1005Metric;;146.057.500;16.797.500;;;315.000.000;NO;26069
C338;100nF;C_0402_1005Metric;;42.437.500;58.797.500;;;315.000.000;NO;26069
C338;100nF;C_0402_1005Metric;;76.977.500;16.797.500;;;315.000.000;NO;26069
C338;100nF;C_0402_1005Metric;;146.057.500;142.797.600;;;315.000.000;NO;26069
C338;100nF;C_0402_1005Metric;;42.437.500;100.797.600;;;315.000.000;NO;26069
C338;100nF;C_0402_1005Metric;;42.437.500;142.797.600;;;315.000.000;NO;26069
C338;100nF;C_0402_1005Metric;;111.517.500;16.797.500;;;315.000.000;NO;26069
C338;100nF;C_0402_1005Metric;;146.057.500;100.797.600;;;315.000.000;NO;26069
C338;100nF;C_0402_1005Metric;;111.517.500;142.797.600;;;315.000.000;NO;26069
C338;100nF;C_0402_1005Metric;;76.977.500;58.797.500;;;315.000.000;NO;26069
C338;100nF;C_0402_1005Metric;;111.517.500;100.797.600;;;315.000.000;NO;26069
C338;100nF;C_0402_1005Metric;;111.517.500;58.797.500;;;315.000.000;NO;26069
C339;100nF;C_0402_1005Metric;;41.788.800;142.148.800;;;315.000.000;NO;26069
C339;100nF;C_0402_1005Metric;;41.788.800;58.148.800;;;315.000.000;NO;26069
C339;100nF;C_0402_1005Metric;;76.328.800;16.148.800;;;315.000.000;NO;26069
C339;100nF;C_0402_1005Metric;;110.868.800;16.148.800;;;315.000.000;NO;26069
C339;100nF;C_0402_1005Metric;;41.788.800;16.148.800;;;315.000.000;NO;26069
C339;100nF;C_0402_1005Metric;;110.868.800;58.148.800;;;315.000.000;NO;26069
C339;100nF;C_0402_1005Metric;;145.408.800;100.148.800;;;315.000.000;NO;26069
C339;100nF;C_0402_1005Metric;;110.868.800;100.148.800;;;315.000.000;NO;26069
C339;100nF;C_0402_1005Metric;;76.328.800;142.148.800;;;315.000.000;NO;26069
C339;100nF;C_0402_1005Metric;;76.328.800;100.148.800;;;315.000.000;NO;26069
C339;100nF;C_0402_1005Metric;;110.868.800;142.148.800;;;315.000.000;NO;26069
C339;100nF;C_0402_1005Metric;;145.408.800;58.148.800;;;315.000.000;NO;26069
C339;100nF;C_0402_1005Metric;;41.788.800;100.148.800;;;315.000.000;NO;26069
C339;100nF;C_0402_1005Metric;;76.328.800;58.148.800;;;315.000.000;NO;26069
C339;100nF;C_0402_1005Metric;;145.408.800;16.148.800;;;315.000.000;NO;26069
C339;100nF;C_0402_1005Metric;;145.408.800;142.148.800;;;315.000.000;NO;26069
C340;100nF;C_0402_1005Metric;;75.680.000;99.500.000;;;315.000.000;NO;26069
C340;100nF;C_0402_1005Metric;;110.220.000;141.500.000;;;315.000.000;NO;26069
C340;100nF;C_0402_1005Metric;;110.220.000;99.500.000;;;315.000.000;NO;26069
C340;100nF;C_0402_1005Metric;;144.760.000;57.500.000;;;315.000.000;NO;26069
C340;100nF;C_0402_1005Metric;;41.140.000;99.500.000;;;315.000.000;NO;26069
C340;100nF;C_0402_1005Metric;;75.680.000;141.500.000;;;315.000.000;NO;26069
C340;100nF;C_0402_1005Metric;;75.680.000;57.500.000;;;315.000.000;NO;26069
C340;100nF;C_0402_1005Metric;;110.220.000;15.500.000;;;315.000.000;NO;26069
C340;100nF;C_0402_1005Metric;;144.760.000;141.500.000;;;315.000.000;NO;26069
C340;100nF;C_0402_1005Metric;;41.140.000;15.500.000;;;315.000.000;NO;26069
C340;100nF;C_0402_1005Metric;;41.140.000;57.500.000;;;315.000.000;NO;26069
C340;100nF;C_0402_1005Metric;;110.220.000;57.500.000;;;315.000.000;NO;26069
C340;100nF;C_0402_1005Metric;;144.760.000;99.500.000;;;315.000.000;NO;26069
C340;100nF;C_0402_1005Metric;;144.760.000;15.500.000;;;315.000.000;NO;26069
C340;100nF;C_0402_1005Metric;;75.680.000;15.500.000;;;315.000.000;NO;26069
C340;100nF;C_0402_1005Metric;;41.140.000;141.500.000;;;315.000.000;NO;26069
C341;100nF;C_0402_1005Metric;;40.491.200;98.851.200;;;315.000.000;NO;26069
C341;100nF;C_0402_1005Metric;;144.111.200;14.851.200;;;315.000.000;NO;26069
C341;100nF;C_0402_1005Metric;;40.491.200;140.851.200;;;315.000.000;NO;26069
C341;100nF;C_0402_1005Metric;;75.031.200;56.851.200;;;315.000.000;NO;26069
C341;100nF;C_0402_1005Metric;;109.571.200;98.851.200;;;315.000.000;NO;26069
C341;100nF;C_0402_1005Metric;;144.111.200;98.851.200;;;315.000.000;NO;26069
C341;100nF;C_0402_1005Metric;;144.111.200;140.851.200;;;315.000.000;NO;26069
C341;100nF;C_0402_1005Metric;;40.491.200;14.851.200;;;315.000.000;NO;26069
C341;100nF;C_0402_1005Metric;;109.571.200;14.851.200;;;315.000.000;NO;26069
C341;100nF;C_0402_1005Metric;;109.571.200;56.851.200;;;315.000.000;NO;26069
C341;100nF;C_0402_1005Metric;;109.571.200;140.851.200;;;315.000.000;NO;26069
C341;100nF;C_0402_1005Metric;;40.491.200;56.851.200;;;315.000.000;NO;26069
C341;100nF;C_0402_1005Metric;;75.031.200;14.851.200;;;315.000.000;NO;26069
C341;100nF;C_0402_1005Metric;;75.031.200;140.851.200;;;315.000.000;NO;26069
C341;100nF;C_0402_1005Metric;;144.111.200;56.851.200;;;315.000.000;NO;26069
C341;100nF;C_0402_1005Metric;;75.031.200;98.851.200;;;315.000.000;NO;26069
C342;100nF;C_0402_1005Metric;;143.462.500;56.202.500;;;315.000.000;NO;26069
C342;100nF;C_0402_1005Metric;;74.382.500;98.202.500;;;315.000.000;NO;26069
C342;100nF;C_0402_1005Metric;;108.922.500;56.202.500;;;315.000.000;NO;26069
C342;100nF;C_0402_1005Metric;;39.842.500;56.202.500;;;315.000.000;NO;26069
C342;100nF;C_0402_1005Metric;;39.842.500;140.202.500;;;315.000.000;NO;26069
C342;100nF;C_0402_1005Metric;;74.382.500;56.202.500;;;315.000.000;NO;26069
C342;100nF;C_0402_1005Metric;;74.382.500;140.202.500;;;315.000.000;NO;26069
C342;100nF;C_0402_1005Metric;;108.922.500;140.202.500;;;315.000.000;NO;26069
C342;100nF;C_0402_1005Metric;;74.382.500;14.202.500;;;315.000.000;NO;26069
C342;100nF;C_0402_1005Metric;;108.922.500;14.202.500;;;315.000.000;NO;26069
C342;100nF;C_0402_1005Metric;;39.842.500;98.202.500;;;315.000.000;NO;26069
C342;100nF;C_0402_1005Metric;;143.462.500;14.202.500;;;315.000.000;NO;26069
C342;100nF;C_0402_1005Metric;;108.922.500;98.202.500;;;315.000.000;NO;26069
C342;100nF;C_0402_1005Metric;;143.462.500;98.202.500;;;315.000.000;NO;26069
C342;100nF;C_0402_1005Metric;;39.842.500;14.202.500;;;315.000.000;NO;26069
C342;100nF;C_0402_1005Metric;;143.462.500;140.202.500;;;315.000.000;NO;26069
FID1;Fiducial;Fiducial_0.5mm_Mask1mm;;38.790.000;12.797.100;;;0.000000;NO;
FID1;Fiducial;Fiducial_0.5mm_Mask1mm;;107.870.000;138.797.100;;;0.000000;NO;
FID1;Fiducial;Fiducial_0.5mm_Mask1mm;;142.410.000;54.797.100;;;0.000000;NO;
FID1;Fiducial;Fiducial_0.5mm_Mask1mm;;142.410.000;138.797.100;;;0.000000;NO;
FID1;Fiducial;Fiducial_0.5mm_Mask1mm;;142.410.000;96.797.100;;;0.000000;NO;
FID1;Fiducial;Fiducial_0.5mm_Mask1mm;;107.870.000;54.797.100;;;0.000000;NO;
FID1;Fiducial;Fiducial_0.5mm_Mask1mm;;38.790.000;54.797.100;;;0.000000;NO;
FID1;Fiducial;Fiducial_0.5mm_Mask1mm;;73.330.000;138.797.100;;;0.000000;NO;
FID1;Fiducial;Fiducial_0.5mm_Mask1mm;;107.870.000;12.797.100;;;0.000000;NO;
FID1;Fiducial;Fiducial_0.5mm_Mask1mm;;73.330.000;12.797.100;;;0.000000;NO;
FID1;Fiducial;Fiducial_0.5mm_Mask1mm;;73.330.000;54.797.100;;;0.000000;NO;
FID1;Fiducial;Fiducial_0.5mm_Mask1mm;;73.330.000;96.797.100;;;0.000000;NO;
FID1;Fiducial;Fiducial_0.5mm_Mask1mm;;38.790.000;138.797.100;;;0.000000;NO;
FID1;Fiducial;Fiducial_0.5mm_Mask1mm;;142.410.000;12.797.100;;;0.000000;NO;
FID1;Fiducial;Fiducial_0.5mm_Mask1mm;;38.790.000;96.797.100;;;0.000000;NO;
FID1;Fiducial;Fiducial_0.5mm_Mask1mm;;107.870.000;96.797.100;;;0.000000;NO;
FID2;Fiducial;Fiducial_0.5mm_Mask1mm;;74.440.000;43.847.100;;;0.000000;NO;
FID2;Fiducial;Fiducial_0.5mm_Mask1mm;;143.520.000;169.847.100;;;0.000000;NO;
FID2;Fiducial;Fiducial_0.5mm_Mask1mm;;74.440.000;127.847.100;;;0.000000;NO;
FID2;Fiducial;Fiducial_0.5mm_Mask1mm;;108.980.000;43.847.100;;;0.000000;NO;
FID2;Fiducial;Fiducial_0.5mm_Mask1mm;;108.980.000;127.847.100;;;0.000000;NO;
FID2;Fiducial;Fiducial_0.5mm_Mask1mm;;74.440.000;169.847.100;;;0.000000;NO;
FID2;Fiducial;Fiducial_0.5mm_Mask1mm;;39.900.000;43.847.100;;;0.000000;NO;
FID2;Fiducial;Fiducial_0.5mm_Mask1mm;;143.520.000;127.847.100;;;0.000000;NO;
FID2;Fiducial;Fiducial_0.5mm_Mask1mm;;74.440.000;85.847.100;;;0.000000;NO;
FID2;Fiducial;Fiducial_0.5mm_Mask1mm;;143.520.000;43.847.100;;;0.000000;NO;
FID2;Fiducial;Fiducial_0.5mm_Mask1mm;;143.520.000;85.847.100;;;0.000000;NO;
FID2;Fiducial;Fiducial_0.5mm_Mask1mm;;39.900.000;169.847.100;;;0.000000;NO;
FID2;Fiducial;Fiducial_0.5mm_Mask1mm;;39.900.000;127.847.100;;;0.000000;NO;
FID2;Fiducial;Fiducial_0.5mm_Mask1mm;;108.980.000;85.847.100;;;0.000000;NO;
FID2;Fiducial;Fiducial_0.5mm_Mask1mm;;39.900.000;85.847.100;;;0.000000;NO;
FID2;Fiducial;Fiducial_0.5mm_Mask1mm;;108.980.000;169.847.100;;;0.000000;NO;
FID3;Fiducial;Fiducial_0.5mm_Mask1mm;;48.460.000;102.795.000;;;0.000000;NO;
FID3;Fiducial;Fiducial_0.5mm_Mask1mm;;13.920.000;144.795.000;;;0.000000;NO;
FID3;Fiducial;Fiducial_0.5mm_Mask1mm;;13.920.000;60.795.000;;;0.000000;NO;
FID3;Fiducial;Fiducial_0.5mm_Mask1mm;;48.460.000;144.795.000;;;0.000000;NO;
FID3;Fiducial;Fiducial_0.5mm_Mask1mm;;83.000.000;18.795.000;;;0.000000;NO;
FID3;Fiducial;Fiducial_0.5mm_Mask1mm;;117.540.000;60.795.000;;;0.000000;NO;
FID3;Fiducial;Fiducial_0.5mm_Mask1mm;;13.920.000;18.795.000;;;0.000000;NO;
FID3;Fiducial;Fiducial_0.5mm_Mask1mm;;117.540.000;102.795.000;;;0.000000;NO;
FID3;Fiducial;Fiducial_0.5mm_Mask1mm;;48.460.000;60.795.000;;;0.000000;NO;
FID3;Fiducial;Fiducial_0.5mm_Mask1mm;;48.460.000;18.795.000;;;0.000000;NO;
FID3;Fiducial;Fiducial_0.5mm_Mask1mm;;83.000.000;144.795.000;;;0.000000;NO;
FID3;Fiducial;Fiducial_0.5mm_Mask1mm;;13.920.000;102.795.000;;;0.000000;NO;
FID3;Fiducial;Fiducial_0.5mm_Mask1mm;;83.000.000;102.795.000;;;0.000000;NO;
FID3;Fiducial;Fiducial_0.5mm_Mask1mm;;117.540.000;144.795.000;;;0.000000;NO;
FID3;Fiducial;Fiducial_0.5mm_Mask1mm;;83.000.000;60.795.000;;;0.000000;NO;
FID3;Fiducial;Fiducial_0.5mm_Mask1mm;;117.540.000;18.795.000;;;0.000000;NO;
MPPC1;~;S13552;;62.810.000;153.500.000;;;0.000000;NO;
MPPC1;~;S13552;;62.810.000;111.500.000;;;0.000000;NO;
MPPC1;~;S13552;;131.890.000;27.500.000;;;0.000000;NO;
MPPC1;~;S13552;;131.890.000;153.500.000;;;0.000000;NO;
MPPC1;~;S13552;;28.270.000;111.500.000;;;0.000000;NO;
MPPC1;~;S13552;;97.350.000;69.500.000;;;0.000000;NO;
MPPC1;~;S13552;;131.890.000;69.500.000;;;0.000000;NO;
MPPC1;~;S13552;;97.350.000;27.500.000;;;0.000000;NO;
MPPC1;~;S13552;;28.270.000;153.500.000;;;0.000000;NO;
MPPC1;~;S13552;;62.810.000;27.500.000;;;0.000000;NO;
MPPC1;~;S13552;;28.270.000;69.500.000;;;0.000000;NO;
MPPC1;~;S13552;;28.270.000;27.500.000;;;0.000000;NO;
MPPC1;~;S13552;;97.350.000;111.500.000;;;0.000000;NO;
MPPC1;~;S13552;;62.810.000;69.500.000;;;0.000000;NO;
MPPC1;~;S13552;;131.890.000;111.500.000;;;0.000000;NO;
MPPC1;~;S13552;;97.350.000;153.500.000;;;0.000000;NO;
R6;150;R_0201_0603Metric;;124.765.000;161.442.900;;;180.000.000;NO;25985
R6;150;R_0201_0603Metric;;21.145.000;161.442.900;;;180.000.000;NO;25985
R6;150;R_0201_0603Metric;;21.145.000;119.442.900;;;180.000.000;NO;25985
R6;150;R_0201_0603Metric;;90.225.000;77.442.900;;;180.000.000;NO;25985
R6;150;R_0201_0603Metric;;90.225.000;161.442.900;;;180.000.000;NO;25985
R6;150;R_0201_0603Metric;;55.685.000;35.442.900;;;180.000.000;NO;25985
R6;150;R_0201_0603Metric;;55.685.000;161.442.900;;;180.000.000;NO;25985
R6;150;R_0201_0603Metric;;21.145.000;77.442.900;;;180.000.000;NO;25985
R6;150;R_0201_0603Metric;;90.225.000;119.442.900;;;180.000.000;NO;25985
R6;150;R_0201_0603Metric;;55.685.000;77.442.900;;;180.000.000;NO;25985
R6;150;R_0201_0603Metric;;55.685.000;119.442.900;;;180.000.000;NO;25985
R6;150;R_0201_0603Metric;;124.765.000;35.442.900;;;180.000.000;NO;25985
R6;150;R_0201_0603Metric;;21.145.000;35.442.900;;;180.000.000;NO;25985
R6;150;R_0201_0603Metric;;124.765.000;77.442.900;;;180.000.000;NO;25985
R6;150;R_0201_0603Metric;;90.225.000;35.442.900;;;180.000.000;NO;25985
R6;150;R_0201_0603Metric;;124.765.000;119.442.900;;;180.000.000;NO;25985
R7;150;R_0201_0603Metric;;24.345.000;77.442.900;;;180.000.000;NO;25985
R7;150;R_0201_0603Metric;;24.345.000;161.442.900;;;180.000.000;NO;25985
R7;150;R_0201_0603Metric;;127.965.000;77.442.900;;;180.000.000;NO;25985
R7;150;R_0201_0603Metric;;127.965.000;119.442.900;;;180.000.000;NO;25985
R7;150;R_0201_0603Metric;;24.345.000;119.442.900;;;180.000.000;NO;25985
R7;150;R_0201_0603Metric;;93.425.000;119.442.900;;;180.000.000;NO;25985
R7;150;R_0201_0603Metric;;24.345.000;35.442.900;;;180.000.000;NO;25985
R7;150;R_0201_0603Metric;;58.885.000;119.442.900;;;180.000.000;NO;25985
R7;150;R_0201_0603Metric;;58.885.000;161.442.900;;;180.000.000;NO;25985
R7;150;R_0201_0603Metric;;93.425.000;35.442.900;;;180.000.000;NO;25985
R7;150;R_0201_0603Metric;;93.425.000;161.442.900;;;180.000.000;NO;25985
R7;150;R_0201_0603Metric;;93.425.000;77.442.900;;;180.000.000;NO;25985
R7;150;R_0201_0603Metric;;58.885.000;35.442.900;;;180.000.000;NO;25985
R7;150;R_0201_0603Metric;;127.965.000;35.442.900;;;180.000.000;NO;25985
R7;150;R_0201_0603Metric;;58.885.000;77.442.900;;;180.000.000;NO;25985
R7;150;R_0201_0603Metric;;127.965.000;161.442.900;;;180.000.000;NO;25985
R8;150;R_0201_0603Metric;;131.165.000;161.442.900;;;180.000.000;NO;25985
R8;150;R_0201_0603Metric;;131.165.000;77.442.900;;;180.000.000;NO;25985
R8;150;R_0201_0603Metric;;62.085.000;35.442.900;;;180.000.000;NO;25985
R8;150;R_0201_0603Metric;;131.165.000;119.442.900;;;180.000.000;NO;25985
R8;150;R_0201_0603Metric;;96.625.000;35.442.900;;;180.000.000;NO;25985
R8;150;R_0201_0603Metric;;27.545.000;119.442.900;;;180.000.000;NO;25985
R8;150;R_0201_0603Metric;;96.625.000;77.442.900;;;180.000.000;NO;25985
R8;150;R_0201_0603Metric;;27.545.000;77.442.900;;;180.000.000;NO;25985
R8;150;R_0201_0603Metric;;96.625.000;161.442.900;;;180.000.000;NO;25985
R8;150;R_0201_0603Metric;;96.625.000;119.442.900;;;180.000.000;NO;25985
R8;150;R_0201_0603Metric;;131.165.000;35.442.900;;;180.000.000;NO;25985
R8;150;R_0201_0603Metric;;27.545.000;35.442.900;;;180.000.000;NO;25985
R8;150;R_0201_0603Metric;;27.545.000;161.442.900;;;180.000.000;NO;25985
R8;150;R_0201_0603Metric;;62.085.000;77.442.900;;;180.000.000;NO;25985
R8;150;R_0201_0603Metric;;62.085.000;161.442.900;;;180.000.000;NO;25985
R8;150;R_0201_0603Metric;;62.085.000;119.442.900;;;180.000.000;NO;25985
R9;150;R_0201_0603Metric;;65.285.000;119.442.900;;;180.000.000;NO;25985
R9;150;R_0201_0603Metric;;99.825.000;77.442.900;;;180.000.000;NO;25985
R9;150;R_0201_0603Metric;;30.745.000;119.442.900;;;180.000.000;NO;25985
R9;150;R_0201_0603Metric;;65.285.000;35.442.900;;;180.000.000;NO;25985
R9;150;R_0201_0603Metric;;134.365.000;161.442.900;;;180.000.000;NO;25985
R9;150;R_0201_0603Metric;;99.825.000;35.442.900;;;180.000.000;NO;25985
R9;150;R_0201_0603Metric;;30.745.000;35.442.900;;;180.000.000;NO;25985
R9;150;R_0201_0603Metric;;30.745.000;161.442.900;;;180.000.000;NO;25985
R9;150;R_0201_0603Metric;;99.825.000;161.442.900;;;180.000.000;NO;25985
R9;150;R_0201_0603Metric;;30.745.000;77.442.900;;;180.000.000;NO;25985
R9;150;R_0201_0603Metric;;134.365.000;119.442.900;;;180.000.000;NO;25985
R9;150;R_0201_0603Metric;;65.285.000;77.442.900;;;180.000.000;NO;25985
R9;150;R_0201_0603Metric;;65.285.000;161.442.900;;;180.000.000;NO;25985
R9;150;R_0201_0603Metric;;134.365.000;77.442.900;;;180.000.000;NO;25985
R9;150;R_0201_0603Metric;;134.365.000;35.442.900;;;180.000.000;NO;25985
R9;150;R_0201_0603Metric;;99.825.000;119.442.900;;;180.000.000;NO;25985
R10;150;R_0201_0603Metric;;103.025.000;119.442.900;;;180.000.000;NO;25985
R10;150;R_0201_0603Metric;;33.945.000;161.442.900;;;180.000.000;NO;25985
R10;150;R_0201_0603Metric;;68.485.000;119.442.900;;;180.000.000;NO;25985
R10;150;R_0201_0603Metric;;68.485.000;35.442.900;;;180.000.000;NO;25985
R10;150;R_0201_0603Metric;;33.945.000;119.442.900;;;180.000.000;NO;25985
R10;150;R_0201_0603Metric;;137.565.000;161.442.900;;;180.000.000;NO;25985
R10;150;R_0201_0603Metric;;68.485.000;161.442.900;;;180.000.000;NO;25985
R10;150;R_0201_0603Metric;;68.485.000;77.442.900;;;180.000.000;NO;25985
R10;150;R_0201_0603Metric;;103.025.000;35.442.900;;;180.000.000;NO;25985
R10;150;R_0201_0603Metric;;137.565.000;119.442.900;;;180.000.000;NO;25985
R10;150;R_0201_0603Metric;;33.945.000;77.442.900;;;180.000.000;NO;25985
R10;150;R_0201_0603Metric;;103.025.000;77.442.900;;;180.000.000;NO;25985
R10;150;R_0201_0603Metric;;33.945.000;35.442.900;;;180.000.000;NO;25985
R10;150;R_0201_0603Metric;;103.025.000;161.442.900;;;180.000.000;NO;25985
R10;150;R_0201_0603Metric;;137.565.000;35.442.900;;;180.000.000;NO;25985
R10;150;R_0201_0603Metric;;137.565.000;77.442.900;;;180.000.000;NO;25985
R11;150;R_0201_0603Metric;;106.225.000;35.442.900;;;180.000.000;NO;25985
R11;150;R_0201_0603Metric;;140.765.000;161.442.900;;;180.000.000;NO;25985
R11;150;R_0201_0603Metric;;71.685.000;119.442.900;;;180.000.000;NO;25985
R11;150;R_0201_0603Metric;;140.765.000;119.442.900;;;180.000.000;NO;25985
R11;150;R_0201_0603Metric;;140.765.000;77.442.900;;;180.000.000;NO;25985
R11;150;R_0201_0603Metric;;106.225.000;77.442.900;;;180.000.000;NO;25985
R11;150;R_0201_0603Metric;;37.145.000;35.442.900;;;180.000.000;NO;25985
R11;150;R_0201_0603Metric;;71.685.000;161.442.900;;;180.000.000;NO;25985
R11;150;R_0201_0603Metric;;106.225.000;119.442.900;;;180.000.000;NO;25985
R11;150;R_0201_0603Metric;;140.765.000;35.442.900;;;180.000.000;NO;25985
R11;150;R_0201_0603Metric;;37.145.000;161.442.900;;;180.000.000;NO;25985
R11;150;R_0201_0603Metric;;71.685.000;77.442.900;;;180.000.000;NO;25985
R11;150;R_0201_0603Metric;;71.685.000;35.442.900;;;180.000.000;NO;25985
R11;150;R_0201_0603Metric;;37.145.000;119.442.900;;;180.000.000;NO;25985
R11;150;R_0201_0603Metric;;106.225.000;161.442.900;;;180.000.000;NO;25985
R11;150;R_0201_0603Metric;;37.145.000;77.442.900;;;180.000.000;NO;25985
R12;150;R_0201_0603Metric;;109.425.000;161.442.900;;;180.000.000;NO;25985
R12;150;R_0201_0603Metric;;74.885.000;119.442.900;;;180.000.000;NO;25985
R12;150;R_0201_0603Metric;;40.345.000;119.442.900;;;180.000.000;NO;25985
R12;150;R_0201_0603Metric;;143.965.000;161.442.900;;;180.000.000;NO;25985
R12;150;R_0201_0603Metric;;40.345.000;161.442.900;;;180.000.000;NO;25985
R12;150;R_0201_0603Metric;;40.345.000;77.442.900;;;180.000.000;NO;25985
R12;150;R_0201_0603Metric;;109.425.000;77.442.900;;;180.000.000;NO;25985
R12;150;R_0201_0603Metric;;143.965.000;119.442.900;;;180.000.000;NO;25985
R12;150;R_0201_0603Metric;;143.965.000;35.442.900;;;180.000.000;NO;25985
R12;150;R_0201_0603Metric;;74.885.000;77.442.900;;;180.000.000;NO;25985
R12;150;R_0201_0603Metric;;109.425.000;119.442.900;;;180.000.000;NO;25985
R12;150;R_0201_0603Metric;;74.885.000;35.442.900;;;180.000.000;NO;25985
R12;150;R_0201_0603Metric;;143.965.000;77.442.900;;;180.000.000;NO;25985
R12;150;R_0201_0603Metric;;74.885.000;161.442.900;;;180.000.000;NO;25985
R12;150;R_0201_0603Metric;;40.345.000;35.442.900;;;180.000.000;NO;25985
R12;150;R_0201_0603Metric;;109.425.000;35.442.900;;;180.000.000;NO;25985
R13;150;R_0201_0603Metric;;55.685.000;39.672.900;;;180.000.000;NO;25985
R13;150;R_0201_0603Metric;;124.765.000;165.672.900;;;180.000.000;NO;25985
R13;150;R_0201_0603Metric;;124.765.000;39.672.900;;;180.000.000;NO;25985
R13;150;R_0201_0603Metric;;124.765.000;123.672.900;;;180.000.000;NO;25985
R13;150;R_0201_0603Metric;;55.685.000;123.672.900;;;180.000.000;NO;25985
R13;150;R_0201_0603Metric;;55.685.000;165.672.900;;;180.000.000;NO;25985
R13;150;R_0201_0603Metric;;21.145.000;39.672.900;;;180.000.000;NO;25985
R13;150;R_0201_0603Metric;;124.765.000;81.672.900;;;180.000.000;NO;25985
R13;150;R_0201_0603Metric;;90.225.000;81.672.900;;;180.000.000;NO;25985
R13;150;R_0201_0603Metric;;21.145.000;81.672.900;;;180.000.000;NO;25985
R13;150;R_0201_0603Metric;;90.225.000;165.672.900;;;180.000.000;NO;25985
R13;150;R_0201_0603Metric;;21.145.000;123.672.900;;;180.000.000;NO;25985
R13;150;R_0201_0603Metric;;90.225.000;39.672.900;;;180.000.000;NO;25985
R13;150;R_0201_0603Metric;;55.685.000;81.672.900;;;180.000.000;NO;25985
R13;150;R_0201_0603Metric;;21.145.000;165.672.900;;;180.000.000;NO;25985
R13;150;R_0201_0603Metric;;90.225.000;123.672.900;;;180.000.000;NO;25985
R14;150;R_0201_0603Metric;;24.345.000;165.672.900;;;180.000.000;NO;25985
R14;150;R_0201_0603Metric;;93.425.000;123.672.900;;;180.000.000;NO;25985
R14;150;R_0201_0603Metric;;127.965.000;39.672.900;;;180.000.000;NO;25985
R14;150;R_0201_0603Metric;;24.345.000;39.672.900;;;180.000.000;NO;25985
R14;150;R_0201_0603Metric;;127.965.000;165.672.900;;;180.000.000;NO;25985
R14;150;R_0201_0603Metric;;58.885.000;123.672.900;;;180.000.000;NO;25985
R14;150;R_0201_0603Metric;;58.885.000;39.672.900;;;180.000.000;NO;25985
R14;150;R_0201_0603Metric;;24.345.000;81.672.900;;;180.000.000;NO;25985
R14;150;R_0201_0603Metric;;58.885.000;165.672.900;;;180.000.000;NO;25985
R14;150;R_0201_0603Metric;;93.425.000;165.672.900;;;180.000.000;NO;25985
R14;150;R_0201_0603Metric;;93.425.000;39.672.900;;;180.000.000;NO;25985
R14;150;R_0201_0603Metric;;93.425.000;81.672.900;;;180.000.000;NO;25985
R14;150;R_0201_0603Metric;;24.345.000;123.672.900;;;180.000.000;NO;25985
R14;150;R_0201_0603Metric;;127.965.000;81.672.900;;;180.000.000;NO;25985
R14;150;R_0201_0603Metric;;127.965.000;123.672.900;;;180.000.000;NO;25985
R14;150;R_0201_0603Metric;;58.885.000;81.672.900;;;180.000.000;NO;25985
R15;150;R_0201_0603Metric;;62.085.000;39.672.900;;;180.000.000;NO;25985
R15;150;R_0201_0603Metric;;62.085.000;165.672.900;;;180.000.000;NO;25985
R15;150;R_0201_0603Metric;;27.545.000;123.672.900;;;180.000.000;NO;25985
R15;150;R_0201_0603Metric;;27.545.000;81.672.900;;;180.000.000;NO;25985
R15;150;R_0201_0603Metric;;27.545.000;39.672.900;;;180.000.000;NO;25985
R15;150;R_0201_0603Metric;;62.085.000;123.672.900;;;180.000.000;NO;25985
R15;150;R_0201_0603Metric;;96.625.000;39.672.900;;;180.000.000;NO;25985
R15;150;R_0201_0603Metric;;62.085.000;81.672.900;;;180.000.000;NO;25985
R15;150;R_0201_0603Metric;;27.545.000;165.672.900;;;180.000.000;NO;25985
R15;150;R_0201_0603Metric;;96.625.000;123.672.900;;;180.000.000;NO;25985
R15;150;R_0201_0603Metric;;131.165.000;39.672.900;;;180.000.000;NO;25985
R15;150;R_0201_0603Metric;;131.165.000;165.672.900;;;180.000.000;NO;25985
R15;150;R_0201_0603Metric;;96.625.000;81.672.900;;;180.000.000;NO;25985
R15;150;R_0201_0603Metric;;131.165.000;81.672.900;;;180.000.000;NO;25985
R15;150;R_0201_0603Metric;;131.165.000;123.672.900;;;180.000.000;NO;25985
R15;150;R_0201_0603Metric;;96.625.000;165.672.900;;;180.000.000;NO;25985
R16;150;R_0201_0603Metric;;99.825.000;123.672.900;;;180.000.000;NO;25985
R16;150;R_0201_0603Metric;;65.285.000;39.672.900;;;180.000.000;NO;25985
R16;150;R_0201_0603Metric;;30.745.000;123.672.900;;;180.000.000;NO;25985
R16;150;R_0201_0603Metric;;30.745.000;39.672.900;;;180.000.000;NO;25985
R16;150;R_0201_0603Metric;;30.745.000;81.672.900;;;180.000.000;NO;25985
R16;150;R_0201_0603Metric;;65.285.000;81.672.900;;;180.000.000;NO;25985
R16;150;R_0201_0603Metric;;134.365.000;165.672.900;;;180.000.000;NO;25985
R16;150;R_0201_0603Metric;;134.365.000;39.672.900;;;180.000.000;NO;25985
R16;150;R_0201_0603Metric;;30.745.000;165.672.900;;;180.000.000;NO;25985
R16;150;R_0201_0603Metric;;65.285.000;123.672.900;;;180.000.000;NO;25985
R16;150;R_0201_0603Metric;;65.285.000;165.672.900;;;180.000.000;NO;25985
R16;150;R_0201_0603Metric;;99.825.000;39.672.900;;;180.000.000;NO;25985
R16;150;R_0201_0603Metric;;134.365.000;81.672.900;;;180.000.000;NO;25985
R16;150;R_0201_0603Metric;;99.825.000;165.672.900;;;180.000.000;NO;25985
R16;150;R_0201_0603Metric;;99.825.000;81.672.900;;;180.000.000;NO;25985
R16;150;R_0201_0603Metric;;134.365.000;123.672.900;;;180.000.000;NO;25985
R17;150;R_0201_0603Metric;;52.485.000;77.442.900;;;180.000.000;NO;25985
R17;150;R_0201_0603Metric;;52.485.000;35.442.900;;;180.000.000;NO;25985
R17;150;R_0201_0603Metric;;87.025.000;119.442.900;;;180.000.000;NO;25985
R17;150;R_0201_0603Metric;;121.565.000;161.442.900;;;180.000.000;NO;25985
R17;150;R_0201_0603Metric;;121.565.000;77.442.900;;;180.000.000;NO;25985
R17;150;R_0201_0603Metric;;17.945.000;77.442.900;;;180.000.000;NO;25985
R17;150;R_0201_0603Metric;;121.565.000;119.442.900;;;180.000.000;NO;25985
R17;150;R_0201_0603Metric;;52.485.000;119.442.900;;;180.000.000;NO;25985
R17;150;R_0201_0603Metric;;17.945.000;35.442.900;;;180.000.000;NO;25985
R17;150;R_0201_0603Metric;;121.565.000;35.442.900;;;180.000.000;NO;25985
R17;150;R_0201_0603Metric;;17.945.000;161.442.900;;;180.000.000;NO;25985
R17;150;R_0201_0603Metric;;52.485.000;161.442.900;;;180.000.000;NO;25985
R17;150;R_0201_0603Metric;;87.025.000;161.442.900;;;180.000.000;NO;25985
R17;150;R_0201_0603Metric;;17.945.000;119.442.900;;;180.000.000;NO;25985
R17;150;R_0201_0603Metric;;87.025.000;35.442.900;;;180.000.000;NO;25985
R17;150;R_0201_0603Metric;;87.025.000;77.442.900;;;180.000.000;NO;25985
R18;150;R_0201_0603Metric;;33.945.000;165.672.900;;;180.000.000;NO;25985
R18;150;R_0201_0603Metric;;68.485.000;39.672.900;;;180.000.000;NO;25985
R18;150;R_0201_0603Metric;;103.025.000;123.672.900;;;180.000.000;NO;25985
R18;150;R_0201_0603Metric;;33.945.000;39.672.900;;;180.000.000;NO;25985
R18;150;R_0201_0603Metric;;68.485.000;81.672.900;;;180.000.000;NO;25985
R18;150;R_0201_0603Metric;;33.945.000;123.672.900;;;180.000.000;NO;25985
R18;150;R_0201_0603Metric;;68.485.000;165.672.900;;;180.000.000;NO;25985
R18;150;R_0201_0603Metric;;137.565.000;81.672.900;;;180.000.000;NO;25985
R18;150;R_0201_0603Metric;;103.025.000;165.672.900;;;180.000.000;NO;25985
R18;150;R_0201_0603Metric;;103.025.000;81.672.900;;;180.000.000;NO;25985
R18;150;R_0201_0603Metric;;33.945.000;81.672.900;;;180.000.000;NO;25985
R18;150;R_0201_0603Metric;;103.025.000;39.672.900;;;180.000.000;NO;25985
R18;150;R_0201_0603Metric;;68.485.000;123.672.900;;;180.000.000;NO;25985
R18;150;R_0201_0603Metric;;137.565.000;123.672.900;;;180.000.000;NO;25985
R18;150;R_0201_0603Metric;;137.565.000;39.672.900;;;180.000.000;NO;25985
R18;150;R_0201_0603Metric;;137.565.000;165.672.900;;;180.000.000;NO;25985
R19;150;R_0201_0603Metric;;38.595.000;62.852.900;;;0.000000;NO;25985
R19;150;R_0201_0603Metric;;73.135.000;104.852.900;;;0.000000;NO;25985
R19;150;R_0201_0603Metric;;73.135.000;146.852.900;;;0.000000;NO;25985
R19;150;R_0201_0603Metric;;73.135.000;20.852.900;;;0.000000;NO;25985
R19;150;R_0201_0603Metric;;107.675.000;62.852.900;;;0.000000;NO;25985
R19;150;R_0201_0603Metric;;107.675.000;146.852.900;;;0.000000;NO;25985
R19;150;R_0201_0603Metric;;142.215.000;20.852.900;;;0.000000;NO;25985
R19;150;R_0201_0603Metric;;142.215.000;62.852.900;;;0.000000;NO;25985
R19;150;R_0201_0603Metric;;73.135.000;62.852.900;;;0.000000;NO;25985
R19;150;R_0201_0603Metric;;142.215.000;104.852.900;;;0.000000;NO;25985
R19;150;R_0201_0603Metric;;38.595.000;104.852.900;;;0.000000;NO;25985
R19;150;R_0201_0603Metric;;107.675.000;104.852.900;;;0.000000;NO;25985
R19;150;R_0201_0603Metric;;38.595.000;20.852.900;;;0.000000;NO;25985
R19;150;R_0201_0603Metric;;142.215.000;146.852.900;;;0.000000;NO;25985
R19;150;R_0201_0603Metric;;107.675.000;20.852.900;;;0.000000;NO;25985
R19;150;R_0201_0603Metric;;38.595.000;146.852.900;;;0.000000;NO;25985
R20;150;R_0201_0603Metric;;139.015.000;20.852.900;;;0.000000;NO;25985
R20;150;R_0201_0603Metric;;139.015.000;146.852.900;;;0.000000;NO;25985
R20;150;R_0201_0603Metric;;69.935.000;146.852.900;;;0.000000;NO;25985
R20;150;R_0201_0603Metric;;69.935.000;20.852.900;;;0.000000;NO;25985
R20;150;R_0201_0603Metric;;35.395.000;146.852.900;;;0.000000;NO;25985
R20;150;R_0201_0603Metric;;104.475.000;20.852.900;;;0.000000;NO;25985
R20;150;R_0201_0603Metric;;139.015.000;104.852.900;;;0.000000;NO;25985
R20;150;R_0201_0603Metric;;104.475.000;146.852.900;;;0.000000;NO;25985
R20;150;R_0201_0603Metric;;139.015.000;62.852.900;;;0.000000;NO;25985
R20;150;R_0201_0603Metric;;69.935.000;104.852.900;;;0.000000;NO;25985
R20;150;R_0201_0603Metric;;35.395.000;104.852.900;;;0.000000;NO;25985
R20;150;R_0201_0603Metric;;35.395.000;20.852.900;;;0.000000;NO;25985
R20;150;R_0201_0603Metric;;69.935.000;62.852.900;;;0.000000;NO;25985
R20;150;R_0201_0603Metric;;104.475.000;62.852.900;;;0.000000;NO;25985
R20;150;R_0201_0603Metric;;35.395.000;62.852.900;;;0.000000;NO;25985
R20;150;R_0201_0603Metric;;104.475.000;104.852.900;;;0.000000;NO;25985
R21;150;R_0201_0603Metric;;101.275.000;20.852.900;;;0.000000;NO;25985
R21;150;R_0201_0603Metric;;101.275.000;62.852.900;;;0.000000;NO;25985
R21;150;R_0201_0603Metric;;66.735.000;104.852.900;;;0.000000;NO;25985
R21;150;R_0201_0603Metric;;135.815.000;62.852.900;;;0.000000;NO;25985
R21;150;R_0201_0603Metric;;135.815.000;146.852.900;;;0.000000;NO;25985
R21;150;R_0201_0603Metric;;66.735.000;62.852.900;;;0.000000;NO;25985
R21;150;R_0201_0603Metric;;32.195.000;62.852.900;;;0.000000;NO;25985
R21;150;R_0201_0603Metric;;66.735.000;146.852.900;;;0.000000;NO;25985
R21;150;R_0201_0603Metric;;32.195.000;104.852.900;;;0.000000;NO;25985
R21;150;R_0201_0603Metric;;101.275.000;146.852.900;;;0.000000;NO;25985
R21;150;R_0201_0603Metric;;66.735.000;20.852.900;;;0.000000;NO;25985
R21;150;R_0201_0603Metric;;101.275.000;104.852.900;;;0.000000;NO;25985
R21;150;R_0201_0603Metric;;32.195.000;146.852.900;;;0.000000;NO;25985
R21;150;R_0201_0603Metric;;135.815.000;20.852.900;;;0.000000;NO;25985
R21;150;R_0201_0603Metric;;32.195.000;20.852.900;;;0.000000;NO;25985
R21;150;R_0201_0603Metric;;135.815.000;104.852.900;;;0.000000;NO;25985
R22;150;R_0201_0603Metric;;28.995.000;142.622.900;;;0.000000;NO;25985
R22;150;R_0201_0603Metric;;98.075.000;58.622.900;;;0.000000;NO;25985
R22;150;R_0201_0603Metric;;98.075.000;100.622.900;;;0.000000;NO;25985
R22;150;R_0201_0603Metric;;63.535.000;58.622.900;;;0.000000;NO;25985
R22;150;R_0201_0603Metric;;28.995.000;100.622.900;;;0.000000;NO;25985
R22;150;R_0201_0603Metric;;132.615.000;16.622.900;;;0.000000;NO;25985
R22;150;R_0201_0603Metric;;132.615.000;142.622.900;;;0.000000;NO;25985
R22;150;R_0201_0603Metric;;63.535.000;16.622.900;;;0.000000;NO;25985
R22;150;R_0201_0603Metric;;98.075.000;16.622.900;;;0.000000;NO;25985
R22;150;R_0201_0603Metric;;132.615.000;58.622.900;;;0.000000;NO;25985
R22;150;R_0201_0603Metric;;28.995.000;16.622.900;;;0.000000;NO;25985
R22;150;R_0201_0603Metric;;63.535.000;100.622.900;;;0.000000;NO;25985
R22;150;R_0201_0603Metric;;63.535.000;142.622.900;;;0.000000;NO;25985
R22;150;R_0201_0603Metric;;98.075.000;142.622.900;;;0.000000;NO;25985
R22;150;R_0201_0603Metric;;28.995.000;58.622.900;;;0.000000;NO;25985
R22;150;R_0201_0603Metric;;132.615.000;100.622.900;;;0.000000;NO;25985
R23;150;R_0201_0603Metric;;123.015.000;20.852.900;;;0.000000;NO;25985
R23;150;R_0201_0603Metric;;88.475.000;62.852.900;;;0.000000;NO;25985
R23;150;R_0201_0603Metric;;19.395.000;20.852.900;;;0.000000;NO;25985
R23;150;R_0201_0603Metric;;53.935.000;62.852.900;;;0.000000;NO;25985
R23;150;R_0201_0603Metric;;123.015.000;62.852.900;;;0.000000;NO;25985
R23;150;R_0201_0603Metric;;88.475.000;146.852.900;;;0.000000;NO;25985
R23;150;R_0201_0603Metric;;88.475.000;104.852.900;;;0.000000;NO;25985
R23;150;R_0201_0603Metric;;53.935.000;104.852.900;;;0.000000;NO;25985
R23;150;R_0201_0603Metric;;53.935.000;20.852.900;;;0.000000;NO;25985
R23;150;R_0201_0603Metric;;19.395.000;62.852.900;;;0.000000;NO;25985
R23;150;R_0201_0603Metric;;123.015.000;146.852.900;;;0.000000;NO;25985
R23;150;R_0201_0603Metric;;19.395.000;146.852.900;;;0.000000;NO;25985
R23;150;R_0201_0603Metric;;19.395.000;104.852.900;;;0.000000;NO;25985
R23;150;R_0201_0603Metric;;123.015.000;104.852.900;;;0.000000;NO;25985
R23;150;R_0201_0603Metric;;88.475.000;20.852.900;;;0.000000;NO;25985
R23;150;R_0201_0603Metric;;53.935.000;146.852.900;;;0.000000;NO;25985
R24;150;R_0201_0603Metric;;110.875.000;20.852.900;;;0.000000;NO;25985
R24;150;R_0201_0603Metric;;145.415.000;146.852.900;;;0.000000;NO;25985
R24;150;R_0201_0603Metric;;41.795.000;62.852.900;;;0.000000;NO;25985
R24;150;R_0201_0603Metric;;110.875.000;146.852.900;;;0.000000;NO;25985
R24;150;R_0201_0603Metric;;76.335.000;146.852.900;;;0.000000;NO;25985
R24;150;R_0201_0603Metric;;41.795.000;20.852.900;;;0.000000;NO;25985
R24;150;R_0201_0603Metric;;41.795.000;104.852.900;;;0.000000;NO;25985
R24;150;R_0201_0603Metric;;76.335.000;104.852.900;;;0.000000;NO;25985
R24;150;R_0201_0603Metric;;145.415.000;104.852.900;;;0.000000;NO;25985
R24;150;R_0201_0603Metric;;76.335.000;62.852.900;;;0.000000;NO;25985
R24;150;R_0201_0603Metric;;110.875.000;104.852.900;;;0.000000;NO;25985
R24;150;R_0201_0603Metric;;145.415.000;62.852.900;;;0.000000;NO;25985
R24;150;R_0201_0603Metric;;76.335.000;20.852.900;;;0.000000;NO;25985
R24;150;R_0201_0603Metric;;41.795.000;146.852.900;;;0.000000;NO;25985
R24;150;R_0201_0603Metric;;145.415.000;20.852.900;;;0.000000;NO;25985
R24;150;R_0201_0603Metric;;110.875.000;62.852.900;;;0.000000;NO;25985
R25;150;R_0201_0603Metric;;57.135.000;146.852.900;;;0.000000;NO;25985
R25;150;R_0201_0603Metric;;126.215.000;62.852.900;;;0.000000;NO;25985
R25;150;R_0201_0603Metric;;91.675.000;104.852.900;;;0.000000;NO;25985
R25;150;R_0201_0603Metric;;91.675.000;146.852.900;;;0.000000;NO;25985
R25;150;R_0201_0603Metric;;22.595.000;62.852.900;;;0.000000;NO;25985
R25;150;R_0201_0603Metric;;126.215.000;146.852.900;;;0.000000;NO;25985
R25;150;R_0201_0603Metric;;22.595.000;146.852.900;;;0.000000;NO;25985
R25;150;R_0201_0603Metric;;57.135.000;62.852.900;;;0.000000;NO;25985
R25;150;R_0201_0603Metric;;57.135.000;20.852.900;;;0.000000;NO;25985
R25;150;R_0201_0603Metric;;126.215.000;20.852.900;;;0.000000;NO;25985
R25;150;R_0201_0603Metric;;22.595.000;20.852.900;;;0.000000;NO;25985
R25;150;R_0201_0603Metric;;91.675.000;20.852.900;;;0.000000;NO;25985
R25;150;R_0201_0603Metric;;57.135.000;104.852.900;;;0.000000;NO;25985
R25;150;R_0201_0603Metric;;126.215.000;104.852.900;;;0.000000;NO;25985
R25;150;R_0201_0603Metric;;22.595.000;104.852.900;;;0.000000;NO;25985
R25;150;R_0201_0603Metric;;91.675.000;62.852.900;;;0.000000;NO;25985
R26;150;R_0201_0603Metric;;25.795.000;58.622.900;;;0.000000;NO;25985
R26;150;R_0201_0603Metric;;129.415.000;142.622.900;;;0.000000;NO;25985
R26;150;R_0201_0603Metric;;60.335.000;58.622.900;;;0.000000;NO;25985
R26;150;R_0201_0603Metric;;94.875.000;142.622.900;;;0.000000;NO;25985
R26;150;R_0201_0603Metric;;94.875.000;58.622.900;;;0.000000;NO;25985
R26;150;R_0201_0603Metric;;60.335.000;142.622.900;;;0.000000;NO;25985
R26;150;R_0201_0603Metric;;94.875.000;100.622.900;;;0.000000;NO;25985
R26;150;R_0201_0603Metric;;60.335.000;100.622.900;;;0.000000;NO;25985
R26;150;R_0201_0603Metric;;25.795.000;100.622.900;;;0.000000;NO;25985
R26;150;R_0201_0603Metric;;129.415.000;58.622.900;;;0.000000;NO;25985
R26;150;R_0201_0603Metric;;129.415.000;16.622.900;;;0.000000;NO;25985
R26;150;R_0201_0603Metric;;129.415.000;100.622.900;;;0.000000;NO;25985
R26;150;R_0201_0603Metric;;25.795.000;142.622.900;;;0.000000;NO;25985
R26;150;R_0201_0603Metric;;60.335.000;16.622.900;;;0.000000;NO;25985
R26;150;R_0201_0603Metric;;25.795.000;16.622.900;;;0.000000;NO;25985
R26;150;R_0201_0603Metric;;94.875.000;16.622.900;;;0.000000;NO;25985
R27;150;R_0201_0603Metric;;22.595.000;142.622.900;;;0.000000;NO;25985
R27;150;R_0201_0603Metric;;57.135.000;142.622.900;;;0.000000;NO;25985
R27;150;R_0201_0603Metric;;91.675.000;100.622.900;;;0.000000;NO;25985
R27;150;R_0201_0603Metric;;22.595.000;100.622.900;;;0.000000;NO;25985
R27;150;R_0201_0603Metric;;22.595.000;58.622.900;;;0.000000;NO;25985
R27;150;R_0201_0603Metric;;22.595.000;16.622.900;;;0.000000;NO;25985
R27;150;R_0201_0603Metric;;126.215.000;142.622.900;;;0.000000;NO;25985
R27;150;R_0201_0603Metric;;126.215.000;16.622.900;;;0.000000;NO;25985
R27;150;R_0201_0603Metric;;57.135.000;16.622.900;;;0.000000;NO;25985
R27;150;R_0201_0603Metric;;126.215.000;58.622.900;;;0.000000;NO;25985
R27;150;R_0201_0603Metric;;91.675.000;142.622.900;;;0.000000;NO;25985
R27;150;R_0201_0603Metric;;57.135.000;100.622.900;;;0.000000;NO;25985
R27;150;R_0201_0603Metric;;126.215.000;100.622.900;;;0.000000;NO;25985
R27;150;R_0201_0603Metric;;91.675.000;58.622.900;;;0.000000;NO;25985
R27;150;R_0201_0603Metric;;91.675.000;16.622.900;;;0.000000;NO;25985
R27;150;R_0201_0603Metric;;57.135.000;58.622.900;;;0.000000;NO;25985
R28;150;R_0201_0603Metric;;101.275.000;58.622.900;;;0.000000;NO;25985
R28;150;R_0201_0603Metric;;135.815.000;58.622.900;;;0.000000;NO;25985
R28;150;R_0201_0603Metric;;32.195.000;100.622.900;;;0.000000;NO;25985
R28;150;R_0201_0603Metric;;32.195.000;142.622.900;;;0.000000;NO;25985
R28;150;R_0201_0603Metric;;66.735.000;16.622.900;;;0.000000;NO;25985
R28;150;R_0201_0603Metric;;101.275.000;100.622.900;;;0.000000;NO;25985
R28;150;R_0201_0603Metric;;135.815.000;16.622.900;;;0.000000;NO;25985
R28;150;R_0201_0603Metric;;32.195.000;58.622.900;;;0.000000;NO;25985
R28;150;R_0201_0603Metric;;66.735.000;142.622.900;;;0.000000;NO;25985
R28;150;R_0201_0603Metric;;66.735.000;58.622.900;;;0.000000;NO;25985
R28;150;R_0201_0603Metric;;101.275.000;142.622.900;;;0.000000;NO;25985
R28;150;R_0201_0603Metric;;66.735.000;100.622.900;;;0.000000;NO;25985
R28;150;R_0201_0603Metric;;101.275.000;16.622.900;;;0.000000;NO;25985
R28;150;R_0201_0603Metric;;135.815.000;142.622.900;;;0.000000;NO;25985
R28;150;R_0201_0603Metric;;135.815.000;100.622.900;;;0.000000;NO;25985
R28;150;R_0201_0603Metric;;32.195.000;16.622.900;;;0.000000;NO;25985
R29;150;R_0201_0603Metric;;25.795.000;62.852.900;;;0.000000;NO;25985
R29;150;R_0201_0603Metric;;25.795.000;20.852.900;;;0.000000;NO;25985
R29;150;R_0201_0603Metric;;129.415.000;20.852.900;;;0.000000;NO;25985
R29;150;R_0201_0603Metric;;94.875.000;20.852.900;;;0.000000;NO;25985
R29;150;R_0201_0603Metric;;25.795.000;104.852.900;;;0.000000;NO;25985
R29;150;R_0201_0603Metric;;94.875.000;62.852.900;;;0.000000;NO;25985
R29;150;R_0201_0603Metric;;94.875.000;104.852.900;;;0.000000;NO;25985
R29;150;R_0201_0603Metric;;94.875.000;146.852.900;;;0.000000;NO;25985
R29;150;R_0201_0603Metric;;60.335.000;20.852.900;;;0.000000;NO;25985
R29;150;R_0201_0603Metric;;60.335.000;104.852.900;;;0.000000;NO;25985
R29;150;R_0201_0603Metric;;129.415.000;104.852.900;;;0.000000;NO;25985
R29;150;R_0201_0603Metric;;60.335.000;146.852.900;;;0.000000;NO;25985
R29;150;R_0201_0603Metric;;25.795.000;146.852.900;;;0.000000;NO;25985
R29;150;R_0201_0603Metric;;60.335.000;62.852.900;;;0.000000;NO;25985
R29;150;R_0201_0603Metric;;129.415.000;146.852.900;;;0.000000;NO;25985
R29;150;R_0201_0603Metric;;129.415.000;62.852.900;;;0.000000;NO;25985
R30;150;R_0201_0603Metric;;69.935.000;142.622.900;;;0.000000;NO;25985
R30;150;R_0201_0603Metric;;35.395.000;142.622.900;;;0.000000;NO;25985
R30;150;R_0201_0603Metric;;104.475.000;58.622.900;;;0.000000;NO;25985
R30;150;R_0201_0603Metric;;139.015.000;100.622.900;;;0.000000;NO;25985
R30;150;R_0201_0603Metric;;104.475.000;16.622.900;;;0.000000;NO;25985
R30;150;R_0201_0603Metric;;104.475.000;142.622.900;;;0.000000;NO;25985
R30;150;R_0201_0603Metric;;35.395.000;58.622.900;;;0.000000;NO;25985
R30;150;R_0201_0603Metric;;35.395.000;16.622.900;;;0.000000;NO;25985
R30;150;R_0201_0603Metric;;69.935.000;100.622.900;;;0.000000;NO;25985
R30;150;R_0201_0603Metric;;139.015.000;142.622.900;;;0.000000;NO;25985
R30;150;R_0201_0603Metric;;69.935.000;58.622.900;;;0.000000;NO;25985
R30;150;R_0201_0603Metric;;139.015.000;58.622.900;;;0.000000;NO;25985
R30;150;R_0201_0603Metric;;104.475.000;100.622.900;;;0.000000;NO;25985
R30;150;R_0201_0603Metric;;35.395.000;100.622.900;;;0.000000;NO;25985
R30;150;R_0201_0603Metric;;139.015.000;16.622.900;;;0.000000;NO;25985
R30;150;R_0201_0603Metric;;69.935.000;16.622.900;;;0.000000;NO;25985
R31;150;R_0201_0603Metric;;119.815.000;62.852.900;;;0.000000;NO;25985
R31;150;R_0201_0603Metric;;119.815.000;104.852.900;;;0.000000;NO;25985
R31;150;R_0201_0603Metric;;50.735.000;146.852.900;;;0.000000;NO;25985
R31;150;R_0201_0603Metric;;16.195.000;146.852.900;;;0.000000;NO;25985
R31;150;R_0201_0603Metric;;16.195.000;20.852.900;;;0.000000;NO;25985
R31;150;R_0201_0603Metric;;85.275.000;20.852.900;;;0.000000;NO;25985
R31;150;R_0201_0603Metric;;119.815.000;20.852.900;;;0.000000;NO;25985
R31;150;R_0201_0603Metric;;119.815.000;146.852.900;;;0.000000;NO;25985
R31;150;R_0201_0603Metric;;50.735.000;20.852.900;;;0.000000;NO;25985
R31;150;R_0201_0603Metric;;85.275.000;104.852.900;;;0.000000;NO;25985
R31;150;R_0201_0603Metric;;85.275.000;146.852.900;;;0.000000;NO;25985
R31;150;R_0201_0603Metric;;50.735.000;104.852.900;;;0.000000;NO;25985
R31;150;R_0201_0603Metric;;50.735.000;62.852.900;;;0.000000;NO;25985
R31;150;R_0201_0603Metric;;85.275.000;62.852.900;;;0.000000;NO;25985
R31;150;R_0201_0603Metric;;16.195.000;62.852.900;;;0.000000;NO;25985
R31;150;R_0201_0603Metric;;16.195.000;104.852.900;;;0.000000;NO;25985
R32;150;R_0201_0603Metric;;98.075.000;20.852.900;;;0.000000;NO;25985
R32;150;R_0201_0603Metric;;98.075.000;146.852.900;;;0.000000;NO;25985
R32;150;R_0201_0603Metric;;98.075.000;104.852.900;;;0.000000;NO;25985
R32;150;R_0201_0603Metric;;132.615.000;20.852.900;;;0.000000;NO;25985
R32;150;R_0201_0603Metric;;98.075.000;62.852.900;;;0.000000;NO;25985
R32;150;R_0201_0603Metric;;63.535.000;104.852.900;;;0.000000;NO;25985
R32;150;R_0201_0603Metric;;28.995.000;146.852.900;;;0.000000;NO;25985
R32;150;R_0201_0603Metric;;132.615.000;62.852.900;;;0.000000;NO;25985
R32;150;R_0201_0603Metric;;63.535.000;20.852.900;;;0.000000;NO;25985
R32;150;R_0201_0603Metric;;28.995.000;62.852.900;;;0.000000;NO;25985
R32;150;R_0201_0603Metric;;28.995.000;104.852.900;;;0.000000;NO;25985
R32;150;R_0201_0603Metric;;28.995.000;20.852.900;;;0.000000;NO;25985
R32;150;R_0201_0603Metric;;63.535.000;62.852.900;;;0.000000;NO;25985
R32;150;R_0201_0603Metric;;132.615.000;146.852.900;;;0.000000;NO;25985
R32;150;R_0201_0603Metric;;132.615.000;104.852.900;;;0.000000;NO;25985
R32;150;R_0201_0603Metric;;63.535.000;146.852.900;;;0.000000;NO;25985
R201;150;R_0201_0603Metric;;83.825.000;35.442.900;;;180.000.000;NO;25985
R201;150;R_0201_0603Metric;;83.825.000;119.442.900;;;180.000.000;NO;25985
R201;150;R_0201_0603Metric;;14.745.000;35.442.900;;;180.000.000;NO;25985
R201;150;R_0201_0603Metric;;83.825.000;161.442.900;;;180.000.000;NO;25985
R201;150;R_0201_0603Metric;;49.285.000;161.442.900;;;180.000.000;NO;25985
R201;150;R_0201_0603Metric;;14.745.000;161.442.900;;;180.000.000;NO;25985
R201;150;R_0201_0603Metric;;14.745.000;77.442.900;;;180.000.000;NO;25985
R201;150;R_0201_0603Metric;;49.285.000;35.442.900;;;180.000.000;NO;25985
R201;150;R_0201_0603Metric;;83.825.000;77.442.900;;;180.000.000;NO;25985
R201;150;R_0201_0603Metric;;49.285.000;77.442.900;;;180.000.000;NO;25985
R201;150;R_0201_0603Metric;;118.365.000;77.442.900;;;180.000.000;NO;25985
R201;150;R_0201_0603Metric;;49.285.000;119.442.900;;;180.000.000;NO;25985
R201;150;R_0201_0603Metric;;118.365.000;35.442.900;;;180.000.000;NO;25985
R201;150;R_0201_0603Metric;;14.745.000;119.442.900;;;180.000.000;NO;25985
R201;150;R_0201_0603Metric;;118.365.000;119.442.900;;;180.000.000;NO;25985
R201;150;R_0201_0603Metric;;118.365.000;161.442.900;;;180.000.000;NO;25985
U4;BGA2803;SOT-363_SC-70-6_BGA2803;;21.870.000;159.677.900;;;180.000.000;NO;25584
U4;BGA2803;SOT-363_SC-70-6_BGA2803;;90.950.000;117.677.900;;;180.000.000;NO;25584
U4;BGA2803;SOT-363_SC-70-6_BGA2803;;125.490.000;33.677.900;;;180.000.000;NO;25584
U4;BGA2803;SOT-363_SC-70-6_BGA2803;;56.410.000;33.677.900;;;180.000.000;NO;25584
U4;BGA2803;SOT-363_SC-70-6_BGA2803;;90.950.000;75.677.900;;;180.000.000;NO;25584
U4;BGA2803;SOT-363_SC-70-6_BGA2803;;90.950.000;33.677.900;;;180.000.000;NO;25584
U4;BGA2803;SOT-363_SC-70-6_BGA2803;;56.410.000;159.677.900;;;180.000.000;NO;25584
U4;BGA2803;SOT-363_SC-70-6_BGA2803;;125.490.000;159.677.900;;;180.000.000;NO;25584
U4;BGA2803;SOT-363_SC-70-6_BGA2803;;90.950.000;159.677.900;;;180.000.000;NO;25584
U4;BGA2803;SOT-363_SC-70-6_BGA2803;;21.870.000;33.677.900;;;180.000.000;NO;25584
U4;BGA2803;SOT-363_SC-70-6_BGA2803;;56.410.000;75.677.900;;;180.000.000;NO;25584
U4;BGA2803;SOT-363_SC-70-6_BGA2803;;21.870.000;117.677.900;;;180.000.000;NO;25584
U4;BGA2803;SOT-363_SC-70-6_BGA2803;;125.490.000;117.677.900;;;180.000.000;NO;25584
U4;BGA2803;SOT-363_SC-70-6_BGA2803;;56.410.000;117.677.900;;;180.000.000;NO;25584
U4;BGA2803;SOT-363_SC-70-6_BGA2803;;21.870.000;75.677.900;;;180.000.000;NO;25584
U4;BGA2803;SOT-363_SC-70-6_BGA2803;;125.490.000;75.677.900;;;180.000.000;NO;25584
U5;BGA2803;SOT-363_SC-70-6_BGA2803;;59.610.000;159.677.900;;;180.000.000;NO;25584
U5;BGA2803;SOT-363_SC-70-6_BGA2803;;94.150.000;159.677.900;;;180.000.000;NO;25584
U5;BGA2803;SOT-363_SC-70-6_BGA2803;;94.150.000;33.677.900;;;180.000.000;NO;25584
U5;BGA2803;SOT-363_SC-70-6_BGA2803;;59.610.000;117.677.900;;;180.000.000;NO;25584
U5;BGA2803;SOT-363_SC-70-6_BGA2803;;128.690.000;117.677.900;;;180.000.000;NO;25584
U5;BGA2803;SOT-363_SC-70-6_BGA2803;;25.070.000;117.677.900;;;180.000.000;NO;25584
U5;BGA2803;SOT-363_SC-70-6_BGA2803;;25.070.000;33.677.900;;;180.000.000;NO;25584
U5;BGA2803;SOT-363_SC-70-6_BGA2803;;128.690.000;75.677.900;;;180.000.000;NO;25584
U5;BGA2803;SOT-363_SC-70-6_BGA2803;;25.070.000;159.677.900;;;180.000.000;NO;25584
U5;BGA2803;SOT-363_SC-70-6_BGA2803;;94.150.000;117.677.900;;;180.000.000;NO;25584
U5;BGA2803;SOT-363_SC-70-6_BGA2803;;128.690.000;159.677.900;;;180.000.000;NO;25584
U5;BGA2803;SOT-363_SC-70-6_BGA2803;;128.690.000;33.677.900;;;180.000.000;NO;25584
U5;BGA2803;SOT-363_SC-70-6_BGA2803;;94.150.000;75.677.900;;;180.000.000;NO;25584
U5;BGA2803;SOT-363_SC-70-6_BGA2803;;25.070.000;75.677.900;;;180.000.000;NO;25584
U5;BGA2803;SOT-363_SC-70-6_BGA2803;;59.610.000;33.677.900;;;180.000.000;NO;25584
U5;BGA2803;SOT-363_SC-70-6_BGA2803;;59.610.000;75.677.900;;;180.000.000;NO;25584
U6;BGA2803;SOT-363_SC-70-6_BGA2803;;62.810.000;159.677.900;;;180.000.000;NO;25584
U6;BGA2803;SOT-363_SC-70-6_BGA2803;;97.350.000;117.677.900;;;180.000.000;NO;25584
U6;BGA2803;SOT-363_SC-70-6_BGA2803;;28.270.000;75.677.900;;;180.000.000;NO;25584
U6;BGA2803;SOT-363_SC-70-6_BGA2803;;28.270.000;33.677.900;;;180.000.000;NO;25584
U6;BGA2803;SOT-363_SC-70-6_BGA2803;;28.270.000;117.677.900;;;180.000.000;NO;25584
U6;BGA2803;SOT-363_SC-70-6_BGA2803;;97.350.000;33.677.900;;;180.000.000;NO;25584
U6;BGA2803;SOT-363_SC-70-6_BGA2803;;28.270.000;159.677.900;;;180.000.000;NO;25584
U6;BGA2803;SOT-363_SC-70-6_BGA2803;;97.350.000;159.677.900;;;180.000.000;NO;25584
U6;BGA2803;SOT-363_SC-70-6_BGA2803;;131.890.000;33.677.900;;;180.000.000;NO;25584
U6;BGA2803;SOT-363_SC-70-6_BGA2803;;62.810.000;33.677.900;;;180.000.000;NO;25584
U6;BGA2803;SOT-363_SC-70-6_BGA2803;;62.810.000;75.677.900;;;180.000.000;NO;25584
U6;BGA2803;SOT-363_SC-70-6_BGA2803;;97.350.000;75.677.900;;;180.000.000;NO;25584
U6;BGA2803;SOT-363_SC-70-6_BGA2803;;131.890.000;75.677.900;;;180.000.000;NO;25584
U6;BGA2803;SOT-363_SC-70-6_BGA2803;;131.890.000;159.677.900;;;180.000.000;NO;25584
U6;BGA2803;SOT-363_SC-70-6_BGA2803;;131.890.000;117.677.900;;;180.000.000;NO;25584
U6;BGA2803;SOT-363_SC-70-6_BGA2803;;62.810.000;117.677.900;;;180.000.000;NO;25584
U7;BGA2803;SOT-363_SC-70-6_BGA2803;;135.090.000;33.677.900;;;180.000.000;NO;25584
U7;BGA2803;SOT-363_SC-70-6_BGA2803;;100.550.000;33.677.900;;;180.000.000;NO;25584
U7;BGA2803;SOT-363_SC-70-6_BGA2803;;31.470.000;159.677.900;;;180.000.000;NO;25584
U7;BGA2803;SOT-363_SC-70-6_BGA2803;;66.010.000;75.677.900;;;180.000.000;NO;25584
U7;BGA2803;SOT-363_SC-70-6_BGA2803;;100.550.000;75.677.900;;;180.000.000;NO;25584
U7;BGA2803;SOT-363_SC-70-6_BGA2803;;31.470.000;117.677.900;;;180.000.000;NO;25584
U7;BGA2803;SOT-363_SC-70-6_BGA2803;;66.010.000;33.677.900;;;180.000.000;NO;25584
U7;BGA2803;SOT-363_SC-70-6_BGA2803;;135.090.000;75.677.900;;;180.000.000;NO;25584
U7;BGA2803;SOT-363_SC-70-6_BGA2803;;100.550.000;117.677.900;;;180.000.000;NO;25584
U7;BGA2803;SOT-363_SC-70-6_BGA2803;;31.470.000;33.677.900;;;180.000.000;NO;25584
U7;BGA2803;SOT-363_SC-70-6_BGA2803;;66.010.000;117.677.900;;;180.000.000;NO;25584
U7;BGA2803;SOT-363_SC-70-6_BGA2803;;135.090.000;117.677.900;;;180.000.000;NO;25584
U7;BGA2803;SOT-363_SC-70-6_BGA2803;;31.470.000;75.677.900;;;180.000.000;NO;25584
U7;BGA2803;SOT-363_SC-70-6_BGA2803;;100.550.000;159.677.900;;;180.000.000;NO;25584
U7;BGA2803;SOT-363_SC-70-6_BGA2803;;135.090.000;159.677.900;;;180.000.000;NO;25584
U7;BGA2803;SOT-363_SC-70-6_BGA2803;;66.010.000;159.677.900;;;180.000.000;NO;25584
U8;BGA2803;SOT-363_SC-70-6_BGA2803;;34.670.000;75.677.900;;;180.000.000;NO;25584
U8;BGA2803;SOT-363_SC-70-6_BGA2803;;138.290.000;117.677.900;;;180.000.000;NO;25584
U8;BGA2803;SOT-363_SC-70-6_BGA2803;;69.210.000;117.677.900;;;180.000.000;NO;25584
U8;BGA2803;SOT-363_SC-70-6_BGA2803;;34.670.000;159.677.900;;;180.000.000;NO;25584
U8;BGA2803;SOT-363_SC-70-6_BGA2803;;103.750.000;33.677.900;;;180.000.000;NO;25584
U8;BGA2803;SOT-363_SC-70-6_BGA2803;;34.670.000;117.677.900;;;180.000.000;NO;25584
U8;BGA2803;SOT-363_SC-70-6_BGA2803;;138.290.000;75.677.900;;;180.000.000;NO;25584
U8;BGA2803;SOT-363_SC-70-6_BGA2803;;69.210.000;75.677.900;;;180.000.000;NO;25584
U8;BGA2803;SOT-363_SC-70-6_BGA2803;;138.290.000;33.677.900;;;180.000.000;NO;25584
U8;BGA2803;SOT-363_SC-70-6_BGA2803;;34.670.000;33.677.900;;;180.000.000;NO;25584
U8;BGA2803;SOT-363_SC-70-6_BGA2803;;103.750.000;75.677.900;;;180.000.000;NO;25584
U8;BGA2803;SOT-363_SC-70-6_BGA2803;;103.750.000;159.677.900;;;180.000.000;NO;25584
U8;BGA2803;SOT-363_SC-70-6_BGA2803;;69.210.000;33.677.900;;;180.000.000;NO;25584
U8;BGA2803;SOT-363_SC-70-6_BGA2803;;103.750.000;117.677.900;;;180.000.000;NO;25584
U8;BGA2803;SOT-363_SC-70-6_BGA2803;;138.290.000;159.677.900;;;180.000.000;NO;25584
U8;BGA2803;SOT-363_SC-70-6_BGA2803;;69.210.000;159.677.900;;;180.000.000;NO;25584
U9;BGA2803;SOT-363_SC-70-6_BGA2803;;141.490.000;75.677.900;;;180.000.000;NO;25584
U9;BGA2803;SOT-363_SC-70-6_BGA2803;;72.410.000;159.677.900;;;180.000.000;NO;25584
U9;BGA2803;SOT-363_SC-70-6_BGA2803;;106.950.000;33.677.900;;;180.000.000;NO;25584
U9;BGA2803;SOT-363_SC-70-6_BGA2803;;141.490.000;159.677.900;;;180.000.000;NO;25584
U9;BGA2803;SOT-363_SC-70-6_BGA2803;;37.870.000;75.677.900;;;180.000.000;NO;25584
U9;BGA2803;SOT-363_SC-70-6_BGA2803;;106.950.000;159.677.900;;;180.000.000;NO;25584
U9;BGA2803;SOT-363_SC-70-6_BGA2803;;141.490.000;33.677.900;;;180.000.000;NO;25584
U9;BGA2803;SOT-363_SC-70-6_BGA2803;;106.950.000;117.677.900;;;180.000.000;NO;25584
U9;BGA2803;SOT-363_SC-70-6_BGA2803;;37.870.000;159.677.900;;;180.000.000;NO;25584
U9;BGA2803;SOT-363_SC-70-6_BGA2803;;141.490.000;117.677.900;;;180.000.000;NO;25584
U9;BGA2803;SOT-363_SC-70-6_BGA2803;;72.410.000;33.677.900;;;180.000.000;NO;25584
U9;BGA2803;SOT-363_SC-70-6_BGA2803;;37.870.000;117.677.900;;;180.000.000;NO;25584
U9;BGA2803;SOT-363_SC-70-6_BGA2803;;72.410.000;75.677.900;;;180.000.000;NO;25584
U9;BGA2803;SOT-363_SC-70-6_BGA2803;;106.950.000;75.677.900;;;180.000.000;NO;25584
U9;BGA2803;SOT-363_SC-70-6_BGA2803;;72.410.000;117.677.900;;;180.000.000;NO;25584
U9;BGA2803;SOT-363_SC-70-6_BGA2803;;37.870.000;33.677.900;;;180.000.000;NO;25584
U10;BGA2803;SOT-363_SC-70-6_BGA2803;;41.070.000;159.677.900;;;180.000.000;NO;25584
U10;BGA2803;SOT-363_SC-70-6_BGA2803;;75.610.000;159.677.900;;;180.000.000;NO;25584
U10;BGA2803;SOT-363_SC-70-6_BGA2803;;41.070.000;75.677.900;;;180.000.000;NO;25584
U10;BGA2803;SOT-363_SC-70-6_BGA2803;;75.610.000;117.677.900;;;180.000.000;NO;25584
U10;BGA2803;SOT-363_SC-70-6_BGA2803;;110.150.000;33.677.900;;;180.000.000;NO;25584
U10;BGA2803;SOT-363_SC-70-6_BGA2803;;110.150.000;159.677.900;;;180.000.000;NO;25584
U10;BGA2803;SOT-363_SC-70-6_BGA2803;;110.150.000;75.677.900;;;180.000.000;NO;25584
U10;BGA2803;SOT-363_SC-70-6_BGA2803;;144.690.000;117.677.900;;;180.000.000;NO;25584
U10;BGA2803;SOT-363_SC-70-6_BGA2803;;41.070.000;33.677.900;;;180.000.000;NO;25584
U10;BGA2803;SOT-363_SC-70-6_BGA2803;;75.610.000;33.677.900;;;180.000.000;NO;25584
U10;BGA2803;SOT-363_SC-70-6_BGA2803;;144.690.000;159.677.900;;;180.000.000;NO;25584
U10;BGA2803;SOT-363_SC-70-6_BGA2803;;41.070.000;117.677.900;;;180.000.000;NO;25584
U10;BGA2803;SOT-363_SC-70-6_BGA2803;;75.610.000;75.677.900;;;180.000.000;NO;25584
U10;BGA2803;SOT-363_SC-70-6_BGA2803;;110.150.000;117.677.900;;;180.000.000;NO;25584
U10;BGA2803;SOT-363_SC-70-6_BGA2803;;144.690.000;75.677.900;;;180.000.000;NO;25584
U10;BGA2803;SOT-363_SC-70-6_BGA2803;;144.690.000;33.677.900;;;180.000.000;NO;25584
U11;BGA2803;SOT-363_SC-70-6_BGA2803;;21.870.000;79.907.900;;;180.000.000;NO;25584
U11;BGA2803;SOT-363_SC-70-6_BGA2803;;125.490.000;37.907.900;;;180.000.000;NO;25584
U11;BGA2803;SOT-363_SC-70-6_BGA2803;;90.950.000;163.907.900;;;180.000.000;NO;25584
U11;BGA2803;SOT-363_SC-70-6_BGA2803;;125.490.000;163.907.900;;;180.000.000;NO;25584
U11;BGA2803;SOT-363_SC-70-6_BGA2803;;21.870.000;163.907.900;;;180.000.000;NO;25584
U11;BGA2803;SOT-363_SC-70-6_BGA2803;;56.410.000;121.907.900;;;180.000.000;NO;25584
U11;BGA2803;SOT-363_SC-70-6_BGA2803;;56.410.000;79.907.900;;;180.000.000;NO;25584
U11;BGA2803;SOT-363_SC-70-6_BGA2803;;90.950.000;37.907.900;;;180.000.000;NO;25584
U11;BGA2803;SOT-363_SC-70-6_BGA2803;;90.950.000;79.907.900;;;180.000.000;NO;25584
U11;BGA2803;SOT-363_SC-70-6_BGA2803;;56.410.000;163.907.900;;;180.000.000;NO;25584
U11;BGA2803;SOT-363_SC-70-6_BGA2803;;90.950.000;121.907.900;;;180.000.000;NO;25584
U11;BGA2803;SOT-363_SC-70-6_BGA2803;;21.870.000;121.907.900;;;180.000.000;NO;25584
U11;BGA2803;SOT-363_SC-70-6_BGA2803;;56.410.000;37.907.900;;;180.000.000;NO;25584
U11;BGA2803;SOT-363_SC-70-6_BGA2803;;21.870.000;37.907.900;;;180.000.000;NO;25584
U11;BGA2803;SOT-363_SC-70-6_BGA2803;;125.490.000;79.907.900;;;180.000.000;NO;25584
U11;BGA2803;SOT-363_SC-70-6_BGA2803;;125.490.000;121.907.900;;;180.000.000;NO;25584
U12;BGA2803;SOT-363_SC-70-6_BGA2803;;59.610.000;121.907.900;;;180.000.000;NO;25584
U12;BGA2803;SOT-363_SC-70-6_BGA2803;;25.070.000;163.907.900;;;180.000.000;NO;25584
U12;BGA2803;SOT-363_SC-70-6_BGA2803;;128.690.000;79.907.900;;;180.000.000;NO;25584
U12;BGA2803;SOT-363_SC-70-6_BGA2803;;25.070.000;37.907.900;;;180.000.000;NO;25584
U12;BGA2803;SOT-363_SC-70-6_BGA2803;;94.150.000;163.907.900;;;180.000.000;NO;25584
U12;BGA2803;SOT-363_SC-70-6_BGA2803;;25.070.000;121.907.900;;;180.000.000;NO;25584
U12;BGA2803;SOT-363_SC-70-6_BGA2803;;94.150.000;37.907.900;;;180.000.000;NO;25584
U12;BGA2803;SOT-363_SC-70-6_BGA2803;;128.690.000;163.907.900;;;180.000.000;NO;25584
U12;BGA2803;SOT-363_SC-70-6_BGA2803;;128.690.000;37.907.900;;;180.000.000;NO;25584
U12;BGA2803;SOT-363_SC-70-6_BGA2803;;25.070.000;79.907.900;;;180.000.000;NO;25584
U12;BGA2803;SOT-363_SC-70-6_BGA2803;;59.610.000;37.907.900;;;180.000.000;NO;25584
U12;BGA2803;SOT-363_SC-70-6_BGA2803;;59.610.000;79.907.900;;;180.000.000;NO;25584
U12;BGA2803;SOT-363_SC-70-6_BGA2803;;59.610.000;163.907.900;;;180.000.000;NO;25584
U12;BGA2803;SOT-363_SC-70-6_BGA2803;;94.150.000;79.907.900;;;180.000.000;NO;25584
U12;BGA2803;SOT-363_SC-70-6_BGA2803;;94.150.000;121.907.900;;;180.000.000;NO;25584
U12;BGA2803;SOT-363_SC-70-6_BGA2803;;128.690.000;121.907.900;;;180.000.000;NO;25584
U13;BGA2803;SOT-363_SC-70-6_BGA2803;;131.890.000;37.907.900;;;180.000.000;NO;25584
U13;BGA2803;SOT-363_SC-70-6_BGA2803;;97.350.000;79.907.900;;;180.000.000;NO;25584
U13;BGA2803;SOT-363_SC-70-6_BGA2803;;62.810.000;121.907.900;;;180.000.000;NO;25584
U13;BGA2803;SOT-363_SC-70-6_BGA2803;;28.270.000;121.907.900;;;180.000.000;NO;25584
U13;BGA2803;SOT-363_SC-70-6_BGA2803;;62.810.000;163.907.900;;;180.000.000;NO;25584
U13;BGA2803;SOT-363_SC-70-6_BGA2803;;131.890.000;79.907.900;;;180.000.000;NO;25584
U13;BGA2803;SOT-363_SC-70-6_BGA2803;;97.350.000;37.907.900;;;180.000.000;NO;25584
U13;BGA2803;SOT-363_SC-70-6_BGA2803;;131.890.000;163.907.900;;;180.000.000;NO;25584
U13;BGA2803;SOT-363_SC-70-6_BGA2803;;97.350.000;121.907.900;;;180.000.000;NO;25584
U13;BGA2803;SOT-363_SC-70-6_BGA2803;;131.890.000;121.907.900;;;180.000.000;NO;25584
U13;BGA2803;SOT-363_SC-70-6_BGA2803;;97.350.000;163.907.900;;;180.000.000;NO;25584
U13;BGA2803;SOT-363_SC-70-6_BGA2803;;28.270.000;163.907.900;;;180.000.000;NO;25584
U13;BGA2803;SOT-363_SC-70-6_BGA2803;;62.810.000;37.907.900;;;180.000.000;NO;25584
U13;BGA2803;SOT-363_SC-70-6_BGA2803;;28.270.000;79.907.900;;;180.000.000;NO;25584
U13;BGA2803;SOT-363_SC-70-6_BGA2803;;28.270.000;37.907.900;;;180.000.000;NO;25584
U13;BGA2803;SOT-363_SC-70-6_BGA2803;;62.810.000;79.907.900;;;180.000.000;NO;25584
U14;BGA2803;SOT-363_SC-70-6_BGA2803;;135.090.000;37.907.900;;;180.000.000;NO;25584
U14;BGA2803;SOT-363_SC-70-6_BGA2803;;31.470.000;121.907.900;;;180.000.000;NO;25584
U14;BGA2803;SOT-363_SC-70-6_BGA2803;;66.010.000;37.907.900;;;180.000.000;NO;25584
U14;BGA2803;SOT-363_SC-70-6_BGA2803;;31.470.000;79.907.900;;;180.000.000;NO;25584
U14;BGA2803;SOT-363_SC-70-6_BGA2803;;135.090.000;79.907.900;;;180.000.000;NO;25584
U14;BGA2803;SOT-363_SC-70-6_BGA2803;;100.550.000;163.907.900;;;180.000.000;NO;25584
U14;BGA2803;SOT-363_SC-70-6_BGA2803;;100.550.000;79.907.900;;;180.000.000;NO;25584
U14;BGA2803;SOT-363_SC-70-6_BGA2803;;66.010.000;163.907.900;;;180.000.000;NO;25584
U14;BGA2803;SOT-363_SC-70-6_BGA2803;;135.090.000;121.907.900;;;180.000.000;NO;25584
U14;BGA2803;SOT-363_SC-70-6_BGA2803;;31.470.000;37.907.900;;;180.000.000;NO;25584
U14;BGA2803;SOT-363_SC-70-6_BGA2803;;31.470.000;163.907.900;;;180.000.000;NO;25584
U14;BGA2803;SOT-363_SC-70-6_BGA2803;;100.550.000;37.907.900;;;180.000.000;NO;25584
U14;BGA2803;SOT-363_SC-70-6_BGA2803;;135.090.000;163.907.900;;;180.000.000;NO;25584
U14;BGA2803;SOT-363_SC-70-6_BGA2803;;66.010.000;121.907.900;;;180.000.000;NO;25584
U14;BGA2803;SOT-363_SC-70-6_BGA2803;;66.010.000;79.907.900;;;180.000.000;NO;25584
U14;BGA2803;SOT-363_SC-70-6_BGA2803;;100.550.000;121.907.900;;;180.000.000;NO;25584
U15;BGA2803;SOT-363_SC-70-6_BGA2803;;53.210.000;33.677.900;;;180.000.000;NO;25584
U15;BGA2803;SOT-363_SC-70-6_BGA2803;;122.290.000;75.677.900;;;180.000.000;NO;25584
U15;BGA2803;SOT-363_SC-70-6_BGA2803;;122.290.000;159.677.900;;;180.000.000;NO;25584
U15;BGA2803;SOT-363_SC-70-6_BGA2803;;87.750.000;117.677.900;;;180.000.000;NO;25584
U15;BGA2803;SOT-363_SC-70-6_BGA2803;;122.290.000;33.677.900;;;180.000.000;NO;25584
U15;BGA2803;SOT-363_SC-70-6_BGA2803;;53.210.000;159.677.900;;;180.000.000;NO;25584
U15;BGA2803;SOT-363_SC-70-6_BGA2803;;18.670.000;117.677.900;;;180.000.000;NO;25584
U15;BGA2803;SOT-363_SC-70-6_BGA2803;;18.670.000;159.677.900;;;180.000.000;NO;25584
U15;BGA2803;SOT-363_SC-70-6_BGA2803;;53.210.000;117.677.900;;;180.000.000;NO;25584
U15;BGA2803;SOT-363_SC-70-6_BGA2803;;53.210.000;75.677.900;;;180.000.000;NO;25584
U15;BGA2803;SOT-363_SC-70-6_BGA2803;;122.290.000;117.677.900;;;180.000.000;NO;25584
U15;BGA2803;SOT-363_SC-70-6_BGA2803;;18.670.000;33.677.900;;;180.000.000;NO;25584
U15;BGA2803;SOT-363_SC-70-6_BGA2803;;87.750.000;159.677.900;;;180.000.000;NO;25584
U15;BGA2803;SOT-363_SC-70-6_BGA2803;;87.750.000;75.677.900;;;180.000.000;NO;25584
U15;BGA2803;SOT-363_SC-70-6_BGA2803;;87.750.000;33.677.900;;;180.000.000;NO;25584
U15;BGA2803;SOT-363_SC-70-6_BGA2803;;18.670.000;75.677.900;;;180.000.000;NO;25584
U16;BGA2803;SOT-363_SC-70-6_BGA2803;;69.210.000;37.907.900;;;180.000.000;NO;25584
U16;BGA2803;SOT-363_SC-70-6_BGA2803;;138.290.000;37.907.900;;;180.000.000;NO;25584
U16;BGA2803;SOT-363_SC-70-6_BGA2803;;103.750.000;79.907.900;;;180.000.000;NO;25584
U16;BGA2803;SOT-363_SC-70-6_BGA2803;;138.290.000;79.907.900;;;180.000.000;NO;25584
U16;BGA2803;SOT-363_SC-70-6_BGA2803;;69.210.000;121.907.900;;;180.000.000;NO;25584
U16;BGA2803;SOT-363_SC-70-6_BGA2803;;138.290.000;163.907.900;;;180.000.000;NO;25584
U16;BGA2803;SOT-363_SC-70-6_BGA2803;;103.750.000;37.907.900;;;180.000.000;NO;25584
U16;BGA2803;SOT-363_SC-70-6_BGA2803;;69.210.000;163.907.900;;;180.000.000;NO;25584
U16;BGA2803;SOT-363_SC-70-6_BGA2803;;138.290.000;121.907.900;;;180.000.000;NO;25584
U16;BGA2803;SOT-363_SC-70-6_BGA2803;;69.210.000;79.907.900;;;180.000.000;NO;25584
U16;BGA2803;SOT-363_SC-70-6_BGA2803;;103.750.000;163.907.900;;;180.000.000;NO;25584
U16;BGA2803;SOT-363_SC-70-6_BGA2803;;34.670.000;163.907.900;;;180.000.000;NO;25584
U16;BGA2803;SOT-363_SC-70-6_BGA2803;;34.670.000;37.907.900;;;180.000.000;NO;25584
U16;BGA2803;SOT-363_SC-70-6_BGA2803;;34.670.000;121.907.900;;;180.000.000;NO;25584
U16;BGA2803;SOT-363_SC-70-6_BGA2803;;103.750.000;121.907.900;;;180.000.000;NO;25584
U16;BGA2803;SOT-363_SC-70-6_BGA2803;;34.670.000;79.907.900;;;180.000.000;NO;25584
U17;BGA2803;SOT-363_SC-70-6_BGA2803;;141.490.000;22.617.900;;;0.000000;NO;25584
U17;BGA2803;SOT-363_SC-70-6_BGA2803;;141.490.000;64.617.900;;;0.000000;NO;25584
U17;BGA2803;SOT-363_SC-70-6_BGA2803;;37.870.000;22.617.900;;;0.000000;NO;25584
U17;BGA2803;SOT-363_SC-70-6_BGA2803;;106.950.000;148.617.900;;;0.000000;NO;25584
U17;BGA2803;SOT-363_SC-70-6_BGA2803;;72.410.000;22.617.900;;;0.000000;NO;25584
U17;BGA2803;SOT-363_SC-70-6_BGA2803;;72.410.000;148.617.900;;;0.000000;NO;25584
U17;BGA2803;SOT-363_SC-70-6_BGA2803;;72.410.000;64.617.900;;;0.000000;NO;25584
U17;BGA2803;SOT-363_SC-70-6_BGA2803;;37.870.000;106.617.900;;;0.000000;NO;25584
U17;BGA2803;SOT-363_SC-70-6_BGA2803;;106.950.000;106.617.900;;;0.000000;NO;25584
U17;BGA2803;SOT-363_SC-70-6_BGA2803;;72.410.000;106.617.900;;;0.000000;NO;25584
U17;BGA2803;SOT-363_SC-70-6_BGA2803;;37.870.000;148.617.900;;;0.000000;NO;25584
U17;BGA2803;SOT-363_SC-70-6_BGA2803;;106.950.000;64.617.900;;;0.000000;NO;25584
U17;BGA2803;SOT-363_SC-70-6_BGA2803;;141.490.000;148.617.900;;;0.000000;NO;25584
U17;BGA2803;SOT-363_SC-70-6_BGA2803;;141.490.000;106.617.900;;;0.000000;NO;25584
U17;BGA2803;SOT-363_SC-70-6_BGA2803;;106.950.000;22.617.900;;;0.000000;NO;25584
U17;BGA2803;SOT-363_SC-70-6_BGA2803;;37.870.000;64.617.900;;;0.000000;NO;25584
U18;BGA2803;SOT-363_SC-70-6_BGA2803;;103.750.000;22.617.900;;;0.000000;NO;25584
U18;BGA2803;SOT-363_SC-70-6_BGA2803;;34.670.000;148.617.900;;;0.000000;NO;25584
U18;BGA2803;SOT-363_SC-70-6_BGA2803;;103.750.000;106.617.900;;;0.000000;NO;25584
U18;BGA2803;SOT-363_SC-70-6_BGA2803;;138.290.000;64.617.900;;;0.000000;NO;25584
U18;BGA2803;SOT-363_SC-70-6_BGA2803;;69.210.000;64.617.900;;;0.000000;NO;25584
U18;BGA2803;SOT-363_SC-70-6_BGA2803;;103.750.000;64.617.900;;;0.000000;NO;25584
U18;BGA2803;SOT-363_SC-70-6_BGA2803;;103.750.000;148.617.900;;;0.000000;NO;25584
U18;BGA2803;SOT-363_SC-70-6_BGA2803;;69.210.000;148.617.900;;;0.000000;NO;25584
U18;BGA2803;SOT-363_SC-70-6_BGA2803;;69.210.000;22.617.900;;;0.000000;NO;25584
U18;BGA2803;SOT-363_SC-70-6_BGA2803;;138.290.000;148.617.900;;;0.000000;NO;25584
U18;BGA2803;SOT-363_SC-70-6_BGA2803;;34.670.000;64.617.900;;;0.000000;NO;25584
U18;BGA2803;SOT-363_SC-70-6_BGA2803;;69.210.000;106.617.900;;;0.000000;NO;25584
U18;BGA2803;SOT-363_SC-70-6_BGA2803;;138.290.000;106.617.900;;;0.000000;NO;25584
U18;BGA2803;SOT-363_SC-70-6_BGA2803;;138.290.000;22.617.900;;;0.000000;NO;25584
U18;BGA2803;SOT-363_SC-70-6_BGA2803;;34.670.000;106.617.900;;;0.000000;NO;25584
U18;BGA2803;SOT-363_SC-70-6_BGA2803;;34.670.000;22.617.900;;;0.000000;NO;25584
U19;BGA2803;SOT-363_SC-70-6_BGA2803;;66.010.000;64.617.900;;;0.000000;NO;25584
U19;BGA2803;SOT-363_SC-70-6_BGA2803;;100.550.000;148.617.900;;;0.000000;NO;25584
U19;BGA2803;SOT-363_SC-70-6_BGA2803;;100.550.000;22.617.900;;;0.000000;NO;25584
U19;BGA2803;SOT-363_SC-70-6_BGA2803;;31.470.000;106.617.900;;;0.000000;NO;25584
U19;BGA2803;SOT-363_SC-70-6_BGA2803;;100.550.000;64.617.900;;;0.000000;NO;25584
U19;BGA2803;SOT-363_SC-70-6_BGA2803;;135.090.000;64.617.900;;;0.000000;NO;25584
U19;BGA2803;SOT-363_SC-70-6_BGA2803;;66.010.000;106.617.900;;;0.000000;NO;25584
U19;BGA2803;SOT-363_SC-70-6_BGA2803;;135.090.000;22.617.900;;;0.000000;NO;25584
U19;BGA2803;SOT-363_SC-70-6_BGA2803;;31.470.000;148.617.900;;;0.000000;NO;25584
U19;BGA2803;SOT-363_SC-70-6_BGA2803;;31.470.000;64.617.900;;;0.000000;NO;25584
U19;BGA2803;SOT-363_SC-70-6_BGA2803;;100.550.000;106.617.900;;;0.000000;NO;25584
U19;BGA2803;SOT-363_SC-70-6_BGA2803;;66.010.000;148.617.900;;;0.000000;NO;25584
U19;BGA2803;SOT-363_SC-70-6_BGA2803;;66.010.000;22.617.900;;;0.000000;NO;25584
U19;BGA2803;SOT-363_SC-70-6_BGA2803;;135.090.000;148.617.900;;;0.000000;NO;25584
U19;BGA2803;SOT-363_SC-70-6_BGA2803;;31.470.000;22.617.900;;;0.000000;NO;25584
U19;BGA2803;SOT-363_SC-70-6_BGA2803;;135.090.000;106.617.900;;;0.000000;NO;25584
U20;BGA2803;SOT-363_SC-70-6_BGA2803;;97.350.000;60.387.900;;;0.000000;NO;25584
U20;BGA2803;SOT-363_SC-70-6_BGA2803;;28.270.000;60.387.900;;;0.000000;NO;25584
U20;BGA2803;SOT-363_SC-70-6_BGA2803;;62.810.000;102.387.900;;;0.000000;NO;25584
U20;BGA2803;SOT-363_SC-70-6_BGA2803;;28.270.000;102.387.900;;;0.000000;NO;25584
U20;BGA2803;SOT-363_SC-70-6_BGA2803;;28.270.000;18.387.900;;;0.000000;NO;25584
U20;BGA2803;SOT-363_SC-70-6_BGA2803;;97.350.000;102.387.900;;;0.000000;NO;25584
U20;BGA2803;SOT-363_SC-70-6_BGA2803;;131.890.000;18.387.900;;;0.000000;NO;25584
U20;BGA2803;SOT-363_SC-70-6_BGA2803;;62.810.000;144.387.900;;;0.000000;NO;25584
U20;BGA2803;SOT-363_SC-70-6_BGA2803;;97.350.000;144.387.900;;;0.000000;NO;25584
U20;BGA2803;SOT-363_SC-70-6_BGA2803;;131.890.000;60.387.900;;;0.000000;NO;25584
U20;BGA2803;SOT-363_SC-70-6_BGA2803;;131.890.000;102.387.900;;;0.000000;NO;25584
U20;BGA2803;SOT-363_SC-70-6_BGA2803;;97.350.000;18.387.900;;;0.000000;NO;25584
U20;BGA2803;SOT-363_SC-70-6_BGA2803;;131.890.000;144.387.900;;;0.000000;NO;25584
U20;BGA2803;SOT-363_SC-70-6_BGA2803;;62.810.000;18.387.900;;;0.000000;NO;25584
U20;BGA2803;SOT-363_SC-70-6_BGA2803;;28.270.000;144.387.900;;;0.000000;NO;25584
U20;BGA2803;SOT-363_SC-70-6_BGA2803;;62.810.000;60.387.900;;;0.000000;NO;25584
U21;BGA2803;SOT-363_SC-70-6_BGA2803;;53.210.000;148.617.900;;;0.000000;NO;25584
U21;BGA2803;SOT-363_SC-70-6_BGA2803;;87.750.000;64.617.900;;;0.000000;NO;25584
U21;BGA2803;SOT-363_SC-70-6_BGA2803;;122.290.000;22.617.900;;;0.000000;NO;25584
U21;BGA2803;SOT-363_SC-70-6_BGA2803;;122.290.000;148.617.900;;;0.000000;NO;25584
U21;BGA2803;SOT-363_SC-70-6_BGA2803;;18.670.000;148.617.900;;;0.000000;NO;25584
U21;BGA2803;SOT-363_SC-70-6_BGA2803;;87.750.000;106.617.900;;;0.000000;NO;25584
U21;BGA2803;SOT-363_SC-70-6_BGA2803;;122.290.000;106.617.900;;;0.000000;NO;25584
U21;BGA2803;SOT-363_SC-70-6_BGA2803;;18.670.000;22.617.900;;;0.000000;NO;25584
U21;BGA2803;SOT-363_SC-70-6_BGA2803;;87.750.000;22.617.900;;;0.000000;NO;25584
U21;BGA2803;SOT-363_SC-70-6_BGA2803;;53.210.000;64.617.900;;;0.000000;NO;25584
U21;BGA2803;SOT-363_SC-70-6_BGA2803;;18.670.000;106.617.900;;;0.000000;NO;25584
U21;BGA2803;SOT-363_SC-70-6_BGA2803;;122.290.000;64.617.900;;;0.000000;NO;25584
U21;BGA2803;SOT-363_SC-70-6_BGA2803;;87.750.000;148.617.900;;;0.000000;NO;25584
U21;BGA2803;SOT-363_SC-70-6_BGA2803;;53.210.000;106.617.900;;;0.000000;NO;25584
U21;BGA2803;SOT-363_SC-70-6_BGA2803;;18.670.000;64.617.900;;;0.000000;NO;25584
U21;BGA2803;SOT-363_SC-70-6_BGA2803;;53.210.000;22.617.900;;;0.000000;NO;25584
U22;BGA2803;SOT-363_SC-70-6_BGA2803;;110.150.000;22.617.900;;;0.000000;NO;25584
U22;BGA2803;SOT-363_SC-70-6_BGA2803;;41.070.000;106.617.900;;;0.000000;NO;25584
U22;BGA2803;SOT-363_SC-70-6_BGA2803;;144.690.000;106.617.900;;;0.000000;NO;25584
U22;BGA2803;SOT-363_SC-70-6_BGA2803;;41.070.000;64.617.900;;;0.000000;NO;25584
U22;BGA2803;SOT-363_SC-70-6_BGA2803;;75.610.000;148.617.900;;;0.000000;NO;25584
U22;BGA2803;SOT-363_SC-70-6_BGA2803;;144.690.000;148.617.900;;;0.000000;NO;25584
U22;BGA2803;SOT-363_SC-70-6_BGA2803;;144.690.000;64.617.900;;;0.000000;NO;25584
U22;BGA2803;SOT-363_SC-70-6_BGA2803;;110.150.000;106.617.900;;;0.000000;NO;25584
U22;BGA2803;SOT-363_SC-70-6_BGA2803;;75.610.000;22.617.900;;;0.000000;NO;25584
U22;BGA2803;SOT-363_SC-70-6_BGA2803;;41.070.000;22.617.900;;;0.000000;NO;25584
U22;BGA2803;SOT-363_SC-70-6_BGA2803;;110.150.000;64.617.900;;;0.000000;NO;25584
U22;BGA2803;SOT-363_SC-70-6_BGA2803;;110.150.000;148.617.900;;;0.000000;NO;25584
U22;BGA2803;SOT-363_SC-70-6_BGA2803;;75.610.000;64.617.900;;;0.000000;NO;25584
U22;BGA2803;SOT-363_SC-70-6_BGA2803;;41.070.000;148.617.900;;;0.000000;NO;25584
U22;BGA2803;SOT-363_SC-70-6_BGA2803;;144.690.000;22.617.900;;;0.000000;NO;25584
U22;BGA2803;SOT-363_SC-70-6_BGA2803;;75.610.000;106.617.900;;;0.000000;NO;25584
U23;BGA2803;SOT-363_SC-70-6_BGA2803;;21.870.000;64.617.900;;;0.000000;NO;25584
U23;BGA2803;SOT-363_SC-70-6_BGA2803;;90.950.000;148.617.900;;;0.000000;NO;25584
U23;BGA2803;SOT-363_SC-70-6_BGA2803;;21.870.000;106.617.900;;;0.000000;NO;25584
U23;BGA2803;SOT-363_SC-70-6_BGA2803;;125.490.000;64.617.900;;;0.000000;NO;25584
U23;BGA2803;SOT-363_SC-70-6_BGA2803;;90.950.000;22.617.900;;;0.000000;NO;25584
U23;BGA2803;SOT-363_SC-70-6_BGA2803;;90.950.000;106.617.900;;;0.000000;NO;25584
U23;BGA2803;SOT-363_SC-70-6_BGA2803;;56.410.000;22.617.900;;;0.000000;NO;25584
U23;BGA2803;SOT-363_SC-70-6_BGA2803;;125.490.000;106.617.900;;;0.000000;NO;25584
U23;BGA2803;SOT-363_SC-70-6_BGA2803;;90.950.000;64.617.900;;;0.000000;NO;25584
U23;BGA2803;SOT-363_SC-70-6_BGA2803;;21.870.000;22.617.900;;;0.000000;NO;25584
U23;BGA2803;SOT-363_SC-70-6_BGA2803;;125.490.000;22.617.900;;;0.000000;NO;25584
U23;BGA2803;SOT-363_SC-70-6_BGA2803;;56.410.000;106.617.900;;;0.000000;NO;25584
U23;BGA2803;SOT-363_SC-70-6_BGA2803;;56.410.000;64.617.900;;;0.000000;NO;25584
U23;BGA2803;SOT-363_SC-70-6_BGA2803;;21.870.000;148.617.900;;;0.000000;NO;25584
U23;BGA2803;SOT-363_SC-70-6_BGA2803;;125.490.000;148.617.900;;;0.000000;NO;25584
U23;BGA2803;SOT-363_SC-70-6_BGA2803;;56.410.000;148.617.900;;;0.000000;NO;25584
U24;BGA2803;SOT-363_SC-70-6_BGA2803;;25.070.000;60.387.900;;;0.000000;NO;25584
U24;BGA2803;SOT-363_SC-70-6_BGA2803;;94.150.000;102.387.900;;;0.000000;NO;25584
U24;BGA2803;SOT-363_SC-70-6_BGA2803;;128.690.000;144.387.900;;;0.000000;NO;25584
U24;BGA2803;SOT-363_SC-70-6_BGA2803;;128.690.000;102.387.900;;;0.000000;NO;25584
U24;BGA2803;SOT-363_SC-70-6_BGA2803;;59.610.000;60.387.900;;;0.000000;NO;25584
U24;BGA2803;SOT-363_SC-70-6_BGA2803;;59.610.000;144.387.900;;;0.000000;NO;25584
U24;BGA2803;SOT-363_SC-70-6_BGA2803;;128.690.000;18.387.900;;;0.000000;NO;25584
U24;BGA2803;SOT-363_SC-70-6_BGA2803;;128.690.000;60.387.900;;;0.000000;NO;25584
U24;BGA2803;SOT-363_SC-70-6_BGA2803;;94.150.000;18.387.900;;;0.000000;NO;25584
U24;BGA2803;SOT-363_SC-70-6_BGA2803;;94.150.000;144.387.900;;;0.000000;NO;25584
U24;BGA2803;SOT-363_SC-70-6_BGA2803;;59.610.000;18.387.900;;;0.000000;NO;25584
U24;BGA2803;SOT-363_SC-70-6_BGA2803;;25.070.000;18.387.900;;;0.000000;NO;25584
U24;BGA2803;SOT-363_SC-70-6_BGA2803;;25.070.000;102.387.900;;;0.000000;NO;25584
U24;BGA2803;SOT-363_SC-70-6_BGA2803;;59.610.000;102.387.900;;;0.000000;NO;25584
U24;BGA2803;SOT-363_SC-70-6_BGA2803;;25.070.000;144.387.900;;;0.000000;NO;25584
U24;BGA2803;SOT-363_SC-70-6_BGA2803;;94.150.000;60.387.900;;;0.000000;NO;25584
U25;BGA2803;SOT-363_SC-70-6_BGA2803;;90.950.000;60.387.900;;;0.000000;NO;25584
U25;BGA2803;SOT-363_SC-70-6_BGA2803;;21.870.000;60.387.900;;;0.000000;NO;25584
U25;BGA2803;SOT-363_SC-70-6_BGA2803;;125.490.000;102.387.900;;;0.000000;NO;25584
U25;BGA2803;SOT-363_SC-70-6_BGA2803;;21.870.000;144.387.900;;;0.000000;NO;25584
U25;BGA2803;SOT-363_SC-70-6_BGA2803;;56.410.000;102.387.900;;;0.000000;NO;25584
U25;BGA2803;SOT-363_SC-70-6_BGA2803;;90.950.000;102.387.900;;;0.000000;NO;25584
U25;BGA2803;SOT-363_SC-70-6_BGA2803;;21.870.000;102.387.900;;;0.000000;NO;25584
U25;BGA2803;SOT-363_SC-70-6_BGA2803;;21.870.000;18.387.900;;;0.000000;NO;25584
U25;BGA2803;SOT-363_SC-70-6_BGA2803;;90.950.000;18.387.900;;;0.000000;NO;25584
U25;BGA2803;SOT-363_SC-70-6_BGA2803;;125.490.000;60.387.900;;;0.000000;NO;25584
U25;BGA2803;SOT-363_SC-70-6_BGA2803;;125.490.000;18.387.900;;;0.000000;NO;25584
U25;BGA2803;SOT-363_SC-70-6_BGA2803;;90.950.000;144.387.900;;;0.000000;NO;25584
U25;BGA2803;SOT-363_SC-70-6_BGA2803;;56.410.000;60.387.900;;;0.000000;NO;25584
U25;BGA2803;SOT-363_SC-70-6_BGA2803;;125.490.000;144.387.900;;;0.000000;NO;25584
U25;BGA2803;SOT-363_SC-70-6_BGA2803;;56.410.000;144.387.900;;;0.000000;NO;25584
U25;BGA2803;SOT-363_SC-70-6_BGA2803;;56.410.000;18.387.900;;;0.000000;NO;25584
U26;BGA2803;SOT-363_SC-70-6_BGA2803;;66.010.000;18.387.900;;;0.000000;NO;25584
U26;BGA2803;SOT-363_SC-70-6_BGA2803;;135.090.000;18.387.900;;;0.000000;NO;25584
U26;BGA2803;SOT-363_SC-70-6_BGA2803;;100.550.000;18.387.900;;;0.000000;NO;25584
U26;BGA2803;SOT-363_SC-70-6_BGA2803;;66.010.000;144.387.900;;;0.000000;NO;25584
U26;BGA2803;SOT-363_SC-70-6_BGA2803;;31.470.000;60.387.900;;;0.000000;NO;25584
U26;BGA2803;SOT-363_SC-70-6_BGA2803;;100.550.000;60.387.900;;;0.000000;NO;25584
U26;BGA2803;SOT-363_SC-70-6_BGA2803;;135.090.000;102.387.900;;;0.000000;NO;25584
U26;BGA2803;SOT-363_SC-70-6_BGA2803;;135.090.000;144.387.900;;;0.000000;NO;25584
U26;BGA2803;SOT-363_SC-70-6_BGA2803;;66.010.000;102.387.900;;;0.000000;NO;25584
U26;BGA2803;SOT-363_SC-70-6_BGA2803;;31.470.000;18.387.900;;;0.000000;NO;25584
U26;BGA2803;SOT-363_SC-70-6_BGA2803;;100.550.000;144.387.900;;;0.000000;NO;25584
U26;BGA2803;SOT-363_SC-70-6_BGA2803;;31.470.000;102.387.900;;;0.000000;NO;25584
U26;BGA2803;SOT-363_SC-70-6_BGA2803;;66.010.000;60.387.900;;;0.000000;NO;25584
U26;BGA2803;SOT-363_SC-70-6_BGA2803;;135.090.000;60.387.900;;;0.000000;NO;25584
U26;BGA2803;SOT-363_SC-70-6_BGA2803;;31.470.000;144.387.900;;;0.000000;NO;25584
U26;BGA2803;SOT-363_SC-70-6_BGA2803;;100.550.000;102.387.900;;;0.000000;NO;25584
U27;BGA2803;SOT-363_SC-70-6_BGA2803;;128.690.000;148.617.900;;;0.000000;NO;25584
U27;BGA2803;SOT-363_SC-70-6_BGA2803;;25.070.000;148.617.900;;;0.000000;NO;25584
U27;BGA2803;SOT-363_SC-70-6_BGA2803;;59.610.000;22.617.900;;;0.000000;NO;25584
U27;BGA2803;SOT-363_SC-70-6_BGA2803;;59.610.000;64.617.900;;;0.000000;NO;25584
U27;BGA2803;SOT-363_SC-70-6_BGA2803;;128.690.000;64.617.900;;;0.000000;NO;25584
U27;BGA2803;SOT-363_SC-70-6_BGA2803;;94.150.000;106.617.900;;;0.000000;NO;25584
U27;BGA2803;SOT-363_SC-70-6_BGA2803;;59.610.000;148.617.900;;;0.000000;NO;25584
U27;BGA2803;SOT-363_SC-70-6_BGA2803;;128.690.000;22.617.900;;;0.000000;NO;25584
U27;BGA2803;SOT-363_SC-70-6_BGA2803;;25.070.000;22.617.900;;;0.000000;NO;25584
U27;BGA2803;SOT-363_SC-70-6_BGA2803;;94.150.000;148.617.900;;;0.000000;NO;25584
U27;BGA2803;SOT-363_SC-70-6_BGA2803;;94.150.000;64.617.900;;;0.000000;NO;25584
U27;BGA2803;SOT-363_SC-70-6_BGA2803;;25.070.000;64.617.900;;;0.000000;NO;25584
U27;BGA2803;SOT-363_SC-70-6_BGA2803;;25.070.000;106.617.900;;;0.000000;NO;25584
U27;BGA2803;SOT-363_SC-70-6_BGA2803;;59.610.000;106.617.900;;;0.000000;NO;25584
U27;BGA2803;SOT-363_SC-70-6_BGA2803;;94.150.000;22.617.900;;;0.000000;NO;25584
U27;BGA2803;SOT-363_SC-70-6_BGA2803;;128.690.000;106.617.900;;;0.000000;NO;25584
U28;BGA2803;SOT-363_SC-70-6_BGA2803;;103.750.000;102.387.900;;;0.000000;NO;25584
U28;BGA2803;SOT-363_SC-70-6_BGA2803;;69.210.000;144.387.900;;;0.000000;NO;25584
U28;BGA2803;SOT-363_SC-70-6_BGA2803;;69.210.000;60.387.900;;;0.000000;NO;25584
U28;BGA2803;SOT-363_SC-70-6_BGA2803;;34.670.000;144.387.900;;;0.000000;NO;25584
U28;BGA2803;SOT-363_SC-70-6_BGA2803;;34.670.000;18.387.900;;;0.000000;NO;25584
U28;BGA2803;SOT-363_SC-70-6_BGA2803;;103.750.000;18.387.900;;;0.000000;NO;25584
U28;BGA2803;SOT-363_SC-70-6_BGA2803;;103.750.000;60.387.900;;;0.000000;NO;25584
U28;BGA2803;SOT-363_SC-70-6_BGA2803;;103.750.000;144.387.900;;;0.000000;NO;25584
U28;BGA2803;SOT-363_SC-70-6_BGA2803;;138.290.000;18.387.900;;;0.000000;NO;25584
U28;BGA2803;SOT-363_SC-70-6_BGA2803;;138.290.000;102.387.900;;;0.000000;NO;25584
U28;BGA2803;SOT-363_SC-70-6_BGA2803;;138.290.000;60.387.900;;;0.000000;NO;25584
U28;BGA2803;SOT-363_SC-70-6_BGA2803;;69.210.000;18.387.900;;;0.000000;NO;25584
U28;BGA2803;SOT-363_SC-70-6_BGA2803;;69.210.000;102.387.900;;;0.000000;NO;25584
U28;BGA2803;SOT-363_SC-70-6_BGA2803;;138.290.000;144.387.900;;;0.000000;NO;25584
U28;BGA2803;SOT-363_SC-70-6_BGA2803;;34.670.000;60.387.900;;;0.000000;NO;25584
U28;BGA2803;SOT-363_SC-70-6_BGA2803;;34.670.000;102.387.900;;;0.000000;NO;25584
U29;BGA2803;SOT-363_SC-70-6_BGA2803;;50.010.000;148.617.900;;;0.000000;NO;25584
U29;BGA2803;SOT-363_SC-70-6_BGA2803;;119.090.000;22.617.900;;;0.000000;NO;25584
U29;BGA2803;SOT-363_SC-70-6_BGA2803;;119.090.000;148.617.900;;;0.000000;NO;25584
U29;BGA2803;SOT-363_SC-70-6_BGA2803;;15.470.000;148.617.900;;;0.000000;NO;25584
U29;BGA2803;SOT-363_SC-70-6_BGA2803;;84.550.000;148.617.900;;;0.000000;NO;25584
U29;BGA2803;SOT-363_SC-70-6_BGA2803;;119.090.000;64.617.900;;;0.000000;NO;25584
U29;BGA2803;SOT-363_SC-70-6_BGA2803;;84.550.000;106.617.900;;;0.000000;NO;25584
U29;BGA2803;SOT-363_SC-70-6_BGA2803;;15.470.000;22.617.900;;;0.000000;NO;25584
U29;BGA2803;SOT-363_SC-70-6_BGA2803;;50.010.000;106.617.900;;;0.000000;NO;25584
U29;BGA2803;SOT-363_SC-70-6_BGA2803;;50.010.000;64.617.900;;;0.000000;NO;25584
U29;BGA2803;SOT-363_SC-70-6_BGA2803;;50.010.000;22.617.900;;;0.000000;NO;25584
U29;BGA2803;SOT-363_SC-70-6_BGA2803;;84.550.000;64.617.900;;;0.000000;NO;25584
U29;BGA2803;SOT-363_SC-70-6_BGA2803;;84.550.000;22.617.900;;;0.000000;NO;25584
U29;BGA2803;SOT-363_SC-70-6_BGA2803;;119.090.000;106.617.900;;;0.000000;NO;25584
U29;BGA2803;SOT-363_SC-70-6_BGA2803;;15.470.000;106.617.900;;;0.000000;NO;25584
U29;BGA2803;SOT-363_SC-70-6_BGA2803;;15.470.000;64.617.900;;;0.000000;NO;25584
U30;BGA2803;SOT-363_SC-70-6_BGA2803;;97.350.000;22.617.900;;;0.000000;NO;25584
U30;BGA2803;SOT-363_SC-70-6_BGA2803;;131.890.000;64.617.900;;;0.000000;NO;25584
U30;BGA2803;SOT-363_SC-70-6_BGA2803;;62.810.000;106.617.900;;;0.000000;NO;25584
U30;BGA2803;SOT-363_SC-70-6_BGA2803;;62.810.000;148.617.900;;;0.000000;NO;25584
U30;BGA2803;SOT-363_SC-70-6_BGA2803;;28.270.000;106.617.900;;;0.000000;NO;25584
U30;BGA2803;SOT-363_SC-70-6_BGA2803;;28.270.000;148.617.900;;;0.000000;NO;25584
U30;BGA2803;SOT-363_SC-70-6_BGA2803;;131.890.000;22.617.900;;;0.000000;NO;25584
U30;BGA2803;SOT-363_SC-70-6_BGA2803;;131.890.000;106.617.900;;;0.000000;NO;25584
U30;BGA2803;SOT-363_SC-70-6_BGA2803;;97.350.000;64.617.900;;;0.000000;NO;25584
U30;BGA2803;SOT-363_SC-70-6_BGA2803;;97.350.000;148.617.900;;;0.000000;NO;25584
U30;BGA2803;SOT-363_SC-70-6_BGA2803;;62.810.000;64.617.900;;;0.000000;NO;25584
U30;BGA2803;SOT-363_SC-70-6_BGA2803;;131.890.000;148.617.900;;;0.000000;NO;25584
U30;BGA2803;SOT-363_SC-70-6_BGA2803;;97.350.000;106.617.900;;;0.000000;NO;25584
U30;BGA2803;SOT-363_SC-70-6_BGA2803;;28.270.000;22.617.900;;;0.000000;NO;25584
U30;BGA2803;SOT-363_SC-70-6_BGA2803;;62.810.000;22.617.900;;;0.000000;NO;25584
U30;BGA2803;SOT-363_SC-70-6_BGA2803;;28.270.000;64.617.900;;;0.000000;NO;25584
U201;BGA2803;SOT-363_SC-70-6_BGA2803;;119.090.000;117.677.900;;;180.000.000;NO;25584
U201;BGA2803;SOT-363_SC-70-6_BGA2803;;84.550.000;159.677.900;;;180.000.000;NO;25584
U201;BGA2803;SOT-363_SC-70-6_BGA2803;;84.550.000;117.677.900;;;180.000.000;NO;25584
U201;BGA2803;SOT-363_SC-70-6_BGA2803;;50.010.000;159.677.900;;;180.000.000;NO;25584
U201;BGA2803;SOT-363_SC-70-6_BGA2803;;119.090.000;75.677.900;;;180.000.000;NO;25584
U201;BGA2803;SOT-363_SC-70-6_BGA2803;;15.470.000;117.677.900;;;180.000.000;NO;25584
U201;BGA2803;SOT-363_SC-70-6_BGA2803;;119.090.000;33.677.900;;;180.000.000;NO;25584
U201;BGA2803;SOT-363_SC-70-6_BGA2803;;84.550.000;33.677.900;;;180.000.000;NO;25584
U201;BGA2803;SOT-363_SC-70-6_BGA2803;;119.090.000;159.677.900;;;180.000.000;NO;25584
U201;BGA2803;SOT-363_SC-70-6_BGA2803;;50.010.000;75.677.900;;;180.000.000;NO;25584
U201;BGA2803;SOT-363_SC-70-6_BGA2803;;15.470.000;33.677.900;;;180.000.000;NO;25584
U201;BGA2803;SOT-363_SC-70-6_BGA2803;;50.010.000;33.677.900;;;180.000.000;NO;25584
U201;BGA2803;SOT-363_SC-70-6_BGA2803;;84.550.000;75.677.900;;;180.000.000;NO;25584
U201;BGA2803;SOT-363_SC-70-6_BGA2803;;15.470.000;159.677.900;;;180.000.000;NO;25584
U201;BGA2803;SOT-363_SC-70-6_BGA2803;;15.470.000;75.677.900;;;180.000.000;NO;25584
U201;BGA2803;SOT-363_SC-70-6_BGA2803;;50.010.000;117.677.900;;;180.000.000;NO;25584